farmer_id,district,lat,lon,crop_type,date,field_area_ha
AMR_0001,Amritsar,31.710708,74.855186,rice,2023-11-03,4.34
AMR_0002,Amritsar,31.52037,75.005474,rice,2023-11-23,4.69
AMR_0003,Amritsar,31.714098,74.768172,rice,2023-11-22,2.54
AMR_0004,Amritsar,31.753494,74.912582,rice,2023-11-04,5.03
AMR_0005,Amritsar,31.618156,74.795927,rice,2023-10-19,0.85
AMR_0006,Amritsar,31.725737,74.909166,rice,2023-11-09,4.67
AMR_0007,Amritsar,31.593267,75.004095,rice,2023-11-04,4.78
AMR_0008,Amritsar,31.548499,74.862982,rice,2023-11-25,0.74
AMR_0009,Amritsar,31.537201,74.923554,rice,2023-11-26,5.82
AMR_0010,Amritsar,31.585231,74.836029,rice,2023-11-18,3.08
AMR_0011,Amritsar,31.547052,74.768678,rice,2023-11-15,1.75
AMR_0012,Amritsar,31.681548,74.854703,rice,2023-11-05,5.08
AMR_0013,Amritsar,31.690074,74.819763,rice,2023-11-19,4.93
AMR_0014,Amritsar,31.602494,74.813032,rice,2023-11-22,4.25
AMR_0015,Amritsar,31.533131,74.788274,rice,2023-11-21,4.83
AMR_0016,Amritsar,31.680158,74.929746,rice,2023-10-15,4.79
AMR_0017,Amritsar,31.622496,74.891548,rice,2023-10-16,1.13
AMR_0018,Amritsar,31.681153,74.864207,rice,2023-10-21,3.61
AMR_0019,Amritsar,31.7082,74.910021,rice,2023-11-10,3.58
AMR_0020,Amritsar,31.579106,74.740929,rice,2023-11-09,2.9
AMR_0021,Amritsar,31.554084,74.846688,rice,2023-11-29,1.79
AMR_0022,Amritsar,31.510325,74.811087,rice,2023-11-23,2.11
AMR_0023,Amritsar,31.679337,74.888269,rice,2023-11-07,4.15
AMR_0024,Amritsar,31.607788,74.960226,rice,2023-11-20,1.42
AMR_0025,Amritsar,31.500359,74.757513,rice,2023-11-19,3.04
AMR_0026,Amritsar,31.539156,74.872593,rice,2023-11-17,1.34
AMR_0027,Amritsar,31.68897,74.857224,rice,2023-10-22,2.16
AMR_0028,Amritsar,31.670479,74.833608,rice,2023-11-01,0.98
AMR_0029,Amritsar,31.527042,75.001631,rice,2023-10-31,4.35
AMR_0030,Amritsar,31.568444,75.003669,rice,2023-11-25,4.78
AMR_0031,Amritsar,31.694729,74.858121,rice,2023-11-17,1.03
AMR_0032,Amritsar,31.746729,74.859917,rice,2023-10-27,1.61
AMR_0033,Amritsar,31.579668,74.894481,rice,2023-11-09,5.21
AMR_0034,Amritsar,31.706385,74.93375,rice,2023-10-23,2.88
AMR_0035,Amritsar,31.669646,74.895847,rice,2023-10-19,0.96
AMR_0036,Amritsar,31.610426,74.743952,rice,2023-11-13,3.22
AMR_0037,Amritsar,31.586361,74.772767,rice,2023-11-15,3.73
AMR_0038,Amritsar,31.541766,74.991334,rice,2023-10-19,3.7
AMR_0039,Amritsar,31.591124,74.897756,rice,2023-10-28,5.77
AMR_0040,Amritsar,31.629045,74.951466,rice,2023-10-16,0.96
AMR_0041,Amritsar,31.630264,74.869698,rice,2023-11-04,3.64
AMR_0042,Amritsar,31.626577,74.807053,rice,2023-11-27,2.32
AMR_0043,Amritsar,31.639788,74.855195,rice,2023-10-28,5.04
AMR_0044,Amritsar,31.744925,74.77157,rice,2023-10-15,3.55
AMR_0045,Amritsar,31.524401,74.920527,rice,2023-10-20,4.13
AMR_0046,Amritsar,31.697558,74.947521,rice,2023-10-27,1.09
AMR_0047,Amritsar,31.750483,74.79676,rice,2023-10-25,3.55
AMR_0048,Amritsar,31.597858,74.964641,rice,2023-10-16,4.95
AMR_0049,Amritsar,31.582799,74.999112,rice,2023-11-13,3.33
AMR_0050,Amritsar,31.56567,74.994392,rice,2023-10-28,1.41
AMR_0051,Amritsar,31.506575,74.854127,rice,2023-11-28,5.4
AMR_0052,Amritsar,31.70361,74.981722,rice,2023-11-29,5.41
AMR_0053,Amritsar,31.63928,74.82076,rice,2023-10-16,4.14
AMR_0054,Amritsar,31.598624,74.758751,rice,2023-11-19,4.61
AMR_0055,Amritsar,31.567489,74.994608,rice,2023-11-27,1.18
AMR_0056,Amritsar,31.726712,74.77522,rice,2023-10-26,1.49
AMR_0057,Amritsar,31.661827,74.977177,rice,2023-10-17,2.21
AMR_0058,Amritsar,31.711673,75.004411,rice,2023-10-24,3.25
AMR_0059,Amritsar,31.534291,74.736202,rice,2023-10-23,1.23
AMR_0060,Amritsar,31.683744,74.766413,rice,2023-10-25,3.28
AMR_0061,Amritsar,31.688393,74.895013,rice,2023-11-03,4.92
AMR_0062,Amritsar,31.694314,74.939216,rice,2023-10-24,1.22
AMR_0063,Amritsar,31.528651,74.992018,rice,2023-10-18,2.16
AMR_0064,Amritsar,31.630804,74.917902,rice,2023-11-02,5.76
AMR_0065,Amritsar,31.574205,74.991246,rice,2023-11-06,3.55
AMR_0066,Amritsar,31.671513,74.761951,rice,2023-10-16,1.27
AMR_0067,Amritsar,31.611352,75.002845,rice,2023-10-22,5.63
AMR_0068,Amritsar,31.719221,74.863167,rice,2023-11-11,4.82
AMR_0069,Amritsar,31.498994,74.76286,rice,2023-10-28,4.88
AMR_0070,Amritsar,31.559139,74.880915,rice,2023-11-22,3.83
AMR_0071,Amritsar,31.736967,74.90117,rice,2023-10-28,2.56
AMR_0072,Amritsar,31.613247,74.914841,rice,2023-11-02,5.27
AMR_0073,Amritsar,31.621091,74.801695,rice,2023-10-27,4.6
AMR_0074,Amritsar,31.722639,74.761778,rice,2023-10-25,0.87
AMR_0075,Amritsar,31.660441,74.773229,rice,2023-10-23,2.21
AMR_0076,Amritsar,31.534284,74.990172,rice,2023-11-21,1.41
AMR_0077,Amritsar,31.573722,74.775312,rice,2023-11-04,0.62
AMR_0078,Amritsar,31.509511,74.7812,rice,2023-10-20,0.79
AMR_0079,Amritsar,31.65952,74.9229,rice,2023-11-20,2.25
AMR_0080,Amritsar,31.635267,74.977301,rice,2023-11-02,5.18
AMR_0081,Amritsar,31.506173,74.78312,rice,2023-11-24,1.87
AMR_0082,Amritsar,31.653945,74.848853,rice,2023-10-25,0.77
AMR_0083,Amritsar,31.598612,74.878951,rice,2023-11-25,5.08
AMR_0084,Amritsar,31.508549,74.991256,rice,2023-10-19,1.05
AMR_0085,Amritsar,31.730201,74.985043,rice,2023-10-26,4.91
AMR_0086,Amritsar,31.712254,74.912195,rice,2023-11-29,4.78
AMR_0087,Amritsar,31.531675,74.882399,rice,2023-10-29,5.22
AMR_0088,Amritsar,31.623584,74.840125,rice,2023-11-07,4.02
AMR_0089,Amritsar,31.56861,74.771435,rice,2023-11-03,2.79
AMR_0090,Amritsar,31.55912,74.835203,rice,2023-11-05,2.52
AMR_0091,Amritsar,31.585699,74.83855,rice,2023-10-23,2.13
AMR_0092,Amritsar,31.75968,74.988877,rice,2023-11-15,3.15
AMR_0093,Amritsar,31.585941,74.882222,rice,2023-11-28,4.09
AMR_0094,Amritsar,31.71923,74.881462,rice,2023-11-23,3.98
AMR_0095,Amritsar,31.574684,74.93807,rice,2023-10-16,4.32
AMR_0096,Amritsar,31.735001,74.769289,rice,2023-10-24,3.88
AMR_0097,Amritsar,31.520627,74.9355,rice,2023-11-10,5.65
AMR_0098,Amritsar,31.532474,75.000786,rice,2023-10-18,4.9
AMR_0099,Amritsar,31.660231,74.951435,rice,2023-11-29,5.7
AMR_0100,Amritsar,31.564947,74.897521,rice,2023-11-20,1.02
AMR_0101,Amritsar,31.666526,74.780262,rice,2023-10-20,3.65
AMR_0102,Amritsar,31.624476,74.878637,rice,2023-11-09,4.7
AMR_0103,Amritsar,31.717789,74.870103,rice,2023-10-25,5.62
AMR_0104,Amritsar,31.527525,74.765089,rice,2023-11-11,0.98
AMR_0105,Amritsar,31.678202,74.84951,rice,2023-11-26,4.19
AMR_0106,Amritsar,31.587419,74.983843,rice,2023-11-19,4.69
AMR_0107,Amritsar,31.56975,74.834274,rice,2023-11-08,1.37
AMR_0108,Amritsar,31.535379,74.994416,rice,2023-10-29,2.91
AMR_0109,Amritsar,31.60133,74.936612,rice,2023-10-23,5.65
AMR_0110,Amritsar,31.712484,74.866523,rice,2023-11-09,2.57
AMR_0111,Amritsar,31.770257,74.933273,rice,2023-11-22,1.15
AMR_0112,Amritsar,31.732149,74.910681,rice,2023-11-27,1.17
AMR_0113,Amritsar,31.658712,74.924407,rice,2023-11-09,3.0
AMR_0114,Amritsar,31.725112,74.815001,rice,2023-10-15,3.02
AMR_0115,Amritsar,31.617848,74.81684,rice,2023-11-07,4.8
AMR_0116,Amritsar,31.524965,75.01147,rice,2023-11-26,5.34
AMR_0117,Amritsar,31.573494,74.966631,rice,2023-10-16,6.0
AMR_0118,Amritsar,31.680392,74.914335,rice,2023-10-19,1.0
AMR_0119,Amritsar,31.745169,74.74042,rice,2023-10-26,1.29
AMR_0120,Amritsar,31.711495,74.787797,rice,2023-10-26,5.51
AMR_0121,Amritsar,31.677755,74.742426,rice,2023-10-15,0.78
AMR_0122,Amritsar,31.663659,74.956715,rice,2023-10-15,1.81
AMR_0123,Amritsar,31.731834,74.748325,rice,2023-11-14,5.6
AMR_0124,Amritsar,31.71019,74.927774,rice,2023-11-20,5.11
AMR_0125,Amritsar,31.505242,74.788799,rice,2023-10-20,3.27
AMR_0126,Amritsar,31.702653,74.908703,rice,2023-10-20,5.18
AMR_0127,Amritsar,31.53746,74.937994,rice,2023-10-17,1.99
AMR_0128,Amritsar,31.692773,75.006757,rice,2023-10-23,3.86
AMR_0129,Amritsar,31.50926,74.904867,rice,2023-10-15,5.36
AMR_0130,Amritsar,31.692682,74.780776,rice,2023-10-16,1.0
AMR_0131,Amritsar,31.545389,75.006708,rice,2023-11-11,4.81
AMR_0132,Amritsar,31.672194,74.892576,rice,2023-11-05,1.3
AMR_0133,Amritsar,31.758887,74.816676,rice,2023-11-03,4.35
AMR_0134,Amritsar,31.675785,74.995666,rice,2023-11-10,1.32
AMR_0135,Amritsar,31.636339,74.84543,rice,2023-11-26,1.16
AMR_0136,Amritsar,31.531546,74.810161,rice,2023-11-05,2.18
AMR_0137,Amritsar,31.613813,74.903377,rice,2023-11-02,2.76
AMR_0138,Amritsar,31.608459,74.793236,rice,2023-11-13,3.74
AMR_0139,Amritsar,31.582771,74.742397,rice,2023-10-28,3.11
AMR_0140,Amritsar,31.557166,74.892588,rice,2023-11-03,3.61
AMR_0141,Amritsar,31.690561,74.913726,rice,2023-11-11,2.24
AMR_0142,Amritsar,31.714481,74.88606,rice,2023-11-14,2.87
AMR_0143,Amritsar,31.669283,74.833284,rice,2023-11-28,4.55
AMR_0144,Amritsar,31.742193,74.990196,rice,2023-11-07,3.27
AMR_0145,Amritsar,31.639677,74.956264,rice,2023-10-26,5.11
AMR_0146,Amritsar,31.63236,74.76474,rice,2023-10-29,0.9
AMR_0147,Amritsar,31.729758,74.747859,rice,2023-10-18,2.34
AMR_0148,Amritsar,31.542438,74.82019,rice,2023-10-27,4.58
AMR_0149,Amritsar,31.498111,74.963909,rice,2023-11-16,2.55
AMR_0150,Amritsar,31.537012,74.900535,rice,2023-11-23,1.16
AMR_0151,Amritsar,31.596177,75.00066,rice,2023-10-18,4.75
AMR_0152,Amritsar,31.581069,74.924846,rice,2023-11-29,4.38
AMR_0153,Amritsar,31.602596,74.911749,rice,2023-10-30,1.65
AMR_0154,Amritsar,31.641025,74.77815,rice,2023-10-15,1.41
AMR_0155,Amritsar,31.728165,75.009257,rice,2023-11-28,5.11
AMR_0156,Amritsar,31.77129,74.771947,rice,2023-11-09,2.97
AMR_0157,Amritsar,31.60392,74.754714,rice,2023-11-22,2.89
AMR_0158,Amritsar,31.625412,74.774488,rice,2023-11-18,1.5
AMR_0159,Amritsar,31.747989,74.744802,rice,2023-11-13,2.11
AMR_0160,Amritsar,31.631255,74.896505,rice,2023-10-25,3.21
AMR_0161,Amritsar,31.517552,74.800527,rice,2023-11-22,4.01
AMR_0162,Amritsar,31.675762,74.919957,rice,2023-11-22,4.7
AMR_0163,Amritsar,31.51027,74.83495,rice,2023-11-18,2.36
AMR_0164,Amritsar,31.730454,74.86742,rice,2023-11-08,4.73
AMR_0165,Amritsar,31.732564,74.873642,rice,2023-11-03,3.73
AMR_0166,Amritsar,31.732077,74.827665,rice,2023-11-25,3.24
AMR_0167,Amritsar,31.642795,74.761694,rice,2023-10-16,5.55
AMR_0168,Amritsar,31.670633,74.782002,rice,2023-11-02,2.36
AMR_0169,Amritsar,31.547649,74.73925,rice,2023-11-11,2.97
AMR_0170,Amritsar,31.58011,74.899874,rice,2023-11-26,0.54
AMR_0171,Amritsar,31.571846,74.929149,rice,2023-11-08,5.9
AMR_0172,Amritsar,31.6677,74.866002,rice,2023-11-13,4.69
AMR_0173,Amritsar,31.746932,74.934095,rice,2023-10-28,4.8
AMR_0174,Amritsar,31.736704,74.764249,rice,2023-11-28,4.53
AMR_0175,Amritsar,31.617225,74.887169,rice,2023-11-28,5.83
AMR_0176,Amritsar,31.769682,74.813004,rice,2023-11-14,4.54
AMR_0177,Amritsar,31.703995,74.829318,rice,2023-10-15,0.73
AMR_0178,Amritsar,31.711656,74.869416,rice,2023-10-20,5.92
AMR_0179,Amritsar,31.624193,75.006117,rice,2023-10-26,4.87
AMR_0180,Amritsar,31.517749,74.887829,rice,2023-11-02,4.91
AMR_0181,Amritsar,31.752916,74.962623,rice,2023-10-25,2.55
AMR_0182,Amritsar,31.507636,74.762899,rice,2023-10-16,4.21
AMR_0183,Amritsar,31.693712,74.948942,rice,2023-10-15,4.57
AMR_0184,Amritsar,31.718244,74.74601,rice,2023-11-23,1.79
AMR_0185,Amritsar,31.668131,74.972575,rice,2023-11-04,3.33
AMR_0186,Amritsar,31.68364,74.74059,rice,2023-10-15,2.71
AMR_0187,Amritsar,31.744778,74.920352,rice,2023-10-26,5.19
AMR_0188,Amritsar,31.591449,74.971237,rice,2023-10-25,2.14
AMR_0189,Amritsar,31.65929,74.843443,rice,2023-10-20,5.38
AMR_0190,Amritsar,31.546526,74.756047,rice,2023-10-27,2.38
AMR_0191,Amritsar,31.694939,74.958381,rice,2023-11-08,2.13
AMR_0192,Amritsar,31.608224,74.77061,rice,2023-11-29,3.66
AMR_0193,Amritsar,31.773322,74.928547,rice,2023-11-17,2.66
AMR_0194,Amritsar,31.750284,74.871437,rice,2023-11-11,1.24
AMR_0195,Amritsar,31.596306,74.751107,rice,2023-10-31,0.6
AMR_0196,Amritsar,31.620918,74.909971,rice,2023-10-24,2.39
AMR_0197,Amritsar,31.611707,75.000879,rice,2023-11-28,3.47
AMR_0198,Amritsar,31.573671,74.983459,rice,2023-11-18,1.79
AMR_0199,Amritsar,31.585096,74.986838,rice,2023-10-29,4.58
AMR_0200,Amritsar,31.659409,74.915263,rice,2023-11-08,2.15
AMR_0201,Amritsar,31.561584,74.822598,rice,2023-10-23,5.31
AMR_0202,Amritsar,31.573309,74.889517,rice,2023-10-22,4.86
AMR_0203,Amritsar,31.713471,74.855048,rice,2023-11-23,5.97
AMR_0204,Amritsar,31.682887,74.960399,rice,2023-11-05,5.46
AMR_0205,Amritsar,31.714525,74.78415,rice,2023-10-22,1.06
AMR_0206,Amritsar,31.676818,74.999798,rice,2023-11-09,3.32
AMR_0207,Amritsar,31.615232,74.742336,rice,2023-11-27,1.07
AMR_0208,Amritsar,31.505502,74.801199,rice,2023-11-28,0.86
AMR_0209,Amritsar,31.621433,74.876805,rice,2023-11-20,0.78
AMR_0210,Amritsar,31.525248,74.839961,rice,2023-10-29,0.83
AMR_0211,Amritsar,31.689493,74.790266,rice,2023-11-28,2.67
AMR_0212,Amritsar,31.610651,74.732765,rice,2023-10-28,1.12
AMR_0213,Amritsar,31.735574,74.732645,rice,2023-10-20,3.19
AMR_0214,Amritsar,31.587266,74.853072,rice,2023-11-07,4.79
AMR_0215,Amritsar,31.729537,74.805198,rice,2023-10-25,1.83
AMR_0216,Amritsar,31.628362,74.923612,rice,2023-10-29,1.76
AMR_0217,Amritsar,31.586606,74.992808,rice,2023-11-06,3.03
AMR_0218,Amritsar,31.693236,74.774427,rice,2023-10-17,0.76
AMR_0219,Amritsar,31.532698,74.98957,rice,2023-10-19,1.54
AMR_0220,Amritsar,31.502759,74.763276,rice,2023-10-15,3.91
AMR_0221,Amritsar,31.561659,74.891679,rice,2023-10-25,5.17
AMR_0222,Amritsar,31.495328,74.971243,rice,2023-11-11,3.91
AMR_0223,Amritsar,31.539568,74.948722,rice,2023-11-29,1.9
AMR_0224,Amritsar,31.751262,74.859548,rice,2023-11-23,3.82
AMR_0225,Amritsar,31.769702,74.83353,rice,2023-11-17,2.25
AMR_0226,Amritsar,31.71778,74.900505,rice,2023-11-21,1.69
AMR_0227,Amritsar,31.609927,74.821238,rice,2023-11-21,0.66
AMR_0228,Amritsar,31.591014,74.73763,rice,2023-10-18,1.41
AMR_0229,Amritsar,31.697051,74.930566,rice,2023-10-28,2.24
AMR_0230,Amritsar,31.743205,74.898573,rice,2023-11-17,1.19
AMR_0231,Amritsar,31.534241,74.926367,rice,2023-10-17,3.29
AMR_0232,Amritsar,31.771697,74.733422,rice,2023-10-22,0.59
AMR_0233,Amritsar,31.772064,74.895999,rice,2023-11-01,5.44
AMR_0234,Amritsar,31.740506,74.882436,rice,2023-10-20,3.92
AMR_0235,Amritsar,31.570492,74.746446,rice,2023-11-04,2.12
AMR_0236,Amritsar,31.679814,74.966449,rice,2023-11-11,0.6
AMR_0237,Amritsar,31.6608,74.797059,rice,2023-11-22,1.9
AMR_0238,Amritsar,31.665016,74.887291,rice,2023-11-24,2.68
AMR_0239,Amritsar,31.683734,74.935515,rice,2023-11-19,4.67
AMR_0240,Amritsar,31.769357,74.849696,rice,2023-11-10,3.33
AMR_0241,Amritsar,31.497492,74.955188,rice,2023-10-31,2.74
AMR_0242,Amritsar,31.52034,74.981404,rice,2023-11-07,2.67
AMR_0243,Amritsar,31.685123,74.774125,rice,2023-10-31,1.48
AMR_0244,Amritsar,31.549872,74.972815,rice,2023-11-28,5.52
AMR_0245,Amritsar,31.553401,74.863844,rice,2023-11-24,5.33
AMR_0246,Amritsar,31.600135,74.877065,rice,2023-11-17,4.58
AMR_0247,Amritsar,31.698718,74.951529,rice,2023-11-27,1.08
AMR_0248,Amritsar,31.747113,74.97466,rice,2023-11-10,4.89
AMR_0249,Amritsar,31.521961,74.789531,rice,2023-11-03,0.63
AMR_0250,Amritsar,31.768183,74.837901,rice,2023-11-18,4.46
AMR_0251,Amritsar,31.74252,74.842796,rice,2023-11-12,3.85
AMR_0252,Amritsar,31.656677,74.846859,rice,2023-10-29,3.81
AMR_0253,Amritsar,31.755907,74.863239,rice,2023-10-18,2.57
AMR_0254,Amritsar,31.60435,74.76901,rice,2023-10-24,1.4
AMR_0255,Amritsar,31.685677,74.827354,rice,2023-10-16,1.84
AMR_0256,Amritsar,31.521699,74.943281,rice,2023-11-27,5.35
AMR_0257,Amritsar,31.571872,74.788885,rice,2023-11-28,3.37
AMR_0258,Amritsar,31.625157,74.804943,rice,2023-10-23,0.75
AMR_0259,Amritsar,31.628818,75.000913,rice,2023-10-26,3.23
AMR_0260,Amritsar,31.524994,74.802982,rice,2023-11-14,2.12
AMR_0261,Amritsar,31.708145,74.977779,rice,2023-11-19,5.92
AMR_0262,Amritsar,31.769063,74.99914,rice,2023-11-25,0.9
AMR_0263,Amritsar,31.532582,74.817551,rice,2023-10-25,1.03
AMR_0264,Amritsar,31.730823,74.904992,rice,2023-11-09,3.48
AMR_0265,Amritsar,31.540287,74.803212,rice,2023-11-04,5.19
AMR_0266,Amritsar,31.657584,74.938136,rice,2023-10-22,2.13
AMR_0267,Amritsar,31.597951,74.845659,rice,2023-10-20,4.75
AMR_0268,Amritsar,31.551908,74.995931,rice,2023-11-18,1.16
AMR_0269,Amritsar,31.744914,74.760411,rice,2023-11-01,5.16
AMR_0270,Amritsar,31.544258,74.848099,rice,2023-10-27,2.97
AMR_0271,Amritsar,31.562673,74.931169,rice,2023-10-21,5.31
AMR_0272,Amritsar,31.58901,74.880938,rice,2023-11-23,1.87
AMR_0273,Amritsar,31.562543,74.777451,rice,2023-10-16,5.38
AMR_0274,Amritsar,31.71166,74.877245,rice,2023-11-27,3.2
AMR_0275,Amritsar,31.642329,74.882539,rice,2023-11-21,1.22
AMR_0276,Amritsar,31.529186,74.99893,rice,2023-11-03,3.15
AMR_0277,Amritsar,31.760898,74.778102,rice,2023-11-01,1.64
AMR_0278,Amritsar,31.564892,74.740715,rice,2023-11-09,1.15
AMR_0279,Amritsar,31.750718,74.822329,rice,2023-11-26,3.06
AMR_0280,Amritsar,31.606126,74.881228,rice,2023-11-11,1.53
AMR_0281,Amritsar,31.770809,74.961426,rice,2023-11-21,3.08
AMR_0282,Amritsar,31.536806,74.990086,rice,2023-11-18,2.38
AMR_0283,Amritsar,31.50803,74.828173,rice,2023-10-17,3.92
AMR_0284,Amritsar,31.704235,74.954518,rice,2023-11-20,1.67
AMR_0285,Amritsar,31.752659,74.854937,rice,2023-10-28,0.51
AMR_0286,Amritsar,31.772143,74.810951,rice,2023-11-13,0.84
AMR_0287,Amritsar,31.622313,74.768428,rice,2023-11-03,3.98
AMR_0288,Amritsar,31.60402,74.990419,rice,2023-10-22,2.26
AMR_0289,Amritsar,31.69733,74.861408,rice,2023-10-28,3.8
AMR_0290,Amritsar,31.62638,74.998317,rice,2023-11-14,2.38
AMR_0291,Amritsar,31.543626,74.922166,rice,2023-11-29,0.72
AMR_0292,Amritsar,31.619897,74.982197,rice,2023-11-22,4.62
AMR_0293,Amritsar,31.771706,74.881096,rice,2023-11-18,2.16
AMR_0294,Amritsar,31.75931,74.834874,rice,2023-11-14,4.56
AMR_0295,Amritsar,31.606879,74.889609,rice,2023-10-21,3.3
AMR_0296,Amritsar,31.747984,74.849704,rice,2023-11-17,4.06
AMR_0297,Amritsar,31.589861,74.846584,rice,2023-11-05,1.19
AMR_0298,Amritsar,31.519683,74.919197,rice,2023-11-04,4.11
AMR_0299,Amritsar,31.679615,74.737835,rice,2023-11-24,1.59
AMR_0300,Amritsar,31.711882,74.973277,rice,2023-10-30,1.86
AMR_0301,Amritsar,31.680998,74.768522,rice,2023-11-24,1.26
AMR_0302,Amritsar,31.573386,74.921226,rice,2023-10-27,5.51
AMR_0303,Amritsar,31.550706,74.884082,rice,2023-11-09,5.74
AMR_0304,Amritsar,31.664817,74.80373,rice,2023-11-16,3.94
AMR_0305,Amritsar,31.583738,75.005616,rice,2023-11-07,4.27
AMR_0306,Amritsar,31.500504,74.844317,rice,2023-11-02,5.31
AMR_0307,Amritsar,31.664864,74.856604,rice,2023-10-23,5.2
AMR_0308,Amritsar,31.58422,74.884774,rice,2023-11-27,3.19
AMR_0309,Amritsar,31.671017,74.825851,rice,2023-11-21,5.52
AMR_0310,Amritsar,31.752685,74.96843,rice,2023-10-26,5.88
AMR_0311,Amritsar,31.702598,74.946407,rice,2023-10-25,3.14
AMR_0312,Amritsar,31.621807,74.799563,rice,2023-11-19,4.05
AMR_0313,Amritsar,31.57501,74.804486,rice,2023-11-05,2.75
AMR_0314,Amritsar,31.55528,74.960796,rice,2023-11-10,5.23
AMR_0315,Amritsar,31.540956,74.734402,rice,2023-10-16,4.89
AMR_0316,Amritsar,31.728969,74.771032,rice,2023-10-30,4.76
AMR_0317,Amritsar,31.526397,74.841518,rice,2023-11-04,1.56
AMR_0318,Amritsar,31.53711,74.850684,rice,2023-11-29,3.91
AMR_0319,Amritsar,31.755212,75.00693,rice,2023-11-13,1.26
AMR_0320,Amritsar,31.715407,74.808077,rice,2023-10-18,5.37
AMR_0321,Amritsar,31.679767,74.763617,rice,2023-11-16,1.47
AMR_0322,Amritsar,31.612579,74.886912,rice,2023-11-22,3.25
AMR_0323,Amritsar,31.686126,74.915052,rice,2023-10-15,6.0
AMR_0324,Amritsar,31.638609,74.758956,rice,2023-11-29,4.5
AMR_0325,Amritsar,31.767466,74.821431,rice,2023-10-28,2.84
AMR_0326,Amritsar,31.508397,74.920534,rice,2023-11-05,2.44
AMR_0327,Amritsar,31.71449,74.965294,rice,2023-11-25,2.79
AMR_0328,Amritsar,31.584033,74.94197,rice,2023-11-21,4.91
AMR_0329,Amritsar,31.631552,74.982349,rice,2023-10-27,5.33
AMR_0330,Amritsar,31.520907,74.775287,rice,2023-10-21,3.44
AMR_0331,Amritsar,31.512905,74.747086,rice,2023-10-25,2.9
AMR_0332,Amritsar,31.710895,74.742055,rice,2023-10-15,4.09
AMR_0333,Amritsar,31.724476,74.77934,rice,2023-10-16,5.23
AMR_0334,Amritsar,31.724475,74.883204,rice,2023-10-21,5.01
AMR_0335,Amritsar,31.519972,74.842755,rice,2023-11-09,1.92
AMR_0336,Amritsar,31.704652,74.87347,rice,2023-11-17,4.63
AMR_0337,Amritsar,31.62411,74.835313,rice,2023-11-02,1.65
AMR_0338,Amritsar,31.704417,74.765595,rice,2023-10-25,0.97
AMR_0339,Amritsar,31.543362,74.781397,rice,2023-10-17,2.69
AMR_0340,Amritsar,31.771309,74.770719,rice,2023-11-21,4.09
AMR_0341,Amritsar,31.619644,74.842317,rice,2023-10-23,5.87
AMR_0342,Amritsar,31.738401,74.786144,rice,2023-11-24,1.71
AMR_0343,Amritsar,31.677701,74.813243,rice,2023-10-26,3.62
AMR_0344,Amritsar,31.648254,74.964293,rice,2023-11-17,4.41
AMR_0345,Amritsar,31.501442,74.746149,rice,2023-11-26,3.17
AMR_0346,Amritsar,31.566852,74.849524,rice,2023-11-11,4.67
AMR_0347,Amritsar,31.725451,74.889442,rice,2023-10-22,1.99
AMR_0348,Amritsar,31.640137,74.82043,rice,2023-11-01,3.6
AMR_0349,Amritsar,31.683463,74.750802,rice,2023-10-31,1.67
AMR_0350,Amritsar,31.744463,74.913261,rice,2023-10-15,1.45
AMR_0351,Amritsar,31.743274,74.863888,rice,2023-11-22,5.65
AMR_0352,Amritsar,31.510656,74.79255,rice,2023-11-05,3.72
AMR_0353,Amritsar,31.548736,74.922568,rice,2023-10-16,1.05
AMR_0354,Amritsar,31.551956,74.850666,rice,2023-10-24,1.47
AMR_0355,Amritsar,31.531714,74.973179,rice,2023-10-23,2.48
AMR_0356,Amritsar,31.509476,74.832363,rice,2023-10-29,1.96
AMR_0357,Amritsar,31.664936,74.789809,rice,2023-11-20,5.61
AMR_0358,Amritsar,31.521953,74.762373,rice,2023-11-24,1.13
AMR_0359,Amritsar,31.667479,74.766451,rice,2023-10-24,4.65
AMR_0360,Amritsar,31.723546,74.879597,rice,2023-11-23,5.98
AMR_0361,Amritsar,31.506369,74.844654,rice,2023-10-17,5.72
AMR_0362,Amritsar,31.655521,74.958033,rice,2023-10-29,1.44
AMR_0363,Amritsar,31.768018,74.871919,rice,2023-11-08,5.84
AMR_0364,Amritsar,31.600605,74.843607,rice,2023-11-06,3.72
AMR_0365,Amritsar,31.529855,74.822204,rice,2023-10-24,1.07
AMR_0366,Amritsar,31.73652,74.897313,rice,2023-10-23,2.47
AMR_0367,Amritsar,31.608427,74.853125,rice,2023-11-20,5.6
AMR_0368,Amritsar,31.755178,74.841918,rice,2023-11-13,2.31
AMR_0369,Amritsar,31.620293,74.891322,rice,2023-11-01,4.12
AMR_0370,Amritsar,31.649232,74.8221,rice,2023-11-05,2.4
AMR_0371,Amritsar,31.600006,74.758799,rice,2023-10-29,4.48
AMR_0372,Amritsar,31.602947,74.792371,rice,2023-10-22,3.59
AMR_0373,Amritsar,31.705551,74.804378,rice,2023-11-08,5.6
AMR_0374,Amritsar,31.66127,74.919605,rice,2023-11-22,0.79
AMR_0375,Amritsar,31.758746,74.842196,rice,2023-10-19,3.68
AMR_0376,Amritsar,31.495293,74.743092,rice,2023-11-26,4.24
AMR_0377,Amritsar,31.651547,74.739729,rice,2023-10-30,5.19
AMR_0378,Amritsar,31.632997,74.862712,rice,2023-11-18,0.53
AMR_0379,Amritsar,31.714262,74.8249,rice,2023-11-24,2.55
AMR_0380,Amritsar,31.652222,74.807996,rice,2023-11-24,1.38
AMR_0381,Amritsar,31.710974,74.871345,rice,2023-10-24,5.81
AMR_0382,Amritsar,31.763802,74.97188,rice,2023-11-08,1.53
AMR_0383,Amritsar,31.660396,74.978181,rice,2023-11-10,1.06
AMR_0384,Amritsar,31.72107,74.867194,rice,2023-11-01,3.6
AMR_0385,Amritsar,31.769,74.902319,rice,2023-11-25,2.53
AMR_0386,Amritsar,31.610933,74.765452,rice,2023-11-03,4.87
AMR_0387,Amritsar,31.728561,74.811931,rice,2023-11-16,5.31
AMR_0388,Amritsar,31.500712,74.878028,rice,2023-10-28,3.05
AMR_0389,Amritsar,31.687235,74.77805,rice,2023-11-12,2.57
AMR_0390,Amritsar,31.66724,74.743527,rice,2023-11-14,3.04
AMR_0391,Amritsar,31.64023,74.792311,rice,2023-11-04,1.54
AMR_0392,Amritsar,31.59036,74.759407,rice,2023-10-21,5.71
AMR_0393,Amritsar,31.607398,74.958811,rice,2023-11-03,0.94
AMR_0394,Amritsar,31.676467,74.976295,rice,2023-11-28,3.99
AMR_0395,Amritsar,31.614127,74.853001,rice,2023-10-31,3.44
AMR_0396,Amritsar,31.772192,75.000738,rice,2023-10-16,0.72
AMR_0397,Amritsar,31.691623,74.816794,rice,2023-11-08,0.75
AMR_0398,Amritsar,31.756045,74.966793,rice,2023-11-25,1.15
AMR_0399,Amritsar,31.510751,74.966018,rice,2023-11-27,3.44
AMR_0400,Amritsar,31.750409,74.891185,rice,2023-10-22,2.68
AMR_0401,Amritsar,31.618604,74.749973,rice,2023-10-22,2.21
AMR_0402,Amritsar,31.547022,74.812393,rice,2023-11-28,5.8
AMR_0403,Amritsar,31.5204,74.975145,rice,2023-10-20,5.07
AMR_0404,Amritsar,31.767251,74.968103,rice,2023-11-16,5.69
AMR_0405,Amritsar,31.529542,74.955121,rice,2023-10-28,3.49
AMR_0406,Amritsar,31.745698,75.004405,rice,2023-11-09,4.38
AMR_0407,Amritsar,31.629223,74.860093,rice,2023-11-23,2.49
AMR_0408,Amritsar,31.603622,74.757431,rice,2023-11-01,0.93
AMR_0409,Amritsar,31.712364,74.8572,rice,2023-10-23,3.87
AMR_0410,Amritsar,31.503849,74.776407,rice,2023-11-26,1.63
AMR_0411,Amritsar,31.767206,74.793537,rice,2023-11-01,5.65
AMR_0412,Amritsar,31.767614,74.798481,rice,2023-11-07,0.77
AMR_0413,Amritsar,31.537009,74.750032,rice,2023-10-21,3.63
AMR_0414,Amritsar,31.749486,74.882721,rice,2023-10-23,3.94
AMR_0415,Amritsar,31.550523,74.956463,rice,2023-11-23,5.25
AMR_0416,Amritsar,31.759676,74.829712,rice,2023-11-12,1.0
AMR_0417,Amritsar,31.55726,74.854896,rice,2023-11-12,2.58
AMR_0418,Amritsar,31.709816,74.883633,rice,2023-11-27,1.51
AMR_0419,Amritsar,31.583806,74.915194,rice,2023-10-23,2.89
AMR_0420,Amritsar,31.558021,74.934434,rice,2023-11-14,1.43
AMR_0421,Amritsar,31.756268,74.784913,rice,2023-11-21,3.24
AMR_0422,Amritsar,31.639474,74.874594,rice,2023-10-19,2.9
AMR_0423,Amritsar,31.772548,74.868459,rice,2023-11-07,2.82
AMR_0424,Amritsar,31.512711,74.898328,rice,2023-11-05,1.75
AMR_0425,Amritsar,31.672531,74.746533,rice,2023-11-11,3.08
AMR_0426,Amritsar,31.745092,74.865457,rice,2023-11-29,0.83
AMR_0427,Amritsar,31.72422,74.913791,rice,2023-11-18,2.85
AMR_0428,Amritsar,31.672622,74.972044,rice,2023-11-19,3.97
AMR_0429,Amritsar,31.591349,74.917808,rice,2023-11-19,5.78
AMR_0430,Amritsar,31.597855,74.851323,rice,2023-11-14,4.97
AMR_0431,Amritsar,31.635613,74.93854,rice,2023-11-06,1.69
AMR_0432,Amritsar,31.702657,74.769023,rice,2023-11-05,1.59
AMR_0433,Amritsar,31.669511,74.941536,rice,2023-10-25,2.0
AMR_0434,Amritsar,31.525003,74.999993,rice,2023-11-25,1.35
AMR_0435,Amritsar,31.549347,74.813872,rice,2023-10-30,5.36
AMR_0436,Amritsar,31.706953,74.930584,rice,2023-11-08,1.46
AMR_0437,Amritsar,31.594151,74.866253,rice,2023-11-20,2.0
AMR_0438,Amritsar,31.580333,74.767937,rice,2023-10-21,3.53
AMR_0439,Amritsar,31.691408,74.751881,rice,2023-11-03,4.8
AMR_0440,Amritsar,31.703437,74.96052,rice,2023-11-06,2.97
AMR_0441,Amritsar,31.723756,74.799711,rice,2023-10-30,1.47
AMR_0442,Amritsar,31.624896,74.842077,rice,2023-10-31,1.83
AMR_0443,Amritsar,31.704499,74.820177,rice,2023-10-23,1.22
AMR_0444,Amritsar,31.61687,74.81713,rice,2023-10-27,2.53
AMR_0445,Amritsar,31.560079,74.945984,rice,2023-10-17,3.24
AMR_0446,Amritsar,31.67404,74.975108,rice,2023-11-26,5.99
AMR_0447,Amritsar,31.665785,74.981438,rice,2023-11-22,4.85
AMR_0448,Amritsar,31.623061,74.755023,rice,2023-11-25,0.59
AMR_0449,Amritsar,31.627616,74.870708,rice,2023-11-06,3.62
AMR_0450,Amritsar,31.648606,74.966552,rice,2023-11-02,1.1
AMR_0451,Amritsar,31.55705,74.954341,rice,2023-10-18,5.97
AMR_0452,Amritsar,31.738415,74.981472,rice,2023-11-23,2.23
AMR_0453,Amritsar,31.606465,74.807364,rice,2023-11-21,5.66
AMR_0454,Amritsar,31.590499,74.88826,rice,2023-11-11,2.13
AMR_0455,Amritsar,31.541544,74.786952,rice,2023-11-18,5.72
AMR_0456,Amritsar,31.606806,74.965854,rice,2023-10-17,4.25
AMR_0457,Amritsar,31.547738,74.781429,rice,2023-10-25,1.96
AMR_0458,Amritsar,31.74972,74.771516,rice,2023-11-21,4.23
AMR_0459,Amritsar,31.722053,74.798172,rice,2023-11-28,5.8
AMR_0460,Amritsar,31.568087,74.852688,rice,2023-10-27,2.88
AMR_0461,Amritsar,31.56485,74.949522,rice,2023-11-11,2.58
AMR_0462,Amritsar,31.727835,74.791961,rice,2023-11-19,0.52
AMR_0463,Amritsar,31.653927,75.010642,rice,2023-11-24,1.64
AMR_0464,Amritsar,31.639296,74.959083,rice,2023-10-16,0.99
AMR_0465,Amritsar,31.604666,74.941481,rice,2023-10-22,1.54
AMR_0466,Amritsar,31.548739,74.847114,rice,2023-11-01,3.14
AMR_0467,Amritsar,31.735308,74.912131,rice,2023-11-17,5.91
AMR_0468,Amritsar,31.609316,74.845239,rice,2023-11-15,5.58
AMR_0469,Amritsar,31.562845,74.936648,rice,2023-10-19,1.04
AMR_0470,Amritsar,31.625105,74.788457,rice,2023-11-18,1.52
AMR_0471,Amritsar,31.623872,74.81334,rice,2023-10-23,5.49
AMR_0472,Amritsar,31.718762,74.806789,rice,2023-11-20,2.01
AMR_0473,Amritsar,31.565324,74.770111,rice,2023-10-16,2.71
AMR_0474,Amritsar,31.556913,74.969368,rice,2023-11-27,2.7
AMR_0475,Amritsar,31.503833,74.777644,rice,2023-11-20,4.81
AMR_0476,Amritsar,31.553062,74.989171,rice,2023-11-13,5.18
AMR_0477,Amritsar,31.731547,74.796045,rice,2023-11-08,5.27
AMR_0478,Amritsar,31.579624,74.905597,rice,2023-10-17,4.68
AMR_0479,Amritsar,31.529922,74.950935,rice,2023-10-22,4.51
AMR_0480,Amritsar,31.617542,74.97777,rice,2023-11-27,3.4
AMR_0481,Amritsar,31.702536,74.962042,rice,2023-10-22,2.08
AMR_0482,Amritsar,31.526996,74.799035,rice,2023-11-18,3.27
AMR_0483,Amritsar,31.635478,74.89544,rice,2023-11-23,4.83
AMR_0484,Amritsar,31.749683,74.801383,rice,2023-11-02,4.55
AMR_0485,Amritsar,31.683832,74.878765,rice,2023-11-20,4.87
AMR_0486,Amritsar,31.762975,74.934414,rice,2023-10-23,5.55
AMR_0487,Amritsar,31.769572,74.830874,rice,2023-10-31,3.11
AMR_0488,Amritsar,31.770256,74.758566,rice,2023-11-13,2.77
AMR_0489,Amritsar,31.739151,74.811834,rice,2023-11-07,2.61
AMR_0490,Amritsar,31.768394,74.979688,rice,2023-11-20,2.16
AMR_0491,Amritsar,31.709654,74.82662,rice,2023-10-25,4.12
AMR_0492,Amritsar,31.726287,74.739146,rice,2023-11-11,1.71
AMR_0493,Amritsar,31.693337,74.890087,rice,2023-11-11,0.8
AMR_0494,Amritsar,31.591517,74.974528,rice,2023-11-06,0.67
AMR_0495,Amritsar,31.605002,74.996942,rice,2023-11-23,4.62
AMR_0496,Amritsar,31.566132,74.97495,rice,2023-10-17,4.6
AMR_0497,Amritsar,31.741997,74.792759,rice,2023-11-09,4.79
AMR_0498,Amritsar,31.562796,74.796909,rice,2023-11-08,0.65
AMR_0499,Amritsar,31.762384,74.931105,rice,2023-10-19,4.59
AMR_0500,Amritsar,31.642852,74.865617,rice,2023-11-13,2.97
AMR_0501,Amritsar,31.673323,74.78873,rice,2023-10-15,4.96
AMR_0502,Amritsar,31.591878,74.894311,rice,2023-11-24,1.28
AMR_0503,Amritsar,31.766257,74.98511,rice,2023-11-15,2.33
AMR_0504,Amritsar,31.541358,74.791596,rice,2023-11-26,1.0
AMR_0505,Amritsar,31.527631,74.752265,rice,2023-10-17,0.91
AMR_0506,Amritsar,31.531112,74.963931,rice,2023-11-29,3.69
AMR_0507,Amritsar,31.710837,74.908955,rice,2023-11-02,4.01
AMR_0508,Amritsar,31.640195,74.93187,rice,2023-11-24,2.96
AMR_0509,Amritsar,31.590898,74.863243,rice,2023-10-18,4.88
AMR_0510,Amritsar,31.566997,74.775289,rice,2023-10-22,1.85
AMR_0511,Amritsar,31.72978,74.824756,rice,2023-11-27,5.21
AMR_0512,Amritsar,31.515769,74.946507,rice,2023-11-15,2.19
AMR_0513,Amritsar,31.554654,74.925192,rice,2023-11-13,2.12
AMR_0514,Amritsar,31.653273,74.813454,rice,2023-11-25,3.55
AMR_0515,Amritsar,31.668121,74.903194,rice,2023-10-22,1.24
AMR_0516,Amritsar,31.688191,74.92123,rice,2023-11-12,4.25
AMR_0517,Amritsar,31.51474,74.857415,rice,2023-10-17,0.98
AMR_0518,Amritsar,31.556263,74.85577,rice,2023-11-02,4.59
AMR_0519,Amritsar,31.560377,74.96463,rice,2023-11-05,4.68
AMR_0520,Amritsar,31.626316,74.872074,rice,2023-11-09,3.91
AMR_0521,Amritsar,31.753832,74.870008,rice,2023-11-28,3.81
AMR_0522,Amritsar,31.700504,74.752418,rice,2023-11-08,3.34
AMR_0523,Amritsar,31.628846,74.990372,rice,2023-10-30,3.08
AMR_0524,Amritsar,31.763416,74.858461,rice,2023-11-06,1.49
AMR_0525,Amritsar,31.554737,74.758953,rice,2023-11-11,2.88
AMR_0526,Amritsar,31.709388,74.937671,rice,2023-10-15,0.68
AMR_0527,Amritsar,31.653595,74.775499,rice,2023-10-19,1.42
AMR_0528,Amritsar,31.669459,74.823647,rice,2023-11-27,4.03
AMR_0529,Amritsar,31.609432,74.945,rice,2023-10-22,5.48
AMR_0530,Amritsar,31.634059,74.944006,rice,2023-10-25,5.17
AMR_0531,Amritsar,31.773672,74.795005,rice,2023-11-17,1.88
AMR_0532,Amritsar,31.567604,74.895385,rice,2023-10-28,5.96
AMR_0533,Amritsar,31.771278,74.879797,rice,2023-10-30,5.23
AMR_0534,Amritsar,31.755221,74.789381,rice,2023-11-13,3.41
AMR_0535,Amritsar,31.727194,74.817197,rice,2023-11-27,5.92
AMR_0536,Amritsar,31.769813,74.98601,rice,2023-11-04,4.89
AMR_0537,Amritsar,31.569357,74.822138,rice,2023-11-13,3.58
AMR_0538,Amritsar,31.635541,74.910568,rice,2023-11-09,2.75
AMR_0539,Amritsar,31.703769,74.825694,rice,2023-11-03,1.2
AMR_0540,Amritsar,31.546839,74.970446,rice,2023-10-30,2.95
AMR_0541,Amritsar,31.557803,74.944916,rice,2023-11-29,0.62
AMR_0542,Amritsar,31.582581,74.78186,rice,2023-11-09,4.11
AMR_0543,Amritsar,31.571009,74.750485,rice,2023-10-15,3.7
AMR_0544,Amritsar,31.500083,74.969962,rice,2023-10-17,1.35
AMR_0545,Amritsar,31.663839,74.856813,rice,2023-11-15,0.89
AMR_0546,Amritsar,31.718771,74.982355,rice,2023-11-04,0.56
AMR_0547,Amritsar,31.544009,74.985393,rice,2023-10-30,1.33
AMR_0548,Amritsar,31.550781,74.917096,rice,2023-11-09,4.49
AMR_0549,Amritsar,31.66184,74.999182,rice,2023-11-24,2.15
AMR_0550,Amritsar,31.627625,74.833007,rice,2023-11-06,1.73
AMR_0551,Amritsar,31.50687,74.830919,rice,2023-11-06,0.6
AMR_0552,Amritsar,31.61697,74.912623,rice,2023-11-16,3.86
AMR_0553,Amritsar,31.711462,74.959246,rice,2023-10-25,1.07
AMR_0554,Amritsar,31.627006,74.901254,rice,2023-11-16,1.85
AMR_0555,Amritsar,31.505915,74.794905,rice,2023-11-10,2.78
AMR_0556,Amritsar,31.543467,74.963136,rice,2023-11-04,5.59
AMR_0557,Amritsar,31.550378,74.99258,rice,2023-11-08,5.59
AMR_0558,Amritsar,31.76054,74.735675,rice,2023-10-15,4.7
AMR_0559,Amritsar,31.765656,74.985953,rice,2023-10-25,3.53
AMR_0560,Amritsar,31.515884,74.970241,rice,2023-11-28,3.88
AMR_0561,Amritsar,31.666126,74.849131,rice,2023-11-13,1.34
AMR_0562,Amritsar,31.701136,74.753305,rice,2023-11-10,4.51
AMR_0563,Amritsar,31.731714,74.864591,rice,2023-11-17,2.22
AMR_0564,Amritsar,31.765448,74.937575,rice,2023-11-07,2.53
AMR_0565,Amritsar,31.542946,74.793782,rice,2023-11-17,5.68
AMR_0566,Amritsar,31.699561,74.792568,rice,2023-11-05,5.23
AMR_0567,Amritsar,31.599896,74.970782,rice,2023-11-20,3.9
AMR_0568,Amritsar,31.753468,74.80451,rice,2023-10-26,4.31
AMR_0569,Amritsar,31.770448,74.774468,rice,2023-11-04,4.21
AMR_0570,Amritsar,31.589126,74.752248,rice,2023-10-19,3.11
AMR_0571,Amritsar,31.705056,74.812134,rice,2023-11-07,5.15
AMR_0572,Amritsar,31.63962,74.968265,rice,2023-10-30,2.96
AMR_0573,Amritsar,31.760833,74.914522,rice,2023-10-23,5.37
AMR_0574,Amritsar,31.630994,74.771959,rice,2023-10-20,1.34
AMR_0575,Amritsar,31.68651,74.745564,rice,2023-11-08,1.27
AMR_0576,Amritsar,31.617502,74.848319,rice,2023-10-28,3.37
AMR_0577,Amritsar,31.572298,74.741272,rice,2023-11-15,2.56
AMR_0578,Amritsar,31.676374,74.762727,rice,2023-11-12,0.58
AMR_0579,Amritsar,31.563522,74.860133,rice,2023-10-29,4.96
AMR_0580,Amritsar,31.599795,74.880824,rice,2023-11-02,3.76
AMR_0581,Amritsar,31.500113,74.876537,rice,2023-11-18,2.82
AMR_0582,Amritsar,31.52208,74.95149,rice,2023-10-30,5.68
AMR_0583,Amritsar,31.500235,74.900684,rice,2023-10-26,2.07
AMR_0584,Amritsar,31.714516,74.909359,rice,2023-11-19,5.61
AMR_0585,Amritsar,31.768681,74.744157,rice,2023-10-31,3.51
AMR_0586,Amritsar,31.535088,74.82646,rice,2023-11-04,5.93
AMR_0587,Amritsar,31.498545,74.859002,rice,2023-10-19,2.28
AMR_0588,Amritsar,31.628344,75.006153,rice,2023-11-22,3.11
AMR_0589,Amritsar,31.530658,74.746782,rice,2023-11-17,1.96
AMR_0590,Amritsar,31.635138,74.757696,rice,2023-11-27,2.83
AMR_0591,Amritsar,31.75443,74.872976,rice,2023-11-29,1.92
AMR_0592,Amritsar,31.635273,74.972969,rice,2023-11-28,2.97
AMR_0593,Amritsar,31.572256,74.971833,rice,2023-11-23,3.42
AMR_0594,Amritsar,31.767428,74.784515,rice,2023-11-01,2.16
AMR_0595,Amritsar,31.502699,74.842015,rice,2023-11-09,4.24
AMR_0596,Amritsar,31.54477,74.921248,rice,2023-10-24,1.95
AMR_0597,Amritsar,31.593461,74.829981,rice,2023-10-28,3.07
AMR_0598,Amritsar,31.595164,74.971034,rice,2023-11-16,3.65
AMR_0599,Amritsar,31.553873,74.984326,rice,2023-11-03,0.71
AMR_0600,Amritsar,31.632488,74.767003,rice,2023-10-30,1.81
LUD_0001,Ludhiana,30.970191,75.753911,rice,2023-10-28,5.65
LUD_0002,Ludhiana,30.930829,75.916201,rice,2023-11-21,4.42
LUD_0003,Ludhiana,31.038986,75.812931,rice,2023-11-08,3.36
LUD_0004,Ludhiana,30.91031,75.767115,rice,2023-10-22,3.87
LUD_0005,Ludhiana,30.764955,75.977047,rice,2023-11-11,0.72
LUD_0006,Ludhiana,30.79131,75.78457,rice,2023-10-27,2.01
LUD_0007,Ludhiana,30.770187,75.795519,rice,2023-10-27,2.58
LUD_0008,Ludhiana,30.868847,75.812222,rice,2023-10-23,2.3
LUD_0009,Ludhiana,30.786125,75.724357,rice,2023-10-25,4.66
LUD_0010,Ludhiana,31.038427,75.977287,rice,2023-10-24,3.27
LUD_0011,Ludhiana,30.909911,75.805383,rice,2023-10-16,4.71
LUD_0012,Ludhiana,30.997396,75.968041,rice,2023-11-19,2.89
LUD_0013,Ludhiana,30.975725,75.943092,rice,2023-11-19,5.61
LUD_0014,Ludhiana,30.787416,75.995695,rice,2023-10-29,4.74
LUD_0015,Ludhiana,30.787116,75.901044,rice,2023-10-21,4.74
LUD_0016,Ludhiana,30.984782,75.885975,rice,2023-10-16,5.21
LUD_0017,Ludhiana,30.788407,75.794559,rice,2023-11-29,0.73
LUD_0018,Ludhiana,30.886501,75.79156,rice,2023-11-03,2.66
LUD_0019,Ludhiana,30.880029,75.963535,rice,2023-10-23,5.42
LUD_0020,Ludhiana,30.880272,75.809086,rice,2023-10-27,3.26
LUD_0021,Ludhiana,30.877968,75.789364,rice,2023-11-01,1.33
LUD_0022,Ludhiana,30.85954,75.875721,rice,2023-11-07,2.77
LUD_0023,Ludhiana,30.991695,75.789182,rice,2023-11-14,4.82
LUD_0024,Ludhiana,31.031926,75.951978,rice,2023-11-28,1.28
LUD_0025,Ludhiana,30.908409,75.764894,rice,2023-10-25,3.71
LUD_0026,Ludhiana,30.834766,75.977588,rice,2023-11-21,1.13
LUD_0027,Ludhiana,30.918881,75.919191,rice,2023-10-26,3.79
LUD_0028,Ludhiana,30.989452,75.736208,rice,2023-10-17,3.32
LUD_0029,Ludhiana,30.833396,75.902919,rice,2023-11-01,5.65
LUD_0030,Ludhiana,31.011524,75.769373,rice,2023-10-20,2.28
LUD_0031,Ludhiana,30.925538,75.918357,rice,2023-11-06,1.36
LUD_0032,Ludhiana,30.790162,75.997234,rice,2023-11-04,3.0
LUD_0033,Ludhiana,31.005309,75.852365,rice,2023-11-19,0.98
LUD_0034,Ludhiana,30.792925,75.977597,rice,2023-11-26,5.71
LUD_0035,Ludhiana,30.849121,75.816746,rice,2023-11-15,2.79
LUD_0036,Ludhiana,30.814213,75.968845,rice,2023-11-04,1.89
LUD_0037,Ludhiana,30.958476,75.736104,rice,2023-11-11,4.1
LUD_0038,Ludhiana,30.855924,75.900829,rice,2023-10-16,1.02
LUD_0039,Ludhiana,31.026958,75.926884,rice,2023-11-02,1.25
LUD_0040,Ludhiana,30.850645,75.820436,rice,2023-11-24,3.45
LUD_0041,Ludhiana,30.844123,75.734277,rice,2023-11-05,1.9
LUD_0042,Ludhiana,30.869058,75.772449,rice,2023-10-31,1.94
LUD_0043,Ludhiana,30.936547,75.825983,rice,2023-10-26,3.44
LUD_0044,Ludhiana,30.977121,75.823383,rice,2023-10-30,3.73
LUD_0045,Ludhiana,31.031537,75.863454,rice,2023-10-20,4.87
LUD_0046,Ludhiana,30.777441,75.837448,rice,2023-11-25,4.34
LUD_0047,Ludhiana,31.037279,75.845645,rice,2023-10-15,3.59
LUD_0048,Ludhiana,30.796438,75.927725,rice,2023-10-19,3.29
LUD_0049,Ludhiana,30.963561,75.960721,rice,2023-11-11,3.87
LUD_0050,Ludhiana,30.97228,75.953187,rice,2023-11-12,5.28
LUD_0051,Ludhiana,30.7712,75.873033,rice,2023-11-16,5.23
LUD_0052,Ludhiana,30.942551,75.834962,rice,2023-10-24,1.53
LUD_0053,Ludhiana,30.855927,75.914358,rice,2023-10-29,1.01
LUD_0054,Ludhiana,31.009648,75.931279,rice,2023-10-24,1.6
LUD_0055,Ludhiana,30.842847,75.98948,rice,2023-10-22,3.86
LUD_0056,Ludhiana,30.847136,75.801055,rice,2023-11-16,0.72
LUD_0057,Ludhiana,30.964975,75.729389,rice,2023-11-25,4.51
LUD_0058,Ludhiana,31.026685,75.929121,rice,2023-10-15,3.09
LUD_0059,Ludhiana,30.897093,75.839418,rice,2023-10-19,3.37
LUD_0060,Ludhiana,30.881722,75.884787,rice,2023-10-29,5.44
LUD_0061,Ludhiana,31.039603,75.739348,rice,2023-11-02,1.49
LUD_0062,Ludhiana,30.859594,75.797792,rice,2023-11-01,1.46
LUD_0063,Ludhiana,30.974941,75.856261,rice,2023-11-12,0.68
LUD_0064,Ludhiana,30.779754,75.830217,rice,2023-11-26,0.94
LUD_0065,Ludhiana,30.834564,75.993388,rice,2023-10-30,1.59
LUD_0066,Ludhiana,30.921619,75.85674,rice,2023-10-24,3.69
LUD_0067,Ludhiana,30.866486,75.948793,rice,2023-10-29,2.86
LUD_0068,Ludhiana,30.954133,75.960406,rice,2023-10-21,2.53
LUD_0069,Ludhiana,30.919969,75.736659,rice,2023-10-29,0.88
LUD_0070,Ludhiana,30.964807,75.797957,rice,2023-10-22,4.48
LUD_0071,Ludhiana,30.779592,75.958813,rice,2023-11-16,0.99
LUD_0072,Ludhiana,30.767652,75.733061,rice,2023-11-22,5.19
LUD_0073,Ludhiana,30.826717,75.870817,rice,2023-11-19,4.88
LUD_0074,Ludhiana,30.897892,75.857485,rice,2023-11-03,5.94
LUD_0075,Ludhiana,30.803036,75.949897,rice,2023-11-27,3.13
LUD_0076,Ludhiana,31.009174,75.90356,rice,2023-10-17,4.27
LUD_0077,Ludhiana,30.834729,75.834501,rice,2023-10-17,3.37
LUD_0078,Ludhiana,30.890424,75.808832,rice,2023-10-31,2.18
LUD_0079,Ludhiana,30.831239,75.819513,rice,2023-10-16,5.3
LUD_0080,Ludhiana,30.929593,75.75476,rice,2023-10-21,4.32
LUD_0081,Ludhiana,30.998347,75.78381,rice,2023-11-04,0.55
LUD_0082,Ludhiana,30.77423,75.93073,rice,2023-10-21,5.93
LUD_0083,Ludhiana,30.773566,75.92676,rice,2023-10-19,3.76
LUD_0084,Ludhiana,30.972701,75.817877,rice,2023-10-18,0.56
LUD_0085,Ludhiana,30.927653,75.994848,rice,2023-11-28,1.54
LUD_0086,Ludhiana,30.795699,75.872772,rice,2023-10-26,3.78
LUD_0087,Ludhiana,30.982836,75.928161,rice,2023-11-05,4.93
LUD_0088,Ludhiana,30.830235,75.872946,rice,2023-11-25,2.14
LUD_0089,Ludhiana,30.85334,75.978244,rice,2023-11-08,5.86
LUD_0090,Ludhiana,30.877736,75.867783,rice,2023-11-15,3.18
LUD_0091,Ludhiana,30.79104,75.783577,rice,2023-11-28,0.87
LUD_0092,Ludhiana,31.021809,75.751976,rice,2023-11-08,1.59
LUD_0093,Ludhiana,30.97529,75.744442,rice,2023-10-22,4.49
LUD_0094,Ludhiana,30.780214,75.911017,rice,2023-11-25,3.97
LUD_0095,Ludhiana,30.973058,75.949195,rice,2023-11-25,3.72
LUD_0096,Ludhiana,30.85129,75.912537,rice,2023-11-17,5.76
LUD_0097,Ludhiana,30.925506,75.903317,rice,2023-11-02,4.66
LUD_0098,Ludhiana,31.040347,75.762209,rice,2023-11-04,1.61
LUD_0099,Ludhiana,30.912043,75.852085,rice,2023-11-22,0.77
LUD_0100,Ludhiana,30.874197,75.880534,rice,2023-11-10,3.72
LUD_0101,Ludhiana,30.945054,75.91896,rice,2023-10-23,4.85
LUD_0102,Ludhiana,30.935933,75.867802,rice,2023-11-13,3.83
LUD_0103,Ludhiana,30.789334,75.793784,rice,2023-11-22,5.3
LUD_0104,Ludhiana,30.951134,75.742614,rice,2023-11-08,3.76
LUD_0105,Ludhiana,30.823087,75.922825,rice,2023-11-25,3.76
LUD_0106,Ludhiana,30.926582,75.812106,rice,2023-11-22,2.95
LUD_0107,Ludhiana,31.00295,75.91983,rice,2023-11-01,2.53
LUD_0108,Ludhiana,30.775106,75.757342,rice,2023-11-07,1.56
LUD_0109,Ludhiana,30.865547,75.98166,rice,2023-11-01,1.79
LUD_0110,Ludhiana,30.79061,75.812026,rice,2023-11-07,4.99
LUD_0111,Ludhiana,30.868336,75.933602,rice,2023-11-20,1.11
LUD_0112,Ludhiana,30.931425,75.985847,rice,2023-11-20,2.71
LUD_0113,Ludhiana,30.775264,75.975825,rice,2023-11-26,3.37
LUD_0114,Ludhiana,30.915631,75.776588,rice,2023-11-24,5.01
LUD_0115,Ludhiana,30.900608,75.726786,rice,2023-11-12,5.73
LUD_0116,Ludhiana,30.993162,75.794915,rice,2023-11-15,0.79
LUD_0117,Ludhiana,31.024298,75.979678,rice,2023-10-17,4.03
LUD_0118,Ludhiana,30.890528,75.834834,rice,2023-11-08,1.16
LUD_0119,Ludhiana,30.788091,75.782465,rice,2023-10-29,1.3
LUD_0120,Ludhiana,30.824476,75.870912,rice,2023-11-22,1.68
LUD_0121,Ludhiana,30.806698,75.875029,rice,2023-11-21,3.94
LUD_0122,Ludhiana,31.016417,75.759578,rice,2023-10-31,5.52
LUD_0123,Ludhiana,31.013697,75.949445,rice,2023-10-26,3.91
LUD_0124,Ludhiana,30.93998,75.910639,rice,2023-11-13,0.59
LUD_0125,Ludhiana,31.029266,75.881269,rice,2023-10-23,2.58
LUD_0126,Ludhiana,30.764471,75.860026,rice,2023-11-19,3.29
LUD_0127,Ludhiana,30.883357,75.812421,rice,2023-11-22,3.4
LUD_0128,Ludhiana,30.866078,75.988881,rice,2023-10-26,1.45
LUD_0129,Ludhiana,30.850506,75.799609,rice,2023-11-09,3.25
LUD_0130,Ludhiana,30.941247,75.9833,rice,2023-11-08,2.07
LUD_0131,Ludhiana,30.954976,75.724311,rice,2023-10-25,3.05
LUD_0132,Ludhiana,30.769679,75.890247,rice,2023-10-27,4.23
LUD_0133,Ludhiana,30.970085,75.861941,rice,2023-11-15,2.68
LUD_0134,Ludhiana,30.772551,75.745287,rice,2023-11-11,4.1
LUD_0135,Ludhiana,31.039755,75.721725,rice,2023-11-14,4.63
LUD_0136,Ludhiana,30.992497,75.869957,rice,2023-11-09,3.91
LUD_0137,Ludhiana,30.956083,75.957811,rice,2023-11-26,5.59
LUD_0138,Ludhiana,30.768285,75.951436,rice,2023-10-20,0.92
LUD_0139,Ludhiana,30.815496,75.71839,rice,2023-11-11,2.34
LUD_0140,Ludhiana,30.807478,75.843605,rice,2023-11-04,2.71
LUD_0141,Ludhiana,30.975945,75.967376,rice,2023-11-19,1.18
LUD_0142,Ludhiana,30.843709,75.973029,rice,2023-11-14,0.99
LUD_0143,Ludhiana,30.87492,75.981201,rice,2023-11-10,2.76
LUD_0144,Ludhiana,30.947871,75.845189,rice,2023-11-27,4.64
LUD_0145,Ludhiana,30.769843,75.757664,rice,2023-11-05,1.78
LUD_0146,Ludhiana,30.947495,75.815642,rice,2023-11-12,5.38
LUD_0147,Ludhiana,30.990393,75.855295,rice,2023-10-29,1.99
LUD_0148,Ludhiana,30.899393,75.772595,rice,2023-11-19,5.23
LUD_0149,Ludhiana,30.991459,75.969902,rice,2023-10-31,5.78
LUD_0150,Ludhiana,30.824934,75.978211,rice,2023-11-24,3.64
LUD_0151,Ludhiana,30.879299,75.874205,rice,2023-10-30,2.09
LUD_0152,Ludhiana,30.828568,75.74038,rice,2023-10-30,3.23
LUD_0153,Ludhiana,31.009573,75.893743,rice,2023-11-16,2.86
LUD_0154,Ludhiana,30.891032,75.775898,rice,2023-11-07,5.03
LUD_0155,Ludhiana,30.816547,75.917954,rice,2023-11-22,3.66
LUD_0156,Ludhiana,31.002619,75.798794,rice,2023-11-18,5.35
LUD_0157,Ludhiana,30.965235,75.94095,rice,2023-10-15,5.15
LUD_0158,Ludhiana,31.039068,75.834946,rice,2023-11-14,4.98
LUD_0159,Ludhiana,30.969482,75.844104,rice,2023-11-25,2.67
LUD_0160,Ludhiana,30.91933,75.746964,rice,2023-11-26,1.74
LUD_0161,Ludhiana,30.996395,75.828335,rice,2023-11-25,1.85
LUD_0162,Ludhiana,30.898651,75.942929,rice,2023-11-02,5.42
LUD_0163,Ludhiana,30.780632,75.87825,rice,2023-11-01,3.88
LUD_0164,Ludhiana,30.886237,75.828921,rice,2023-11-05,3.1
LUD_0165,Ludhiana,30.92396,75.857575,rice,2023-10-20,5.0
LUD_0166,Ludhiana,30.969781,75.812886,rice,2023-11-05,4.9
LUD_0167,Ludhiana,31.000022,75.760278,rice,2023-10-18,2.07
LUD_0168,Ludhiana,30.967968,75.78416,rice,2023-11-10,4.19
LUD_0169,Ludhiana,30.832435,75.86042,rice,2023-10-22,2.6
LUD_0170,Ludhiana,31.006207,75.993644,rice,2023-11-27,5.31
LUD_0171,Ludhiana,30.807442,75.946804,rice,2023-11-08,2.66
LUD_0172,Ludhiana,31.004805,75.910151,rice,2023-10-16,3.43
LUD_0173,Ludhiana,30.869602,75.944743,rice,2023-11-09,3.08
LUD_0174,Ludhiana,31.010896,75.781685,rice,2023-11-16,1.44
LUD_0175,Ludhiana,30.940985,75.989458,rice,2023-10-18,1.87
LUD_0176,Ludhiana,30.80006,75.958258,rice,2023-10-26,1.75
LUD_0177,Ludhiana,30.90189,75.994744,rice,2023-11-02,3.56
LUD_0178,Ludhiana,30.904441,75.943385,rice,2023-10-15,2.45
LUD_0179,Ludhiana,30.875896,75.764323,rice,2023-10-26,4.82
LUD_0180,Ludhiana,30.799266,75.827468,rice,2023-11-18,5.41
LUD_0181,Ludhiana,30.761758,75.800953,rice,2023-10-24,2.34
LUD_0182,Ludhiana,30.837173,75.84611,rice,2023-11-09,1.5
LUD_0183,Ludhiana,30.909295,75.915175,rice,2023-10-19,1.01
LUD_0184,Ludhiana,30.997434,75.766294,rice,2023-11-10,4.71
LUD_0185,Ludhiana,30.861958,75.936473,rice,2023-10-23,1.53
LUD_0186,Ludhiana,30.900167,75.726522,rice,2023-10-24,1.74
LUD_0187,Ludhiana,30.963723,75.951767,rice,2023-10-19,5.35
LUD_0188,Ludhiana,30.984305,75.960812,rice,2023-10-18,4.34
LUD_0189,Ludhiana,30.949763,75.864326,rice,2023-11-04,5.56
LUD_0190,Ludhiana,30.789146,75.805714,rice,2023-11-14,0.9
LUD_0191,Ludhiana,31.025545,75.841974,rice,2023-10-19,5.13
LUD_0192,Ludhiana,31.03848,75.762599,rice,2023-11-15,4.9
LUD_0193,Ludhiana,31.009478,75.730985,rice,2023-10-25,2.45
LUD_0194,Ludhiana,30.942607,75.861233,rice,2023-11-18,1.93
LUD_0195,Ludhiana,30.798862,75.750045,rice,2023-11-20,4.01
LUD_0196,Ludhiana,30.859395,75.777957,rice,2023-10-19,4.31
LUD_0197,Ludhiana,30.953318,75.868267,rice,2023-11-10,2.62
LUD_0198,Ludhiana,30.995042,75.738339,rice,2023-11-27,4.57
LUD_0199,Ludhiana,31.037765,75.954348,rice,2023-10-18,3.95
LUD_0200,Ludhiana,30.859921,75.907556,rice,2023-11-10,4.74
LUD_0201,Ludhiana,31.040504,75.85519,rice,2023-11-12,3.78
LUD_0202,Ludhiana,30.794327,75.785834,rice,2023-10-17,2.31
LUD_0203,Ludhiana,30.965688,75.768766,rice,2023-11-25,0.75
LUD_0204,Ludhiana,31.005507,75.911482,rice,2023-10-22,0.72
LUD_0205,Ludhiana,30.768922,75.873729,rice,2023-11-07,3.78
LUD_0206,Ludhiana,30.882689,75.975828,rice,2023-10-27,2.08
LUD_0207,Ludhiana,30.951161,75.732435,rice,2023-11-24,5.89
LUD_0208,Ludhiana,30.967941,75.847559,rice,2023-11-27,1.71
LUD_0209,Ludhiana,30.988505,75.923479,rice,2023-10-20,2.98
LUD_0210,Ludhiana,30.890584,75.948695,rice,2023-10-25,4.26
LUD_0211,Ludhiana,30.941087,75.899252,rice,2023-11-06,2.54
LUD_0212,Ludhiana,30.773785,75.937644,rice,2023-10-27,2.88
LUD_0213,Ludhiana,30.883707,75.786,rice,2023-11-18,3.73
LUD_0214,Ludhiana,30.826115,75.735278,rice,2023-10-24,4.72
LUD_0215,Ludhiana,30.866411,75.823766,rice,2023-10-27,4.98
LUD_0216,Ludhiana,30.850834,75.92955,rice,2023-11-03,5.67
LUD_0217,Ludhiana,30.946043,75.838171,rice,2023-10-24,3.02
LUD_0218,Ludhiana,30.87704,75.864379,rice,2023-11-18,2.25
LUD_0219,Ludhiana,30.79019,75.833459,rice,2023-11-22,2.76
LUD_0220,Ludhiana,30.916941,75.977899,rice,2023-10-20,0.7
LUD_0221,Ludhiana,30.935008,75.845466,rice,2023-10-15,1.87
LUD_0222,Ludhiana,30.794176,75.778002,rice,2023-10-15,2.01
LUD_0223,Ludhiana,30.873366,75.865431,rice,2023-11-08,1.39
LUD_0224,Ludhiana,30.787199,75.871209,rice,2023-10-15,2.31
LUD_0225,Ludhiana,30.914551,75.779411,rice,2023-11-02,5.68
LUD_0226,Ludhiana,30.791326,75.75282,rice,2023-10-16,1.31
LUD_0227,Ludhiana,31.035757,75.890245,rice,2023-11-13,5.93
LUD_0228,Ludhiana,30.785763,75.99016,rice,2023-11-12,1.62
LUD_0229,Ludhiana,30.93546,75.834923,rice,2023-10-20,5.62
LUD_0230,Ludhiana,30.802784,75.996479,rice,2023-11-01,2.59
LUD_0231,Ludhiana,30.942657,75.988314,rice,2023-11-11,5.58
LUD_0232,Ludhiana,30.919987,75.914531,rice,2023-10-17,1.32
LUD_0233,Ludhiana,30.910348,75.905884,rice,2023-10-20,1.35
LUD_0234,Ludhiana,30.829353,75.95653,rice,2023-11-04,0.69
LUD_0235,Ludhiana,30.959481,75.997129,rice,2023-11-09,1.39
LUD_0236,Ludhiana,30.94976,75.734097,rice,2023-10-15,3.74
LUD_0237,Ludhiana,30.95252,75.881981,rice,2023-11-05,4.34
LUD_0238,Ludhiana,30.927402,75.775438,rice,2023-10-31,3.6
LUD_0239,Ludhiana,31.007934,75.904013,rice,2023-11-20,2.27
LUD_0240,Ludhiana,30.785048,75.785796,rice,2023-11-05,0.56
LUD_0241,Ludhiana,31.037255,75.779595,rice,2023-10-21,1.43
LUD_0242,Ludhiana,30.840408,75.834418,rice,2023-11-21,2.28
LUD_0243,Ludhiana,30.984538,75.985454,rice,2023-11-13,1.34
LUD_0244,Ludhiana,30.978473,75.758725,rice,2023-11-24,5.52
LUD_0245,Ludhiana,30.906006,75.811487,rice,2023-11-15,0.56
LUD_0246,Ludhiana,30.830425,75.973226,rice,2023-10-22,4.88
LUD_0247,Ludhiana,31.032542,75.745513,rice,2023-11-18,1.91
LUD_0248,Ludhiana,30.913024,75.807027,rice,2023-11-11,2.06
LUD_0249,Ludhiana,30.921677,75.768629,rice,2023-10-26,4.08
LUD_0250,Ludhiana,30.796891,75.977866,rice,2023-11-05,3.28
LUD_0251,Ludhiana,30.990468,75.900394,rice,2023-11-15,4.44
LUD_0252,Ludhiana,31.006028,75.88911,rice,2023-11-16,2.03
LUD_0253,Ludhiana,30.788863,75.88705,rice,2023-10-23,1.83
LUD_0254,Ludhiana,30.777998,75.870989,rice,2023-10-18,1.38
LUD_0255,Ludhiana,30.931914,75.938742,rice,2023-11-26,2.2
LUD_0256,Ludhiana,30.914707,75.874943,rice,2023-11-21,3.1
LUD_0257,Ludhiana,30.944432,75.776124,rice,2023-11-23,1.04
LUD_0258,Ludhiana,30.993182,75.883647,rice,2023-11-29,1.85
LUD_0259,Ludhiana,30.969789,75.740955,rice,2023-11-02,3.74
LUD_0260,Ludhiana,30.79201,75.739562,rice,2023-11-19,4.63
LUD_0261,Ludhiana,30.843022,75.966305,rice,2023-11-06,4.34
LUD_0262,Ludhiana,30.83901,75.915804,rice,2023-11-19,5.71
LUD_0263,Ludhiana,30.786637,75.808626,rice,2023-11-04,2.66
LUD_0264,Ludhiana,30.968853,75.850088,rice,2023-10-25,3.64
LUD_0265,Ludhiana,30.848963,75.756861,rice,2023-11-01,5.23
LUD_0266,Ludhiana,30.929677,75.823137,rice,2023-10-27,4.84
LUD_0267,Ludhiana,30.779048,75.78839,rice,2023-11-01,5.92
LUD_0268,Ludhiana,30.958708,75.89028,rice,2023-10-25,0.53
LUD_0269,Ludhiana,30.812607,75.895252,rice,2023-11-25,5.58
LUD_0270,Ludhiana,30.975123,75.842568,rice,2023-11-01,4.62
LUD_0271,Ludhiana,31.034113,75.846375,rice,2023-10-29,5.55
LUD_0272,Ludhiana,30.830629,75.965536,rice,2023-11-13,1.04
LUD_0273,Ludhiana,30.942565,75.936495,rice,2023-11-11,3.23
LUD_0274,Ludhiana,30.933857,75.759766,rice,2023-11-12,1.69
LUD_0275,Ludhiana,30.836572,75.884678,rice,2023-11-20,1.84
LUD_0276,Ludhiana,31.008187,75.821998,rice,2023-11-04,2.95
LUD_0277,Ludhiana,30.875716,75.768244,rice,2023-10-21,2.97
LUD_0278,Ludhiana,30.765552,75.987224,rice,2023-11-17,4.99
LUD_0279,Ludhiana,30.963597,75.960646,rice,2023-10-15,2.36
LUD_0280,Ludhiana,30.932068,75.887766,rice,2023-11-25,1.97
LUD_0281,Ludhiana,30.823147,75.749194,rice,2023-10-26,4.8
LUD_0282,Ludhiana,30.974067,75.805857,rice,2023-11-14,1.63
LUD_0283,Ludhiana,30.888012,75.870408,rice,2023-11-20,5.31
LUD_0284,Ludhiana,31.017496,75.955373,rice,2023-11-26,5.81
LUD_0285,Ludhiana,30.89134,75.730593,rice,2023-10-27,2.65
LUD_0286,Ludhiana,30.833152,75.764883,rice,2023-10-18,5.74
LUD_0287,Ludhiana,30.815717,75.985926,rice,2023-11-16,4.03
LUD_0288,Ludhiana,30.950285,75.810113,rice,2023-11-18,4.06
LUD_0289,Ludhiana,30.813274,75.979858,rice,2023-10-27,1.9
LUD_0290,Ludhiana,30.960126,75.901106,rice,2023-10-28,2.98
LUD_0291,Ludhiana,30.938085,75.761958,rice,2023-11-19,1.99
LUD_0292,Ludhiana,30.837394,75.76271,rice,2023-11-14,2.33
LUD_0293,Ludhiana,30.85375,75.84447,rice,2023-10-17,1.56
LUD_0294,Ludhiana,30.912687,75.753386,rice,2023-10-23,4.29
LUD_0295,Ludhiana,31.025305,75.836803,rice,2023-10-25,1.04
LUD_0296,Ludhiana,30.773028,75.919283,rice,2023-11-25,4.69
LUD_0297,Ludhiana,30.997056,75.733209,rice,2023-10-18,2.57
LUD_0298,Ludhiana,30.845935,75.765747,rice,2023-11-19,5.98
LUD_0299,Ludhiana,30.778826,75.948862,rice,2023-11-02,4.54
LUD_0300,Ludhiana,30.960281,75.957662,rice,2023-11-13,1.51
LUD_0301,Ludhiana,30.761231,75.884888,rice,2023-10-28,1.18
LUD_0302,Ludhiana,30.813119,75.81019,rice,2023-10-31,0.89
LUD_0303,Ludhiana,30.776936,75.973787,rice,2023-11-05,5.9
LUD_0304,Ludhiana,31.031023,75.75722,rice,2023-10-29,4.43
LUD_0305,Ludhiana,30.929225,75.910681,rice,2023-10-25,1.54
LUD_0306,Ludhiana,30.782459,75.886458,rice,2023-10-19,5.93
LUD_0307,Ludhiana,30.949156,75.916313,rice,2023-11-09,4.23
LUD_0308,Ludhiana,30.772251,75.960062,rice,2023-11-29,2.51
LUD_0309,Ludhiana,30.762222,75.859326,rice,2023-11-12,1.92
LUD_0310,Ludhiana,30.898624,75.765958,rice,2023-11-27,0.82
LUD_0311,Ludhiana,30.783553,75.920863,rice,2023-10-21,1.29
LUD_0312,Ludhiana,30.841729,75.771908,rice,2023-11-23,0.65
LUD_0313,Ludhiana,30.915961,75.913278,rice,2023-10-24,2.63
LUD_0314,Ludhiana,30.916403,75.743648,rice,2023-11-13,1.35
LUD_0315,Ludhiana,31.021902,75.930522,rice,2023-10-29,5.54
LUD_0316,Ludhiana,30.94283,75.977207,rice,2023-11-26,2.79
LUD_0317,Ludhiana,30.762013,75.73482,rice,2023-10-24,1.02
LUD_0318,Ludhiana,30.859477,75.913656,rice,2023-10-20,4.85
LUD_0319,Ludhiana,30.92626,75.758302,rice,2023-11-23,2.45
LUD_0320,Ludhiana,30.764638,75.795865,rice,2023-11-18,2.32
LUD_0321,Ludhiana,30.837789,75.944624,rice,2023-10-16,4.33
LUD_0322,Ludhiana,30.799921,75.943493,rice,2023-11-18,4.22
LUD_0323,Ludhiana,30.815555,75.898766,rice,2023-10-30,2.92
LUD_0324,Ludhiana,30.792394,75.862425,rice,2023-11-06,1.05
LUD_0325,Ludhiana,30.806991,75.754413,rice,2023-11-04,2.07
LUD_0326,Ludhiana,30.860457,75.807483,rice,2023-11-27,5.44
LUD_0327,Ludhiana,30.91863,75.974665,rice,2023-11-20,1.13
LUD_0328,Ludhiana,30.916741,75.81405,rice,2023-10-28,4.91
LUD_0329,Ludhiana,31.007239,75.849621,rice,2023-10-20,3.54
LUD_0330,Ludhiana,30.836858,75.854213,rice,2023-11-28,0.71
LUD_0331,Ludhiana,30.98612,75.745702,rice,2023-11-21,3.61
LUD_0332,Ludhiana,30.773033,75.739509,rice,2023-10-29,4.33
LUD_0333,Ludhiana,30.781098,75.850883,rice,2023-11-22,1.75
LUD_0334,Ludhiana,30.813858,75.931055,rice,2023-10-30,5.73
LUD_0335,Ludhiana,30.80025,75.986011,rice,2023-10-29,4.03
LUD_0336,Ludhiana,30.959779,75.914453,rice,2023-11-11,5.01
LUD_0337,Ludhiana,30.896371,75.86664,rice,2023-10-21,1.08
LUD_0338,Ludhiana,30.947099,75.726711,rice,2023-10-29,2.02
LUD_0339,Ludhiana,30.787384,75.770704,rice,2023-11-22,3.96
LUD_0340,Ludhiana,30.878895,75.742548,rice,2023-11-13,2.88
LUD_0341,Ludhiana,30.859769,75.919029,rice,2023-11-17,3.2
LUD_0342,Ludhiana,30.897355,75.987863,rice,2023-11-10,4.66
LUD_0343,Ludhiana,30.900154,75.851482,rice,2023-10-21,5.68
LUD_0344,Ludhiana,30.850369,75.788963,rice,2023-10-16,6.0
LUD_0345,Ludhiana,30.962233,75.730562,rice,2023-11-26,0.64
LUD_0346,Ludhiana,30.928893,75.737338,rice,2023-10-17,5.63
LUD_0347,Ludhiana,31.023334,75.870195,rice,2023-11-20,2.11
LUD_0348,Ludhiana,30.778912,75.923789,rice,2023-11-12,1.06
LUD_0349,Ludhiana,30.784956,75.804442,rice,2023-10-30,2.89
LUD_0350,Ludhiana,30.959151,75.941678,rice,2023-10-15,3.82
LUD_0351,Ludhiana,30.998125,75.831121,rice,2023-10-19,3.29
LUD_0352,Ludhiana,30.82345,75.981661,rice,2023-11-23,2.01
LUD_0353,Ludhiana,30.768336,75.785249,rice,2023-11-04,2.43
LUD_0354,Ludhiana,30.907907,75.964576,rice,2023-10-31,2.11
LUD_0355,Ludhiana,30.906816,75.812539,rice,2023-11-18,1.37
LUD_0356,Ludhiana,30.789983,75.858139,rice,2023-11-21,4.2
LUD_0357,Ludhiana,30.983747,75.882395,rice,2023-11-24,2.66
LUD_0358,Ludhiana,30.770203,75.749808,rice,2023-11-19,0.71
LUD_0359,Ludhiana,30.853104,75.856038,rice,2023-10-28,3.58
LUD_0360,Ludhiana,30.895571,75.907124,rice,2023-10-31,4.17
LUD_0361,Ludhiana,30.850058,75.81424,rice,2023-10-27,3.78
LUD_0362,Ludhiana,30.849116,75.809789,rice,2023-11-10,4.32
LUD_0363,Ludhiana,30.942275,75.755114,rice,2023-11-01,5.41
LUD_0364,Ludhiana,30.771166,75.956746,rice,2023-11-04,1.4
LUD_0365,Ludhiana,30.90303,75.836114,rice,2023-11-12,5.53
LUD_0366,Ludhiana,30.888379,75.984495,rice,2023-10-15,2.08
LUD_0367,Ludhiana,31.003557,75.975569,rice,2023-11-14,1.61
LUD_0368,Ludhiana,30.952869,75.871014,rice,2023-11-09,5.69
LUD_0369,Ludhiana,30.883996,75.792484,rice,2023-11-24,4.34
LUD_0370,Ludhiana,31.033751,75.725236,rice,2023-10-21,4.57
LUD_0371,Ludhiana,31.020541,75.738239,rice,2023-11-17,4.31
LUD_0372,Ludhiana,30.94243,75.736572,rice,2023-10-20,5.09
LUD_0373,Ludhiana,30.907559,75.971315,rice,2023-10-17,4.97
LUD_0374,Ludhiana,30.905452,75.787779,rice,2023-11-24,3.28
LUD_0375,Ludhiana,30.789227,75.901777,rice,2023-11-29,3.31
LUD_0376,Ludhiana,30.776227,75.801163,rice,2023-10-21,1.78
LUD_0377,Ludhiana,30.934609,75.9376,rice,2023-11-16,5.18
LUD_0378,Ludhiana,31.002015,75.813135,rice,2023-10-17,4.12
LUD_0379,Ludhiana,30.873732,75.760473,rice,2023-10-31,0.97
LUD_0380,Ludhiana,31.006972,75.976101,rice,2023-11-08,5.02
LUD_0381,Ludhiana,30.918508,75.873428,rice,2023-11-25,1.86
LUD_0382,Ludhiana,30.782266,75.874643,rice,2023-11-29,2.31
LUD_0383,Ludhiana,30.851255,75.719284,rice,2023-11-11,1.95
LUD_0384,Ludhiana,30.8136,75.728621,rice,2023-11-11,2.5
LUD_0385,Ludhiana,31.007111,75.811568,rice,2023-10-15,4.66
LUD_0386,Ludhiana,30.852868,75.947359,rice,2023-11-15,4.31
LUD_0387,Ludhiana,30.917588,75.717578,rice,2023-10-16,5.95
LUD_0388,Ludhiana,30.980039,75.979818,rice,2023-10-16,5.46
LUD_0389,Ludhiana,30.766724,75.939017,rice,2023-10-26,4.84
LUD_0390,Ludhiana,30.76288,75.797996,rice,2023-11-04,4.63
LUD_0391,Ludhiana,30.983046,75.89082,rice,2023-11-01,2.21
LUD_0392,Ludhiana,31.031694,75.840279,rice,2023-10-28,2.96
LUD_0393,Ludhiana,30.915653,75.831961,rice,2023-11-01,2.88
LUD_0394,Ludhiana,30.99248,75.971834,rice,2023-11-09,5.63
LUD_0395,Ludhiana,30.919003,75.841102,rice,2023-10-30,5.11
LUD_0396,Ludhiana,30.918635,75.913295,rice,2023-11-16,4.62
LUD_0397,Ludhiana,30.95039,75.926217,rice,2023-11-20,3.24
LUD_0398,Ludhiana,30.925715,75.717994,rice,2023-10-24,5.21
LUD_0399,Ludhiana,30.931807,75.753458,rice,2023-11-10,4.44
LUD_0400,Ludhiana,30.973324,75.827072,rice,2023-11-21,5.2
LUD_0401,Ludhiana,30.876928,75.877043,rice,2023-11-01,4.05
LUD_0402,Ludhiana,30.962089,75.876091,rice,2023-10-15,3.23
LUD_0403,Ludhiana,30.987782,75.908084,rice,2023-11-05,5.77
LUD_0404,Ludhiana,30.959035,75.993923,rice,2023-10-27,5.84
LUD_0405,Ludhiana,31.018295,75.928804,rice,2023-11-26,1.45
LUD_0406,Ludhiana,30.913138,75.931605,rice,2023-11-12,3.36
LUD_0407,Ludhiana,31.004107,75.748004,rice,2023-11-11,3.28
LUD_0408,Ludhiana,30.882051,75.747704,rice,2023-11-01,1.34
LUD_0409,Ludhiana,30.995533,75.852928,rice,2023-11-06,0.59
LUD_0410,Ludhiana,30.893573,75.763326,rice,2023-10-17,4.38
LUD_0411,Ludhiana,30.983691,75.781223,rice,2023-11-16,1.35
LUD_0412,Ludhiana,30.846003,75.966163,rice,2023-11-11,3.49
LUD_0413,Ludhiana,31.009049,75.780369,rice,2023-10-21,3.09
LUD_0414,Ludhiana,30.895422,75.996641,rice,2023-10-30,1.13
LUD_0415,Ludhiana,30.99955,75.959131,rice,2023-11-13,2.39
LUD_0416,Ludhiana,30.906383,75.799191,rice,2023-11-09,4.9
LUD_0417,Ludhiana,30.900518,75.976536,rice,2023-11-07,3.33
LUD_0418,Ludhiana,30.960099,75.858401,rice,2023-11-12,5.47
LUD_0419,Ludhiana,30.812645,75.989838,rice,2023-10-29,5.23
LUD_0420,Ludhiana,30.896214,75.951716,rice,2023-11-21,2.19
LUD_0421,Ludhiana,30.974345,75.756626,rice,2023-10-25,2.95
LUD_0422,Ludhiana,30.85125,75.825665,rice,2023-10-29,5.01
LUD_0423,Ludhiana,30.832869,75.925979,rice,2023-10-22,4.71
LUD_0424,Ludhiana,30.982767,75.829776,rice,2023-10-18,4.47
LUD_0425,Ludhiana,31.017239,75.9415,rice,2023-11-29,3.16
LUD_0426,Ludhiana,30.97922,75.799226,rice,2023-11-01,4.92
LUD_0427,Ludhiana,30.85286,75.942977,rice,2023-11-05,0.74
LUD_0428,Ludhiana,31.040349,75.960748,rice,2023-10-18,5.36
LUD_0429,Ludhiana,31.027358,75.840029,rice,2023-11-15,1.22
LUD_0430,Ludhiana,30.901339,75.778914,rice,2023-10-28,5.65
LUD_0431,Ludhiana,30.762121,75.757395,rice,2023-10-26,1.59
LUD_0432,Ludhiana,30.824218,75.900993,rice,2023-10-26,2.3
LUD_0433,Ludhiana,30.933207,75.966572,rice,2023-11-26,4.32
LUD_0434,Ludhiana,30.863341,75.762027,rice,2023-11-11,2.26
LUD_0435,Ludhiana,31.030999,75.891407,rice,2023-10-26,2.98
LUD_0436,Ludhiana,30.994944,75.904464,rice,2023-10-27,3.58
LUD_0437,Ludhiana,31.008846,75.905583,rice,2023-11-26,1.54
LUD_0438,Ludhiana,30.790789,75.98754,rice,2023-11-13,3.79
LUD_0439,Ludhiana,30.877391,75.882226,rice,2023-10-29,5.02
LUD_0440,Ludhiana,30.821661,75.942573,rice,2023-10-17,3.44
LUD_0441,Ludhiana,30.83844,75.725759,rice,2023-10-20,1.47
LUD_0442,Ludhiana,30.775505,75.928946,rice,2023-11-21,2.43
LUD_0443,Ludhiana,30.870014,75.786479,rice,2023-11-03,2.14
LUD_0444,Ludhiana,30.819854,75.80389,rice,2023-11-23,1.62
LUD_0445,Ludhiana,30.849943,75.740522,rice,2023-11-07,2.79
LUD_0446,Ludhiana,31.007251,75.733341,rice,2023-10-22,1.67
LUD_0447,Ludhiana,31.015337,75.966504,rice,2023-10-26,1.82
LUD_0448,Ludhiana,30.878547,75.776442,rice,2023-11-15,1.21
LUD_0449,Ludhiana,30.8674,75.87853,rice,2023-11-24,3.86
LUD_0450,Ludhiana,30.843951,75.814138,rice,2023-10-31,4.85
LUD_0451,Ludhiana,31.006928,75.80747,rice,2023-11-26,2.03
LUD_0452,Ludhiana,30.775934,75.9239,rice,2023-11-10,1.44
LUD_0453,Ludhiana,30.8802,75.853673,rice,2023-10-19,1.02
LUD_0454,Ludhiana,30.858444,75.98394,rice,2023-10-23,3.88
LUD_0455,Ludhiana,30.867795,75.728195,rice,2023-10-25,1.01
LUD_0456,Ludhiana,30.912912,75.927846,rice,2023-11-11,2.83
LUD_0457,Ludhiana,30.844835,75.730568,rice,2023-11-06,2.87
LUD_0458,Ludhiana,31.008337,75.785638,rice,2023-10-16,3.66
LUD_0459,Ludhiana,30.952606,75.734332,rice,2023-10-18,2.32
LUD_0460,Ludhiana,30.948626,75.84023,rice,2023-10-22,4.54
LUD_0461,Ludhiana,31.003927,75.929644,rice,2023-11-28,4.65
LUD_0462,Ludhiana,30.99961,75.950363,rice,2023-11-29,4.52
LUD_0463,Ludhiana,30.985505,75.979011,rice,2023-11-11,4.01
LUD_0464,Ludhiana,30.905183,75.95559,rice,2023-11-05,2.87
LUD_0465,Ludhiana,30.990523,75.941119,rice,2023-11-23,1.87
LUD_0466,Ludhiana,30.959693,75.929237,rice,2023-11-28,5.65
LUD_0467,Ludhiana,31.014933,75.877887,rice,2023-11-14,1.42
LUD_0468,Ludhiana,31.03399,75.788705,rice,2023-11-10,4.49
LUD_0469,Ludhiana,30.983823,75.84084,rice,2023-11-13,1.54
LUD_0470,Ludhiana,31.000819,75.860312,rice,2023-10-24,1.0
LUD_0471,Ludhiana,30.961765,75.787348,rice,2023-11-23,2.2
LUD_0472,Ludhiana,30.817076,75.74106,rice,2023-11-24,3.31
LUD_0473,Ludhiana,30.887207,75.927667,rice,2023-11-13,2.39
LUD_0474,Ludhiana,30.834263,75.795181,rice,2023-11-05,5.6
LUD_0475,Ludhiana,30.807222,75.993989,rice,2023-11-05,0.99
LUD_0476,Ludhiana,30.830633,75.733656,rice,2023-10-30,4.85
LUD_0477,Ludhiana,30.904515,75.811656,rice,2023-10-25,3.97
LUD_0478,Ludhiana,31.024164,75.986453,rice,2023-11-14,4.24
LUD_0479,Ludhiana,30.989988,75.939179,rice,2023-10-31,4.37
LUD_0480,Ludhiana,30.782913,75.929546,rice,2023-11-06,5.79
LUD_0481,Ludhiana,30.784793,75.951412,rice,2023-10-27,1.74
LUD_0482,Ludhiana,30.907947,75.9771,rice,2023-11-26,5.78
LUD_0483,Ludhiana,30.796807,75.815021,rice,2023-11-12,1.72
LUD_0484,Ludhiana,30.851936,75.723821,rice,2023-11-16,1.34
LUD_0485,Ludhiana,30.918452,75.900165,rice,2023-11-09,4.78
LUD_0486,Ludhiana,30.877279,75.793877,rice,2023-11-13,0.59
LUD_0487,Ludhiana,30.818856,75.804769,rice,2023-11-07,0.61
LUD_0488,Ludhiana,30.805085,75.903808,rice,2023-10-23,3.96
LUD_0489,Ludhiana,31.022991,75.940787,rice,2023-11-27,1.26
LUD_0490,Ludhiana,30.91894,75.734547,rice,2023-11-10,2.87
LUD_0491,Ludhiana,30.870272,75.837088,rice,2023-10-18,4.27
LUD_0492,Ludhiana,30.996464,75.932485,rice,2023-10-27,3.95
LUD_0493,Ludhiana,30.911737,75.726004,rice,2023-11-09,3.5
LUD_0494,Ludhiana,30.836807,75.809096,rice,2023-11-17,5.65
LUD_0495,Ludhiana,30.935821,75.850555,rice,2023-11-03,2.78
LUD_0496,Ludhiana,30.892651,75.798587,rice,2023-11-12,2.92
LUD_0497,Ludhiana,30.952966,75.728484,rice,2023-11-18,2.06
LUD_0498,Ludhiana,30.952117,75.897263,rice,2023-11-20,4.09
LUD_0499,Ludhiana,30.931276,75.985849,rice,2023-11-24,4.53
LUD_0500,Ludhiana,30.958526,75.783455,rice,2023-11-07,2.06
LUD_0501,Ludhiana,30.879725,75.795055,rice,2023-11-27,2.65
LUD_0502,Ludhiana,30.930082,75.778869,rice,2023-10-31,4.92
LUD_0503,Ludhiana,30.88351,75.915048,rice,2023-11-03,3.08
LUD_0504,Ludhiana,30.768901,75.906555,rice,2023-10-18,2.39
LUD_0505,Ludhiana,31.026791,75.808055,rice,2023-10-27,1.92
LUD_0506,Ludhiana,30.934632,75.848072,rice,2023-11-09,2.54
LUD_0507,Ludhiana,30.818033,75.748526,rice,2023-11-21,5.99
LUD_0508,Ludhiana,30.876447,75.71784,rice,2023-10-20,5.74
LUD_0509,Ludhiana,30.766594,75.834504,rice,2023-10-31,5.53
LUD_0510,Ludhiana,30.960608,75.847115,rice,2023-11-17,5.86
LUD_0511,Ludhiana,30.772009,75.99363,rice,2023-10-18,5.61
LUD_0512,Ludhiana,30.832336,75.757188,rice,2023-11-23,4.15
LUD_0513,Ludhiana,30.905441,75.863787,rice,2023-11-22,3.91
LUD_0514,Ludhiana,30.848098,75.829319,rice,2023-11-26,1.23
LUD_0515,Ludhiana,30.814848,75.757438,rice,2023-11-17,4.38
LUD_0516,Ludhiana,30.909497,75.822123,rice,2023-11-21,4.18
LUD_0517,Ludhiana,30.988613,75.964045,rice,2023-11-08,5.01
LUD_0518,Ludhiana,30.904166,75.850168,rice,2023-11-09,5.26
LUD_0519,Ludhiana,30.869185,75.828156,rice,2023-10-23,3.35
LUD_0520,Ludhiana,30.913558,75.902229,rice,2023-10-29,2.87
LUD_0521,Ludhiana,30.821994,75.960016,rice,2023-10-23,5.58
LUD_0522,Ludhiana,30.819059,75.874116,rice,2023-10-30,3.45
LUD_0523,Ludhiana,30.993021,75.756178,rice,2023-10-19,3.42
LUD_0524,Ludhiana,30.925111,75.860147,rice,2023-11-25,0.7
LUD_0525,Ludhiana,30.900185,75.791094,rice,2023-11-04,4.07
LUD_0526,Ludhiana,30.900355,75.743401,rice,2023-10-30,0.9
LUD_0527,Ludhiana,30.812984,75.770748,rice,2023-10-29,1.48
LUD_0528,Ludhiana,31.007881,75.776033,rice,2023-11-11,1.0
LUD_0529,Ludhiana,31.006209,75.799992,rice,2023-10-20,5.77
LUD_0530,Ludhiana,31.025423,75.917477,rice,2023-11-03,0.88
LUD_0531,Ludhiana,30.927135,75.994242,rice,2023-10-21,1.08
LUD_0532,Ludhiana,30.871871,75.80565,rice,2023-11-27,1.21
LUD_0533,Ludhiana,30.955544,75.793978,rice,2023-11-26,1.0
LUD_0534,Ludhiana,30.900431,75.761587,rice,2023-10-30,2.88
LUD_0535,Ludhiana,30.801136,75.984378,rice,2023-11-10,3.37
LUD_0536,Ludhiana,30.816154,75.738681,rice,2023-10-21,1.61
LUD_0537,Ludhiana,30.776337,75.756331,rice,2023-11-15,4.08
LUD_0538,Ludhiana,30.785455,75.840785,rice,2023-11-06,3.7
LUD_0539,Ludhiana,30.826583,75.821482,rice,2023-10-25,1.71
LUD_0540,Ludhiana,30.891691,75.994624,rice,2023-10-18,5.98
LUD_0541,Ludhiana,31.035294,75.835764,rice,2023-11-17,2.28
LUD_0542,Ludhiana,30.82756,75.721255,rice,2023-10-18,1.02
LUD_0543,Ludhiana,30.887894,75.812405,rice,2023-10-21,4.44
LUD_0544,Ludhiana,30.860992,75.955823,rice,2023-10-23,1.83
LUD_0545,Ludhiana,30.91175,75.768859,rice,2023-10-18,1.34
LUD_0546,Ludhiana,30.806242,75.888723,rice,2023-11-06,1.95
LUD_0547,Ludhiana,30.809263,75.977635,rice,2023-11-09,3.61
LUD_0548,Ludhiana,30.914514,75.78747,rice,2023-10-16,2.99
LUD_0549,Ludhiana,30.785567,75.919256,rice,2023-11-25,1.56
LUD_0550,Ludhiana,30.849166,75.969964,rice,2023-10-25,4.88
LUD_0551,Ludhiana,31.02613,75.899849,rice,2023-11-16,3.14
LUD_0552,Ludhiana,31.014452,75.860346,rice,2023-11-14,2.45
LUD_0553,Ludhiana,30.940305,75.870219,rice,2023-11-21,2.66
LUD_0554,Ludhiana,30.848731,75.954413,rice,2023-10-20,2.58
LUD_0555,Ludhiana,30.991035,75.841169,rice,2023-11-07,1.24
LUD_0556,Ludhiana,31.019902,75.851857,rice,2023-11-18,1.93
LUD_0557,Ludhiana,30.828617,75.791522,rice,2023-10-30,4.45
LUD_0558,Ludhiana,31.026889,75.90463,rice,2023-10-31,3.51
LUD_0559,Ludhiana,30.886607,75.949194,rice,2023-10-29,2.11
LUD_0560,Ludhiana,31.027958,75.827932,rice,2023-11-23,4.9
LUD_0561,Ludhiana,31.03171,75.914324,rice,2023-11-18,3.72
LUD_0562,Ludhiana,30.794258,75.93826,rice,2023-10-22,2.05
LUD_0563,Ludhiana,30.95566,75.972125,rice,2023-11-24,2.66
LUD_0564,Ludhiana,30.942193,75.834804,rice,2023-10-23,1.46
LUD_0565,Ludhiana,30.76914,75.831147,rice,2023-11-04,3.66
LUD_0566,Ludhiana,30.804748,75.843494,rice,2023-11-13,2.53
LUD_0567,Ludhiana,30.837777,75.921496,rice,2023-10-19,3.47
LUD_0568,Ludhiana,31.019503,75.868297,rice,2023-10-29,3.89
LUD_0569,Ludhiana,30.781509,75.767178,rice,2023-11-05,4.71
LUD_0570,Ludhiana,30.995058,75.769507,rice,2023-10-19,1.71
LUD_0571,Ludhiana,30.851498,75.882802,rice,2023-10-21,4.28
LUD_0572,Ludhiana,31.014454,75.799911,rice,2023-11-12,4.12
LUD_0573,Ludhiana,30.917722,75.802934,rice,2023-10-29,1.03
LUD_0574,Ludhiana,30.96036,75.921105,rice,2023-11-25,5.53
LUD_0575,Ludhiana,30.906203,75.807354,rice,2023-11-12,4.74
LUD_0576,Ludhiana,30.901088,75.9323,rice,2023-11-22,1.97
LUD_0577,Ludhiana,30.926062,75.959551,rice,2023-11-28,3.16
LUD_0578,Ludhiana,31.027293,75.940799,rice,2023-10-29,5.38
LUD_0579,Ludhiana,30.868869,75.996321,rice,2023-11-12,3.35
LUD_0580,Ludhiana,30.895197,75.940861,rice,2023-10-22,5.5
LUD_0581,Ludhiana,30.965719,75.892809,rice,2023-10-17,3.31
LUD_0582,Ludhiana,30.903604,75.723003,rice,2023-11-03,3.27
LUD_0583,Ludhiana,31.000672,75.915897,rice,2023-10-22,2.65
LUD_0584,Ludhiana,30.909113,75.726675,rice,2023-11-20,2.61
LUD_0585,Ludhiana,30.893836,75.788758,rice,2023-10-17,4.3
LUD_0586,Ludhiana,30.882825,75.83369,rice,2023-10-16,1.87
LUD_0587,Ludhiana,30.911593,75.839947,rice,2023-11-05,3.69
LUD_0588,Ludhiana,30.762771,75.971455,rice,2023-11-05,0.89
LUD_0589,Ludhiana,30.887259,75.775364,rice,2023-11-14,2.04
LUD_0590,Ludhiana,31.001802,75.828281,rice,2023-11-08,4.01
LUD_0591,Ludhiana,30.830686,75.722734,rice,2023-11-29,3.45
LUD_0592,Ludhiana,30.889673,75.986664,rice,2023-11-02,4.39
LUD_0593,Ludhiana,31.039788,75.799917,rice,2023-11-16,3.56
LUD_0594,Ludhiana,30.932293,75.993339,rice,2023-11-20,4.1
LUD_0595,Ludhiana,31.012669,75.92051,rice,2023-11-19,4.35
LUD_0596,Ludhiana,30.896608,75.974563,rice,2023-10-20,4.94
LUD_0597,Ludhiana,30.790158,75.754796,rice,2023-10-22,3.21
LUD_0598,Ludhiana,30.783616,75.91993,rice,2023-10-18,3.54
LUD_0599,Ludhiana,30.995048,75.795643,rice,2023-11-29,1.15
LUD_0600,Ludhiana,31.008691,75.766301,rice,2023-11-07,1.06
PAT_0001,Patiala,30.257214,76.472645,rice,2023-11-22,3.88
PAT_0002,Patiala,30.408731,76.457203,rice,2023-10-19,1.55
PAT_0003,Patiala,30.217055,76.372566,rice,2023-11-18,4.35
PAT_0004,Patiala,30.299674,76.372719,rice,2023-10-24,1.12
PAT_0005,Patiala,30.358714,76.298847,rice,2023-10-18,0.89
PAT_0006,Patiala,30.47305,76.438568,rice,2023-11-15,1.5
PAT_0007,Patiala,30.203747,76.34055,rice,2023-11-06,1.7
PAT_0008,Patiala,30.44417,76.415797,rice,2023-10-22,1.47
PAT_0009,Patiala,30.355665,76.318519,rice,2023-11-18,0.68
PAT_0010,Patiala,30.404849,76.463339,rice,2023-11-28,0.87
PAT_0011,Patiala,30.247923,76.354506,rice,2023-11-21,3.45
PAT_0012,Patiala,30.383286,76.466144,rice,2023-11-23,5.05
PAT_0013,Patiala,30.33316,76.389362,rice,2023-11-08,1.95
PAT_0014,Patiala,30.439057,76.25272,rice,2023-11-17,1.58
PAT_0015,Patiala,30.423856,76.342172,rice,2023-10-27,1.53
PAT_0016,Patiala,30.348412,76.483831,rice,2023-10-21,0.89
PAT_0017,Patiala,30.208335,76.377147,rice,2023-11-07,2.03
PAT_0018,Patiala,30.468368,76.495451,rice,2023-11-27,2.06
PAT_0019,Patiala,30.428545,76.438943,rice,2023-11-16,2.83
PAT_0020,Patiala,30.428141,76.468962,rice,2023-11-07,4.66
PAT_0021,Patiala,30.479312,76.380883,rice,2023-10-20,5.24
PAT_0022,Patiala,30.259049,76.258679,rice,2023-11-21,2.73
PAT_0023,Patiala,30.439686,76.327849,rice,2023-11-11,0.54
PAT_0024,Patiala,30.299302,76.419245,rice,2023-11-16,1.21
PAT_0025,Patiala,30.45085,76.290657,rice,2023-11-25,1.69
PAT_0026,Patiala,30.478198,76.41623,rice,2023-11-25,0.96
PAT_0027,Patiala,30.218078,76.267878,rice,2023-11-19,4.95
PAT_0028,Patiala,30.31263,76.371454,rice,2023-11-11,3.74
PAT_0029,Patiala,30.349051,76.439557,rice,2023-11-21,4.43
PAT_0030,Patiala,30.479047,76.344983,rice,2023-11-05,0.57
PAT_0031,Patiala,30.234975,76.401884,rice,2023-10-23,5.67
PAT_0032,Patiala,30.375485,76.392599,rice,2023-10-30,4.89
PAT_0033,Patiala,30.272205,76.476427,rice,2023-10-27,3.91
PAT_0034,Patiala,30.461532,76.467501,rice,2023-10-15,5.19
PAT_0035,Patiala,30.310947,76.477687,rice,2023-11-25,3.9
PAT_0036,Patiala,30.216296,76.303334,rice,2023-11-09,3.53
PAT_0037,Patiala,30.216264,76.454505,rice,2023-11-01,5.56
PAT_0038,Patiala,30.228295,76.510022,rice,2023-11-22,0.87
PAT_0039,Patiala,30.332536,76.48217,rice,2023-11-15,0.6
PAT_0040,Patiala,30.206785,76.390056,rice,2023-10-18,4.96
PAT_0041,Patiala,30.235479,76.281791,rice,2023-11-15,1.79
PAT_0042,Patiala,30.40426,76.512798,rice,2023-11-10,4.71
PAT_0043,Patiala,30.445409,76.392384,rice,2023-11-04,1.51
PAT_0044,Patiala,30.218937,76.430567,rice,2023-11-22,0.79
PAT_0045,Patiala,30.449695,76.440535,rice,2023-11-23,2.23
PAT_0046,Patiala,30.335924,76.454573,rice,2023-11-27,1.84
PAT_0047,Patiala,30.351518,76.431551,rice,2023-11-25,4.6
PAT_0048,Patiala,30.232877,76.379993,rice,2023-11-29,3.74
PAT_0049,Patiala,30.240854,76.36785,rice,2023-10-16,1.15
PAT_0050,Patiala,30.343172,76.293277,rice,2023-10-28,3.75
PAT_0051,Patiala,30.247315,76.449507,rice,2023-11-17,5.43
PAT_0052,Patiala,30.207139,76.393059,rice,2023-10-23,2.26
PAT_0053,Patiala,30.262821,76.378949,rice,2023-10-19,5.53
PAT_0054,Patiala,30.28471,76.290088,rice,2023-11-22,4.46
PAT_0055,Patiala,30.36276,76.303185,rice,2023-10-20,3.35
PAT_0056,Patiala,30.382751,76.347515,rice,2023-11-18,2.92
PAT_0057,Patiala,30.250296,76.458724,rice,2023-10-30,4.78
PAT_0058,Patiala,30.423242,76.455948,rice,2023-10-22,0.61
PAT_0059,Patiala,30.276277,76.378035,rice,2023-11-25,5.56
PAT_0060,Patiala,30.30497,76.491907,rice,2023-11-11,1.4
PAT_0061,Patiala,30.303759,76.261539,rice,2023-11-16,1.33
PAT_0062,Patiala,30.271766,76.463965,rice,2023-11-18,3.44
PAT_0063,Patiala,30.203712,76.247526,rice,2023-11-15,2.18
PAT_0064,Patiala,30.250287,76.418706,rice,2023-11-07,1.76
PAT_0065,Patiala,30.365618,76.353094,rice,2023-11-08,1.26
PAT_0066,Patiala,30.266121,76.255253,rice,2023-10-23,2.19
PAT_0067,Patiala,30.452347,76.479681,rice,2023-10-19,3.67
PAT_0068,Patiala,30.358661,76.478947,rice,2023-11-01,1.8
PAT_0069,Patiala,30.282788,76.3314,rice,2023-11-05,2.23
PAT_0070,Patiala,30.445616,76.502257,rice,2023-10-16,1.1
PAT_0071,Patiala,30.328056,76.353678,rice,2023-11-06,3.55
PAT_0072,Patiala,30.205472,76.482728,rice,2023-11-06,5.86
PAT_0073,Patiala,30.382753,76.431827,rice,2023-10-30,2.34
PAT_0074,Patiala,30.241514,76.410438,rice,2023-11-08,0.75
PAT_0075,Patiala,30.430661,76.364755,rice,2023-11-14,2.3
PAT_0076,Patiala,30.471219,76.295877,rice,2023-11-03,1.33
PAT_0077,Patiala,30.246149,76.431288,rice,2023-11-29,1.8
PAT_0078,Patiala,30.453373,76.324913,rice,2023-11-29,4.06
PAT_0079,Patiala,30.21114,76.385683,rice,2023-10-20,3.45
PAT_0080,Patiala,30.266394,76.478879,rice,2023-11-14,5.84
PAT_0081,Patiala,30.328375,76.424957,rice,2023-11-23,1.83
PAT_0082,Patiala,30.441846,76.325356,rice,2023-11-20,4.77
PAT_0083,Patiala,30.231188,76.327648,rice,2023-11-19,3.39
PAT_0084,Patiala,30.437921,76.525816,rice,2023-11-08,1.09
PAT_0085,Patiala,30.275789,76.347027,rice,2023-11-29,3.22
PAT_0086,Patiala,30.439535,76.462657,rice,2023-11-06,0.6
PAT_0087,Patiala,30.327206,76.419961,rice,2023-11-20,1.22
PAT_0088,Patiala,30.311093,76.362164,rice,2023-11-05,1.53
PAT_0089,Patiala,30.411566,76.336892,rice,2023-11-18,3.34
PAT_0090,Patiala,30.44548,76.281064,rice,2023-11-11,1.13
PAT_0091,Patiala,30.28389,76.36764,rice,2023-11-23,4.7
PAT_0092,Patiala,30.268474,76.270637,rice,2023-10-28,2.78
PAT_0093,Patiala,30.416346,76.485057,rice,2023-11-02,3.57
PAT_0094,Patiala,30.402574,76.437689,rice,2023-11-17,1.79
PAT_0095,Patiala,30.354012,76.462671,rice,2023-11-13,4.1
PAT_0096,Patiala,30.334615,76.387784,rice,2023-10-29,1.0
PAT_0097,Patiala,30.386341,76.489292,rice,2023-11-16,2.51
PAT_0098,Patiala,30.213427,76.255197,rice,2023-10-21,5.94
PAT_0099,Patiala,30.337972,76.346445,rice,2023-11-08,5.89
PAT_0100,Patiala,30.27043,76.450098,rice,2023-10-27,2.06
PAT_0101,Patiala,30.219537,76.438217,rice,2023-10-25,4.22
PAT_0102,Patiala,30.269905,76.455809,rice,2023-10-15,4.73
PAT_0103,Patiala,30.40255,76.253755,rice,2023-10-31,5.95
PAT_0104,Patiala,30.267735,76.323687,rice,2023-11-16,4.97
PAT_0105,Patiala,30.244711,76.431863,rice,2023-11-29,0.7
PAT_0106,Patiala,30.354853,76.408146,rice,2023-11-18,2.17
PAT_0107,Patiala,30.445177,76.29247,rice,2023-11-16,5.17
PAT_0108,Patiala,30.25318,76.476885,rice,2023-10-31,0.93
PAT_0109,Patiala,30.336784,76.267993,rice,2023-11-15,4.85
PAT_0110,Patiala,30.43776,76.521653,rice,2023-11-15,4.2
PAT_0111,Patiala,30.415137,76.388512,rice,2023-11-03,4.04
PAT_0112,Patiala,30.447194,76.312827,rice,2023-11-25,3.23
PAT_0113,Patiala,30.404149,76.303662,rice,2023-11-02,5.88
PAT_0114,Patiala,30.321491,76.297808,rice,2023-10-24,2.32
PAT_0115,Patiala,30.311065,76.421364,rice,2023-10-30,5.93
PAT_0116,Patiala,30.382276,76.442878,rice,2023-11-26,2.27
PAT_0117,Patiala,30.439804,76.307884,rice,2023-11-17,5.85
PAT_0118,Patiala,30.441759,76.331921,rice,2023-10-19,4.21
PAT_0119,Patiala,30.330565,76.337376,rice,2023-11-09,1.25
PAT_0120,Patiala,30.353609,76.371947,rice,2023-10-28,3.32
PAT_0121,Patiala,30.2601,76.509711,rice,2023-11-18,5.45
PAT_0122,Patiala,30.230396,76.421298,rice,2023-11-13,5.17
PAT_0123,Patiala,30.292458,76.30154,rice,2023-10-23,2.0
PAT_0124,Patiala,30.325016,76.33817,rice,2023-10-27,1.99
PAT_0125,Patiala,30.381383,76.261749,rice,2023-11-23,4.29
PAT_0126,Patiala,30.249038,76.30876,rice,2023-10-30,1.6
PAT_0127,Patiala,30.200059,76.379555,rice,2023-11-03,2.0
PAT_0128,Patiala,30.478345,76.504051,rice,2023-10-16,1.68
PAT_0129,Patiala,30.286601,76.376737,rice,2023-10-24,4.91
PAT_0130,Patiala,30.235148,76.281746,rice,2023-11-22,2.79
PAT_0131,Patiala,30.443427,76.493884,rice,2023-10-20,3.66
PAT_0132,Patiala,30.243389,76.439016,rice,2023-10-19,5.54
PAT_0133,Patiala,30.327135,76.270163,rice,2023-11-04,2.75
PAT_0134,Patiala,30.426852,76.342196,rice,2023-11-10,5.31
PAT_0135,Patiala,30.276436,76.291005,rice,2023-11-04,0.69
PAT_0136,Patiala,30.278549,76.431733,rice,2023-10-29,1.28
PAT_0137,Patiala,30.230982,76.283968,rice,2023-11-16,5.31
PAT_0138,Patiala,30.464152,76.259937,rice,2023-10-18,4.68
PAT_0139,Patiala,30.406202,76.526035,rice,2023-10-30,2.07
PAT_0140,Patiala,30.326663,76.486741,rice,2023-10-31,4.51
PAT_0141,Patiala,30.331855,76.315378,rice,2023-11-03,5.2
PAT_0142,Patiala,30.311786,76.434104,rice,2023-11-17,2.7
PAT_0143,Patiala,30.333778,76.393875,rice,2023-11-24,5.88
PAT_0144,Patiala,30.324223,76.342748,rice,2023-11-19,2.55
PAT_0145,Patiala,30.237289,76.330043,rice,2023-11-21,2.85
PAT_0146,Patiala,30.24666,76.343894,rice,2023-10-18,4.86
PAT_0147,Patiala,30.26866,76.41823,rice,2023-11-04,3.62
PAT_0148,Patiala,30.254062,76.343435,rice,2023-11-25,3.75
PAT_0149,Patiala,30.341651,76.288514,rice,2023-11-03,3.49
PAT_0150,Patiala,30.274653,76.418385,rice,2023-11-04,0.89
PAT_0151,Patiala,30.29405,76.472098,rice,2023-10-26,3.83
PAT_0152,Patiala,30.314608,76.335509,rice,2023-10-26,5.54
PAT_0153,Patiala,30.295913,76.313169,rice,2023-11-24,4.6
PAT_0154,Patiala,30.390704,76.26077,rice,2023-11-25,1.22
PAT_0155,Patiala,30.378535,76.305541,rice,2023-10-15,4.79
PAT_0156,Patiala,30.279859,76.266944,rice,2023-10-25,0.7
PAT_0157,Patiala,30.32389,76.419696,rice,2023-11-02,1.11
PAT_0158,Patiala,30.254868,76.395244,rice,2023-11-23,2.5
PAT_0159,Patiala,30.33491,76.505655,rice,2023-10-24,2.78
PAT_0160,Patiala,30.476843,76.26516,rice,2023-11-09,5.63
PAT_0161,Patiala,30.340265,76.387952,rice,2023-11-06,3.29
PAT_0162,Patiala,30.322554,76.323197,rice,2023-11-26,4.12
PAT_0163,Patiala,30.359301,76.306917,rice,2023-11-09,4.04
PAT_0164,Patiala,30.311053,76.248132,rice,2023-11-16,2.96
PAT_0165,Patiala,30.201496,76.2679,rice,2023-11-06,0.95
PAT_0166,Patiala,30.276986,76.430438,rice,2023-11-03,2.2
PAT_0167,Patiala,30.479142,76.503465,rice,2023-10-25,5.82
PAT_0168,Patiala,30.442845,76.336192,rice,2023-11-10,4.62
PAT_0169,Patiala,30.238113,76.438574,rice,2023-11-04,0.59
PAT_0170,Patiala,30.276584,76.514407,rice,2023-11-06,2.24
PAT_0171,Patiala,30.250607,76.299409,rice,2023-11-04,5.13
PAT_0172,Patiala,30.41204,76.369219,rice,2023-11-06,1.65
PAT_0173,Patiala,30.212698,76.376436,rice,2023-11-05,4.51
PAT_0174,Patiala,30.314208,76.413417,rice,2023-11-21,2.9
PAT_0175,Patiala,30.361925,76.391801,rice,2023-10-24,3.29
PAT_0176,Patiala,30.463171,76.366748,rice,2023-11-15,0.59
PAT_0177,Patiala,30.265985,76.38707,rice,2023-11-29,3.54
PAT_0178,Patiala,30.399875,76.323801,rice,2023-11-08,4.16
PAT_0179,Patiala,30.396929,76.362059,rice,2023-10-28,1.48
PAT_0180,Patiala,30.315716,76.467209,rice,2023-11-02,5.5
PAT_0181,Patiala,30.366012,76.330724,rice,2023-10-16,4.57
PAT_0182,Patiala,30.29282,76.478333,rice,2023-11-15,0.91
PAT_0183,Patiala,30.202811,76.281332,rice,2023-11-21,5.33
PAT_0184,Patiala,30.318795,76.323881,rice,2023-10-22,2.86
PAT_0185,Patiala,30.310355,76.331309,rice,2023-11-11,4.11
PAT_0186,Patiala,30.238049,76.464019,rice,2023-10-21,1.61
PAT_0187,Patiala,30.404584,76.472464,rice,2023-10-29,0.98
PAT_0188,Patiala,30.46568,76.376553,rice,2023-10-20,3.97
PAT_0189,Patiala,30.206313,76.324939,rice,2023-11-21,5.37
PAT_0190,Patiala,30.275803,76.463954,rice,2023-11-07,4.14
PAT_0191,Patiala,30.232076,76.329045,rice,2023-11-02,2.93
PAT_0192,Patiala,30.377694,76.368258,rice,2023-10-25,1.84
PAT_0193,Patiala,30.394646,76.410552,rice,2023-11-16,3.55
PAT_0194,Patiala,30.261932,76.437421,rice,2023-11-07,2.63
PAT_0195,Patiala,30.301571,76.288826,rice,2023-11-26,3.81
PAT_0196,Patiala,30.295084,76.487658,rice,2023-11-11,5.15
PAT_0197,Patiala,30.230335,76.441511,rice,2023-11-22,6.0
PAT_0198,Patiala,30.262807,76.325447,rice,2023-11-02,2.93
PAT_0199,Patiala,30.27504,76.440658,rice,2023-10-24,1.71
PAT_0200,Patiala,30.341585,76.495761,rice,2023-11-06,4.86
PAT_0201,Patiala,30.339472,76.327678,rice,2023-11-24,5.33
PAT_0202,Patiala,30.398647,76.407106,rice,2023-10-23,5.34
PAT_0203,Patiala,30.233873,76.437997,rice,2023-11-04,1.16
PAT_0204,Patiala,30.33017,76.35537,rice,2023-10-24,5.68
PAT_0205,Patiala,30.290514,76.475073,rice,2023-11-01,4.17
PAT_0206,Patiala,30.457512,76.361119,rice,2023-11-18,2.64
PAT_0207,Patiala,30.244865,76.324113,rice,2023-11-10,3.11
PAT_0208,Patiala,30.295379,76.307411,rice,2023-11-24,3.17
PAT_0209,Patiala,30.400466,76.327174,rice,2023-11-08,3.96
PAT_0210,Patiala,30.420318,76.317155,rice,2023-11-18,3.97
PAT_0211,Patiala,30.242846,76.348763,rice,2023-11-24,3.97
PAT_0212,Patiala,30.252401,76.487236,rice,2023-11-17,0.79
PAT_0213,Patiala,30.36646,76.52237,rice,2023-11-26,4.9
PAT_0214,Patiala,30.366451,76.466165,rice,2023-11-08,4.11
PAT_0215,Patiala,30.393317,76.310687,rice,2023-10-28,1.81
PAT_0216,Patiala,30.474379,76.31068,rice,2023-11-18,1.8
PAT_0217,Patiala,30.440228,76.314936,rice,2023-10-18,4.43
PAT_0218,Patiala,30.24425,76.29144,rice,2023-10-31,3.17
PAT_0219,Patiala,30.268035,76.312884,rice,2023-10-30,2.54
PAT_0220,Patiala,30.28891,76.255624,rice,2023-10-15,3.92
PAT_0221,Patiala,30.375263,76.266724,rice,2023-10-22,5.3
PAT_0222,Patiala,30.362807,76.362253,rice,2023-10-29,3.06
PAT_0223,Patiala,30.258118,76.474227,rice,2023-10-28,5.51
PAT_0224,Patiala,30.262502,76.333907,rice,2023-11-26,1.38
PAT_0225,Patiala,30.285816,76.340086,rice,2023-11-11,1.54
PAT_0226,Patiala,30.457231,76.275768,rice,2023-11-13,0.54
PAT_0227,Patiala,30.439185,76.443956,rice,2023-11-06,3.78
PAT_0228,Patiala,30.262392,76.294049,rice,2023-10-31,3.09
PAT_0229,Patiala,30.298693,76.419164,rice,2023-10-30,4.15
PAT_0230,Patiala,30.414521,76.293558,rice,2023-10-25,0.74
PAT_0231,Patiala,30.322884,76.463627,rice,2023-11-15,4.36
PAT_0232,Patiala,30.312595,76.312685,rice,2023-11-13,3.42
PAT_0233,Patiala,30.257022,76.450244,rice,2023-11-18,2.1
PAT_0234,Patiala,30.341633,76.383179,rice,2023-10-24,3.8
PAT_0235,Patiala,30.322284,76.504353,rice,2023-11-01,5.34
PAT_0236,Patiala,30.376065,76.424702,rice,2023-11-22,3.85
PAT_0237,Patiala,30.321568,76.33709,rice,2023-11-17,0.64
PAT_0238,Patiala,30.201888,76.48536,rice,2023-11-11,0.76
PAT_0239,Patiala,30.346743,76.419097,rice,2023-10-25,5.43
PAT_0240,Patiala,30.253027,76.494564,rice,2023-10-24,4.7
PAT_0241,Patiala,30.267208,76.289108,rice,2023-10-23,2.69
PAT_0242,Patiala,30.26862,76.52659,rice,2023-10-29,1.76
PAT_0243,Patiala,30.432378,76.291453,rice,2023-11-13,1.74
PAT_0244,Patiala,30.317873,76.403298,rice,2023-11-29,1.16
PAT_0245,Patiala,30.42851,76.323812,rice,2023-10-17,3.52
PAT_0246,Patiala,30.368539,76.262436,rice,2023-11-09,1.43
PAT_0247,Patiala,30.244934,76.331474,rice,2023-11-03,5.57
PAT_0248,Patiala,30.343427,76.421501,rice,2023-10-21,2.47
PAT_0249,Patiala,30.277149,76.38779,rice,2023-11-01,2.39
PAT_0250,Patiala,30.32657,76.388505,rice,2023-10-28,5.91
PAT_0251,Patiala,30.26233,76.383533,rice,2023-11-05,2.42
PAT_0252,Patiala,30.400647,76.295749,rice,2023-10-21,3.7
PAT_0253,Patiala,30.316476,76.261342,rice,2023-11-23,2.77
PAT_0254,Patiala,30.419299,76.363468,rice,2023-11-26,5.66
PAT_0255,Patiala,30.281132,76.362325,rice,2023-10-15,2.39
PAT_0256,Patiala,30.30182,76.52545,rice,2023-11-18,3.56
PAT_0257,Patiala,30.392827,76.427069,rice,2023-11-11,5.24
PAT_0258,Patiala,30.357512,76.329376,rice,2023-11-22,0.63
PAT_0259,Patiala,30.371833,76.478031,rice,2023-10-25,1.41
PAT_0260,Patiala,30.280463,76.389697,rice,2023-11-04,5.1
PAT_0261,Patiala,30.247891,76.418302,rice,2023-11-18,5.65
PAT_0262,Patiala,30.232477,76.50629,rice,2023-11-18,3.81
PAT_0263,Patiala,30.414476,76.261957,rice,2023-11-02,3.92
PAT_0264,Patiala,30.285713,76.367762,rice,2023-11-07,3.55
PAT_0265,Patiala,30.354513,76.258621,rice,2023-11-13,1.68
PAT_0266,Patiala,30.456475,76.520342,rice,2023-11-04,2.15
PAT_0267,Patiala,30.248852,76.308361,rice,2023-10-30,5.31
PAT_0268,Patiala,30.33981,76.26241,rice,2023-11-05,0.72
PAT_0269,Patiala,30.263469,76.482876,rice,2023-11-16,3.6
PAT_0270,Patiala,30.289111,76.507139,rice,2023-11-12,2.32
PAT_0271,Patiala,30.433584,76.497753,rice,2023-11-19,5.42
PAT_0272,Patiala,30.277305,76.431261,rice,2023-11-06,0.98
PAT_0273,Patiala,30.332502,76.307753,rice,2023-10-19,0.52
PAT_0274,Patiala,30.290731,76.411969,rice,2023-10-17,3.0
PAT_0275,Patiala,30.284295,76.524436,rice,2023-11-06,1.19
PAT_0276,Patiala,30.31603,76.428577,rice,2023-11-27,4.53
PAT_0277,Patiala,30.302384,76.455859,rice,2023-10-26,2.32
PAT_0278,Patiala,30.400401,76.422091,rice,2023-10-20,5.1
PAT_0279,Patiala,30.21292,76.29573,rice,2023-11-24,1.56
PAT_0280,Patiala,30.200999,76.388079,rice,2023-10-17,3.41
PAT_0281,Patiala,30.38401,76.354675,rice,2023-11-11,4.21
PAT_0282,Patiala,30.215002,76.489428,rice,2023-10-15,0.62
PAT_0283,Patiala,30.348333,76.497477,rice,2023-10-29,3.85
PAT_0284,Patiala,30.390651,76.281174,rice,2023-11-10,4.21
PAT_0285,Patiala,30.446299,76.519682,rice,2023-11-14,2.39
PAT_0286,Patiala,30.410727,76.398905,rice,2023-11-04,1.92
PAT_0287,Patiala,30.248004,76.294564,rice,2023-10-28,1.44
PAT_0288,Patiala,30.205321,76.261485,rice,2023-11-05,5.61
PAT_0289,Patiala,30.220229,76.267391,rice,2023-11-25,1.85
PAT_0290,Patiala,30.469354,76.501976,rice,2023-11-04,2.73
PAT_0291,Patiala,30.325445,76.351932,rice,2023-11-12,2.11
PAT_0292,Patiala,30.234149,76.275564,rice,2023-10-16,3.58
PAT_0293,Patiala,30.227454,76.275721,rice,2023-11-03,2.93
PAT_0294,Patiala,30.238338,76.248146,rice,2023-11-06,1.56
PAT_0295,Patiala,30.26585,76.47097,rice,2023-10-15,2.73
PAT_0296,Patiala,30.313207,76.446395,rice,2023-11-26,3.95
PAT_0297,Patiala,30.251359,76.277053,rice,2023-11-16,3.61
PAT_0298,Patiala,30.238638,76.329017,rice,2023-11-04,2.18
PAT_0299,Patiala,30.272963,76.375913,rice,2023-11-23,3.3
PAT_0300,Patiala,30.256208,76.275723,rice,2023-11-14,5.02
PAT_0301,Patiala,30.334005,76.264299,rice,2023-11-01,4.92
PAT_0302,Patiala,30.410283,76.492129,rice,2023-10-26,3.81
PAT_0303,Patiala,30.318214,76.366358,rice,2023-11-07,4.08
PAT_0304,Patiala,30.363619,76.290262,rice,2023-10-23,5.37
PAT_0305,Patiala,30.302971,76.260827,rice,2023-11-17,5.28
PAT_0306,Patiala,30.456548,76.384212,rice,2023-10-30,5.76
PAT_0307,Patiala,30.444868,76.477965,rice,2023-11-23,2.6
PAT_0308,Patiala,30.411611,76.408555,rice,2023-11-23,4.46
PAT_0309,Patiala,30.24958,76.45169,rice,2023-11-19,2.16
PAT_0310,Patiala,30.475925,76.352845,rice,2023-11-28,1.6
PAT_0311,Patiala,30.23124,76.466689,rice,2023-11-11,2.19
PAT_0312,Patiala,30.370166,76.339888,rice,2023-11-09,2.97
PAT_0313,Patiala,30.441346,76.433987,rice,2023-11-27,3.71
PAT_0314,Patiala,30.477391,76.314495,rice,2023-11-19,1.94
PAT_0315,Patiala,30.225717,76.402025,rice,2023-10-18,4.49
PAT_0316,Patiala,30.293725,76.250332,rice,2023-11-12,3.98
PAT_0317,Patiala,30.479435,76.329374,rice,2023-11-28,2.05
PAT_0318,Patiala,30.318916,76.317156,rice,2023-10-23,2.41
PAT_0319,Patiala,30.378498,76.343508,rice,2023-10-21,0.72
PAT_0320,Patiala,30.456824,76.360828,rice,2023-11-02,2.3
PAT_0321,Patiala,30.224016,76.424471,rice,2023-11-23,0.73
PAT_0322,Patiala,30.240476,76.287889,rice,2023-11-23,3.81
PAT_0323,Patiala,30.457745,76.369475,rice,2023-10-21,4.71
PAT_0324,Patiala,30.407719,76.315992,rice,2023-10-30,1.38
PAT_0325,Patiala,30.299987,76.464069,rice,2023-10-30,4.16
PAT_0326,Patiala,30.43204,76.324496,rice,2023-11-15,2.37
PAT_0327,Patiala,30.211655,76.490149,rice,2023-11-16,2.14
PAT_0328,Patiala,30.219237,76.449455,rice,2023-11-10,4.62
PAT_0329,Patiala,30.38633,76.303959,rice,2023-11-05,4.64
PAT_0330,Patiala,30.383972,76.429164,rice,2023-11-26,5.47
PAT_0331,Patiala,30.459726,76.413678,rice,2023-10-30,2.5
PAT_0332,Patiala,30.429142,76.427389,rice,2023-11-03,0.92
PAT_0333,Patiala,30.239612,76.498952,rice,2023-11-06,5.74
PAT_0334,Patiala,30.319598,76.466437,rice,2023-11-24,5.06
PAT_0335,Patiala,30.288195,76.287595,rice,2023-11-06,0.67
PAT_0336,Patiala,30.367054,76.428959,rice,2023-11-29,4.25
PAT_0337,Patiala,30.271376,76.448942,rice,2023-10-22,5.06
PAT_0338,Patiala,30.261153,76.441978,rice,2023-10-24,4.81
PAT_0339,Patiala,30.252705,76.313536,rice,2023-10-17,0.97
PAT_0340,Patiala,30.253213,76.374449,rice,2023-11-19,5.62
PAT_0341,Patiala,30.357126,76.35545,rice,2023-11-21,3.05
PAT_0342,Patiala,30.321246,76.36216,rice,2023-11-29,2.22
PAT_0343,Patiala,30.290995,76.439494,rice,2023-10-19,4.25
PAT_0344,Patiala,30.256137,76.354478,rice,2023-10-16,1.31
PAT_0345,Patiala,30.35457,76.451118,rice,2023-11-07,1.4
PAT_0346,Patiala,30.263222,76.475972,rice,2023-10-31,1.97
PAT_0347,Patiala,30.416717,76.339636,rice,2023-11-11,4.5
PAT_0348,Patiala,30.330993,76.255658,rice,2023-10-23,5.78
PAT_0349,Patiala,30.241171,76.345854,rice,2023-11-29,3.19
PAT_0350,Patiala,30.419724,76.248605,rice,2023-11-01,5.63
PAT_0351,Patiala,30.380677,76.513082,rice,2023-10-28,5.6
PAT_0352,Patiala,30.36808,76.346947,rice,2023-11-21,2.94
PAT_0353,Patiala,30.384049,76.366441,rice,2023-10-31,1.01
PAT_0354,Patiala,30.432196,76.304073,rice,2023-11-17,5.69
PAT_0355,Patiala,30.243353,76.283066,rice,2023-11-01,5.0
PAT_0356,Patiala,30.406653,76.515849,rice,2023-11-21,1.99
PAT_0357,Patiala,30.431262,76.345471,rice,2023-11-17,2.95
PAT_0358,Patiala,30.201438,76.407749,rice,2023-11-08,4.61
PAT_0359,Patiala,30.248675,76.507764,rice,2023-11-12,1.48
PAT_0360,Patiala,30.380665,76.300638,rice,2023-11-08,0.85
PAT_0361,Patiala,30.391688,76.277895,rice,2023-10-16,4.57
PAT_0362,Patiala,30.215257,76.473635,rice,2023-10-19,4.88
PAT_0363,Patiala,30.23939,76.392047,rice,2023-11-14,3.98
PAT_0364,Patiala,30.21742,76.511355,rice,2023-10-19,1.64
PAT_0365,Patiala,30.391011,76.282822,rice,2023-11-26,2.98
PAT_0366,Patiala,30.360267,76.526582,rice,2023-10-24,0.64
PAT_0367,Patiala,30.199888,76.345003,rice,2023-11-26,5.36
PAT_0368,Patiala,30.455323,76.493447,rice,2023-10-31,1.29
PAT_0369,Patiala,30.315189,76.455748,rice,2023-11-07,4.15
PAT_0370,Patiala,30.2662,76.337457,rice,2023-10-29,5.23
PAT_0371,Patiala,30.269943,76.516911,rice,2023-10-29,0.63
PAT_0372,Patiala,30.271172,76.294837,rice,2023-10-29,3.29
PAT_0373,Patiala,30.23136,76.422194,rice,2023-10-30,2.49
PAT_0374,Patiala,30.246978,76.358907,rice,2023-11-24,4.82
PAT_0375,Patiala,30.365417,76.27522,rice,2023-11-14,3.07
PAT_0376,Patiala,30.291391,76.277745,rice,2023-11-08,5.9
PAT_0377,Patiala,30.249092,76.300868,rice,2023-11-04,3.64
PAT_0378,Patiala,30.324027,76.316776,rice,2023-10-21,2.86
PAT_0379,Patiala,30.388386,76.325776,rice,2023-11-23,2.18
PAT_0380,Patiala,30.25529,76.514179,rice,2023-11-26,4.96
PAT_0381,Patiala,30.295879,76.482501,rice,2023-11-21,2.41
PAT_0382,Patiala,30.434891,76.457506,rice,2023-11-07,2.14
PAT_0383,Patiala,30.36967,76.350329,rice,2023-11-18,5.79
PAT_0384,Patiala,30.353696,76.414461,rice,2023-10-15,3.8
PAT_0385,Patiala,30.35398,76.328113,rice,2023-10-17,3.92
PAT_0386,Patiala,30.387658,76.374242,rice,2023-11-28,2.08
PAT_0387,Patiala,30.217818,76.344964,rice,2023-11-12,4.14
PAT_0388,Patiala,30.445921,76.331671,rice,2023-10-23,2.33
PAT_0389,Patiala,30.387502,76.288696,rice,2023-10-26,2.5
PAT_0390,Patiala,30.228136,76.295812,rice,2023-11-26,5.63
PAT_0391,Patiala,30.268993,76.432335,rice,2023-11-23,1.57
PAT_0392,Patiala,30.445987,76.288349,rice,2023-10-22,0.6
PAT_0393,Patiala,30.340145,76.488464,rice,2023-11-23,1.2
PAT_0394,Patiala,30.474825,76.436387,rice,2023-10-29,5.18
PAT_0395,Patiala,30.410399,76.442408,rice,2023-11-09,2.28
PAT_0396,Patiala,30.400548,76.44758,rice,2023-11-01,5.73
PAT_0397,Patiala,30.359025,76.329394,rice,2023-11-10,3.88
PAT_0398,Patiala,30.319284,76.468417,rice,2023-11-06,3.72
PAT_0399,Patiala,30.202442,76.406455,rice,2023-10-26,5.53
PAT_0400,Patiala,30.315642,76.407751,rice,2023-11-13,3.11
PAT_0401,Patiala,30.348664,76.265745,rice,2023-10-28,5.51
PAT_0402,Patiala,30.353257,76.402736,rice,2023-11-25,0.82
PAT_0403,Patiala,30.367226,76.367063,rice,2023-10-28,0.76
PAT_0404,Patiala,30.398849,76.32723,rice,2023-11-16,4.08
PAT_0405,Patiala,30.375395,76.310416,rice,2023-10-21,5.1
PAT_0406,Patiala,30.369366,76.266147,rice,2023-11-04,2.94
PAT_0407,Patiala,30.287096,76.426561,rice,2023-10-22,0.56
PAT_0408,Patiala,30.369955,76.452658,rice,2023-11-12,4.73
PAT_0409,Patiala,30.216313,76.331924,rice,2023-10-25,1.49
PAT_0410,Patiala,30.317605,76.266816,rice,2023-11-03,1.12
PAT_0411,Patiala,30.387035,76.32042,rice,2023-10-19,0.76
PAT_0412,Patiala,30.357357,76.356506,rice,2023-11-16,4.88
PAT_0413,Patiala,30.419306,76.352057,rice,2023-10-27,1.75
PAT_0414,Patiala,30.362314,76.269654,rice,2023-11-12,2.89
PAT_0415,Patiala,30.250964,76.494247,rice,2023-10-21,3.75
PAT_0416,Patiala,30.300707,76.327747,rice,2023-11-04,1.62
PAT_0417,Patiala,30.455124,76.47075,rice,2023-10-22,4.61
PAT_0418,Patiala,30.316989,76.251211,rice,2023-10-21,3.41
PAT_0419,Patiala,30.236213,76.305682,rice,2023-11-29,1.91
PAT_0420,Patiala,30.449529,76.430908,rice,2023-11-16,5.08
PAT_0421,Patiala,30.372053,76.490178,rice,2023-11-15,3.52
PAT_0422,Patiala,30.344249,76.499961,rice,2023-10-31,1.41
PAT_0423,Patiala,30.361657,76.458141,rice,2023-11-01,5.27
PAT_0424,Patiala,30.304244,76.295426,rice,2023-11-01,3.71
PAT_0425,Patiala,30.317559,76.251153,rice,2023-11-18,1.57
PAT_0426,Patiala,30.415212,76.496671,rice,2023-10-18,3.5
PAT_0427,Patiala,30.229358,76.396537,rice,2023-11-08,4.62
PAT_0428,Patiala,30.281307,76.281589,rice,2023-11-23,5.45
PAT_0429,Patiala,30.438945,76.26194,rice,2023-10-30,1.03
PAT_0430,Patiala,30.217519,76.459308,rice,2023-11-21,3.45
PAT_0431,Patiala,30.315873,76.499981,rice,2023-11-04,0.82
PAT_0432,Patiala,30.372304,76.463135,rice,2023-11-22,3.53
PAT_0433,Patiala,30.475042,76.438993,rice,2023-11-13,1.59
PAT_0434,Patiala,30.431149,76.525992,rice,2023-10-19,1.04
PAT_0435,Patiala,30.227892,76.460648,rice,2023-10-30,0.88
PAT_0436,Patiala,30.448669,76.471026,rice,2023-10-17,5.35
PAT_0437,Patiala,30.381944,76.33721,rice,2023-11-02,2.14
PAT_0438,Patiala,30.276943,76.495092,rice,2023-11-25,4.24
PAT_0439,Patiala,30.450588,76.290552,rice,2023-11-06,3.87
PAT_0440,Patiala,30.38685,76.502837,rice,2023-11-27,2.59
PAT_0441,Patiala,30.401281,76.426195,rice,2023-11-23,5.43
PAT_0442,Patiala,30.390217,76.265839,rice,2023-11-20,1.51
PAT_0443,Patiala,30.466914,76.518122,rice,2023-10-17,0.7
PAT_0444,Patiala,30.306885,76.459608,rice,2023-11-28,4.64
PAT_0445,Patiala,30.223854,76.417557,rice,2023-10-25,3.21
PAT_0446,Patiala,30.266912,76.261785,rice,2023-10-21,0.94
PAT_0447,Patiala,30.45485,76.455401,rice,2023-10-30,3.08
PAT_0448,Patiala,30.315522,76.347254,rice,2023-11-26,3.89
PAT_0449,Patiala,30.298237,76.455857,rice,2023-11-21,5.32
PAT_0450,Patiala,30.267784,76.394466,rice,2023-11-20,1.73
PAT_0451,Patiala,30.210316,76.445091,rice,2023-11-14,4.48
PAT_0452,Patiala,30.224334,76.525647,rice,2023-11-09,5.97
PAT_0453,Patiala,30.33,76.489396,rice,2023-11-07,4.56
PAT_0454,Patiala,30.445983,76.475007,rice,2023-10-26,4.96
PAT_0455,Patiala,30.329447,76.476497,rice,2023-10-20,1.23
PAT_0456,Patiala,30.231772,76.463038,rice,2023-11-15,3.94
PAT_0457,Patiala,30.345225,76.500933,rice,2023-11-07,2.68
PAT_0458,Patiala,30.315701,76.416368,rice,2023-11-14,4.68
PAT_0459,Patiala,30.357819,76.389353,rice,2023-10-30,4.38
PAT_0460,Patiala,30.432297,76.264415,rice,2023-11-17,4.65
PAT_0461,Patiala,30.343653,76.267814,rice,2023-11-13,4.44
PAT_0462,Patiala,30.346416,76.469164,rice,2023-11-15,2.15
PAT_0463,Patiala,30.256334,76.345106,rice,2023-10-29,4.33
PAT_0464,Patiala,30.436546,76.448757,rice,2023-11-02,1.46
PAT_0465,Patiala,30.302341,76.291256,rice,2023-11-05,1.86
PAT_0466,Patiala,30.346908,76.468612,rice,2023-11-15,4.19
PAT_0467,Patiala,30.283345,76.340103,rice,2023-10-30,3.52
PAT_0468,Patiala,30.22679,76.491618,rice,2023-11-14,3.32
PAT_0469,Patiala,30.332341,76.302463,rice,2023-10-27,2.33
PAT_0470,Patiala,30.275606,76.405774,rice,2023-11-01,3.04
PAT_0471,Patiala,30.448775,76.510476,rice,2023-11-24,1.05
PAT_0472,Patiala,30.419695,76.525461,rice,2023-10-25,5.25
PAT_0473,Patiala,30.206435,76.317254,rice,2023-11-03,5.01
PAT_0474,Patiala,30.362594,76.390741,rice,2023-10-16,3.55
PAT_0475,Patiala,30.270486,76.415359,rice,2023-11-10,4.05
PAT_0476,Patiala,30.405441,76.435347,rice,2023-10-16,2.33
PAT_0477,Patiala,30.431154,76.447252,rice,2023-10-20,1.57
PAT_0478,Patiala,30.37819,76.327937,rice,2023-10-20,1.16
PAT_0479,Patiala,30.243191,76.293273,rice,2023-10-20,3.84
PAT_0480,Patiala,30.249193,76.446399,rice,2023-11-05,2.05
PAT_0481,Patiala,30.287036,76.30948,rice,2023-11-06,5.78
PAT_0482,Patiala,30.3377,76.258669,rice,2023-11-20,1.93
PAT_0483,Patiala,30.244054,76.482873,rice,2023-11-28,5.82
PAT_0484,Patiala,30.364584,76.391867,rice,2023-10-18,5.16
PAT_0485,Patiala,30.207513,76.464503,rice,2023-10-28,5.12
PAT_0486,Patiala,30.347969,76.264016,rice,2023-10-20,5.08
PAT_0487,Patiala,30.207448,76.285644,rice,2023-11-19,3.06
PAT_0488,Patiala,30.446589,76.42482,rice,2023-11-20,3.93
PAT_0489,Patiala,30.281626,76.284331,rice,2023-11-17,1.08
PAT_0490,Patiala,30.347923,76.323219,rice,2023-11-28,1.95
PAT_0491,Patiala,30.366284,76.470322,rice,2023-11-24,5.28
PAT_0492,Patiala,30.281813,76.37731,rice,2023-11-19,0.55
PAT_0493,Patiala,30.40892,76.331556,rice,2023-10-29,1.43
PAT_0494,Patiala,30.429232,76.475736,rice,2023-11-09,5.33
PAT_0495,Patiala,30.212662,76.524788,rice,2023-11-13,2.2
PAT_0496,Patiala,30.269614,76.321809,rice,2023-10-26,3.54
PAT_0497,Patiala,30.266947,76.357156,rice,2023-11-13,5.1
PAT_0498,Patiala,30.393768,76.41331,rice,2023-11-14,1.31
PAT_0499,Patiala,30.428312,76.257337,rice,2023-11-05,0.81
PAT_0500,Patiala,30.38668,76.350044,rice,2023-10-27,4.09
PAT_0501,Patiala,30.296969,76.374507,rice,2023-11-07,0.75
PAT_0502,Patiala,30.320263,76.426398,rice,2023-11-05,3.5
PAT_0503,Patiala,30.220879,76.433956,rice,2023-10-29,0.58
PAT_0504,Patiala,30.243367,76.386217,rice,2023-10-29,2.21
PAT_0505,Patiala,30.394227,76.314283,rice,2023-10-18,2.08
PAT_0506,Patiala,30.373642,76.470681,rice,2023-11-19,2.62
PAT_0507,Patiala,30.212905,76.396825,rice,2023-11-05,5.83
PAT_0508,Patiala,30.261686,76.458495,rice,2023-11-29,2.4
PAT_0509,Patiala,30.244676,76.433356,rice,2023-11-25,3.47
PAT_0510,Patiala,30.43147,76.341132,rice,2023-11-07,4.17
PAT_0511,Patiala,30.302334,76.258863,rice,2023-11-02,5.73
PAT_0512,Patiala,30.335113,76.277205,rice,2023-11-01,4.28
PAT_0513,Patiala,30.469546,76.501125,rice,2023-11-29,2.57
PAT_0514,Patiala,30.36239,76.475361,rice,2023-11-10,5.24
PAT_0515,Patiala,30.429076,76.374433,rice,2023-10-18,3.63
PAT_0516,Patiala,30.2436,76.263968,rice,2023-10-20,3.24
PAT_0517,Patiala,30.383305,76.486061,rice,2023-11-01,5.21
PAT_0518,Patiala,30.412619,76.443807,rice,2023-11-20,0.56
PAT_0519,Patiala,30.375109,76.280635,rice,2023-11-17,1.36
PAT_0520,Patiala,30.430322,76.455178,rice,2023-10-17,5.72
PAT_0521,Patiala,30.473913,76.49702,rice,2023-11-17,5.33
PAT_0522,Patiala,30.434618,76.490804,rice,2023-10-21,1.33
PAT_0523,Patiala,30.232502,76.505566,rice,2023-10-24,2.53
PAT_0524,Patiala,30.327476,76.281744,rice,2023-10-22,0.61
PAT_0525,Patiala,30.478145,76.492364,rice,2023-11-05,2.07
PAT_0526,Patiala,30.261428,76.366143,rice,2023-11-25,2.99
PAT_0527,Patiala,30.201368,76.465091,rice,2023-11-21,3.41
PAT_0528,Patiala,30.308512,76.356871,rice,2023-11-29,1.03
PAT_0529,Patiala,30.274325,76.387497,rice,2023-11-16,3.5
PAT_0530,Patiala,30.437538,76.309968,rice,2023-11-03,0.65
PAT_0531,Patiala,30.210503,76.284467,rice,2023-11-14,4.95
PAT_0532,Patiala,30.448106,76.424732,rice,2023-11-10,2.72
PAT_0533,Patiala,30.243064,76.359297,rice,2023-11-22,5.29
PAT_0534,Patiala,30.336081,76.310235,rice,2023-10-30,2.09
PAT_0535,Patiala,30.238012,76.504104,rice,2023-10-18,0.57
PAT_0536,Patiala,30.251037,76.473945,rice,2023-10-17,3.38
PAT_0537,Patiala,30.375036,76.347065,rice,2023-11-24,5.21
PAT_0538,Patiala,30.25353,76.256157,rice,2023-10-18,3.65
PAT_0539,Patiala,30.223121,76.273713,rice,2023-11-15,3.2
PAT_0540,Patiala,30.267422,76.344515,rice,2023-11-20,4.51
PAT_0541,Patiala,30.218379,76.279515,rice,2023-10-17,3.84
PAT_0542,Patiala,30.472089,76.351774,rice,2023-11-12,0.86
PAT_0543,Patiala,30.35031,76.425637,rice,2023-11-01,3.54
PAT_0544,Patiala,30.255175,76.483424,rice,2023-10-21,5.09
PAT_0545,Patiala,30.320096,76.517588,rice,2023-10-25,1.21
PAT_0546,Patiala,30.30276,76.41499,rice,2023-11-29,0.97
PAT_0547,Patiala,30.306944,76.320028,rice,2023-10-24,2.76
PAT_0548,Patiala,30.413348,76.355178,rice,2023-11-27,1.22
PAT_0549,Patiala,30.441482,76.247017,rice,2023-10-25,2.5
PAT_0550,Patiala,30.392132,76.342577,rice,2023-10-17,0.86
PAT_0551,Patiala,30.288795,76.315495,rice,2023-11-28,3.44
PAT_0552,Patiala,30.232461,76.327399,rice,2023-10-15,4.03
PAT_0553,Patiala,30.402832,76.320668,rice,2023-10-27,1.86
PAT_0554,Patiala,30.467729,76.300246,rice,2023-10-30,1.51
PAT_0555,Patiala,30.32441,76.299906,rice,2023-11-18,1.03
PAT_0556,Patiala,30.379048,76.418283,rice,2023-10-22,4.08
PAT_0557,Patiala,30.416324,76.33828,rice,2023-11-17,4.53
PAT_0558,Patiala,30.425118,76.448769,rice,2023-11-26,2.47
PAT_0559,Patiala,30.279049,76.365205,rice,2023-10-24,2.98
PAT_0560,Patiala,30.211879,76.248005,rice,2023-10-19,5.62
PAT_0561,Patiala,30.392814,76.404217,rice,2023-11-26,3.64
PAT_0562,Patiala,30.449441,76.429566,rice,2023-10-30,3.81
PAT_0563,Patiala,30.328657,76.343695,rice,2023-10-15,5.9
PAT_0564,Patiala,30.318732,76.356717,rice,2023-11-16,2.85
PAT_0565,Patiala,30.318952,76.524275,rice,2023-11-08,2.48
PAT_0566,Patiala,30.303821,76.367523,rice,2023-11-16,0.7
PAT_0567,Patiala,30.347589,76.474087,rice,2023-11-12,1.59
PAT_0568,Patiala,30.40365,76.448348,rice,2023-11-14,1.94
PAT_0569,Patiala,30.374205,76.417966,rice,2023-10-17,1.25
PAT_0570,Patiala,30.254355,76.382971,rice,2023-11-22,0.74
PAT_0571,Patiala,30.316166,76.467601,rice,2023-11-11,3.03
PAT_0572,Patiala,30.476935,76.388558,rice,2023-10-21,3.24
PAT_0573,Patiala,30.356262,76.298981,rice,2023-10-28,4.23
PAT_0574,Patiala,30.310615,76.328074,rice,2023-10-21,0.67
PAT_0575,Patiala,30.436694,76.255952,rice,2023-11-06,2.6
PAT_0576,Patiala,30.367433,76.31625,rice,2023-11-18,1.35
PAT_0577,Patiala,30.349149,76.441673,rice,2023-11-01,2.9
PAT_0578,Patiala,30.324303,76.307374,rice,2023-10-23,3.61
PAT_0579,Patiala,30.240662,76.38963,rice,2023-11-14,3.17
PAT_0580,Patiala,30.287048,76.373529,rice,2023-10-20,2.89
PAT_0581,Patiala,30.454021,76.384082,rice,2023-11-28,1.74
PAT_0582,Patiala,30.298383,76.267925,rice,2023-11-21,2.81
PAT_0583,Patiala,30.387036,76.481587,rice,2023-11-06,4.02
PAT_0584,Patiala,30.249435,76.257318,rice,2023-11-10,4.85
PAT_0585,Patiala,30.246571,76.272427,rice,2023-10-26,5.8
PAT_0586,Patiala,30.372352,76.352918,rice,2023-11-27,5.08
PAT_0587,Patiala,30.257122,76.36713,rice,2023-10-29,5.52
PAT_0588,Patiala,30.457338,76.429148,rice,2023-10-31,1.11
PAT_0589,Patiala,30.334814,76.315592,rice,2023-10-19,1.26
PAT_0590,Patiala,30.215007,76.44414,rice,2023-11-24,2.99
PAT_0591,Patiala,30.434542,76.267796,rice,2023-10-22,0.71
PAT_0592,Patiala,30.20766,76.376068,rice,2023-11-20,1.72
PAT_0593,Patiala,30.366041,76.254129,rice,2023-10-18,4.5
PAT_0594,Patiala,30.258646,76.430697,rice,2023-10-16,4.62
PAT_0595,Patiala,30.216413,76.462431,rice,2023-11-16,2.64
PAT_0596,Patiala,30.224059,76.481716,rice,2023-10-27,3.58
PAT_0597,Patiala,30.341106,76.518095,rice,2023-10-27,5.4
PAT_0598,Patiala,30.401313,76.506888,rice,2023-10-30,5.49
PAT_0599,Patiala,30.477288,76.283769,rice,2023-10-20,4.92
PAT_0600,Patiala,30.380225,76.324981,rice,2023-11-20,5.81
BAT_0001,Bathinda,30.128238,74.945381,rice,2023-11-22,1.39
BAT_0002,Bathinda,30.273308,74.830383,rice,2023-11-07,4.31
BAT_0003,Bathinda,30.308612,74.903331,rice,2023-10-16,1.36
BAT_0004,Bathinda,30.307866,75.072069,rice,2023-11-16,1.34
BAT_0005,Bathinda,30.264721,74.947133,rice,2023-10-18,4.39
BAT_0006,Bathinda,30.207847,74.973591,rice,2023-11-08,1.77
BAT_0007,Bathinda,30.176982,75.047767,rice,2023-10-27,3.79
BAT_0008,Bathinda,30.1226,75.042531,rice,2023-10-20,3.68
BAT_0009,Bathinda,30.183854,74.875451,rice,2023-11-04,5.77
BAT_0010,Bathinda,30.213579,74.936957,rice,2023-11-04,4.6
BAT_0011,Bathinda,30.177133,74.925179,rice,2023-11-09,1.33
BAT_0012,Bathinda,30.270867,75.049949,rice,2023-10-30,5.48
BAT_0013,Bathinda,30.317625,74.931999,rice,2023-11-02,4.01
BAT_0014,Bathinda,30.338317,75.009074,rice,2023-10-28,3.22
BAT_0015,Bathinda,30.263866,75.021811,rice,2023-11-12,4.7
BAT_0016,Bathinda,30.192293,74.88211,rice,2023-11-26,3.25
BAT_0017,Bathinda,30.16289,75.069474,rice,2023-10-19,3.1
BAT_0018,Bathinda,30.168495,74.984534,rice,2023-11-07,3.36
BAT_0019,Bathinda,30.107134,75.048878,rice,2023-11-25,2.88
BAT_0020,Bathinda,30.128587,74.960451,rice,2023-10-31,4.36
BAT_0021,Bathinda,30.317726,74.81995,rice,2023-10-29,4.37
BAT_0022,Bathinda,30.150604,74.862753,rice,2023-11-28,2.13
BAT_0023,Bathinda,30.316203,74.887089,rice,2023-11-21,4.38
BAT_0024,Bathinda,30.315157,74.9899,rice,2023-11-05,4.64
BAT_0025,Bathinda,30.119532,75.051174,rice,2023-11-07,1.21
BAT_0026,Bathinda,30.344348,74.861959,rice,2023-10-27,1.25
BAT_0027,Bathinda,30.246286,74.894782,rice,2023-10-24,3.81
BAT_0028,Bathinda,30.283516,75.027596,rice,2023-10-21,1.36
BAT_0029,Bathinda,30.226923,75.03333,rice,2023-11-24,1.64
BAT_0030,Bathinda,30.071675,74.952398,rice,2023-10-22,1.57
BAT_0031,Bathinda,30.273788,75.07492,rice,2023-10-20,4.07
BAT_0032,Bathinda,30.130314,74.810542,rice,2023-10-24,4.67
BAT_0033,Bathinda,30.192521,75.0706,rice,2023-11-07,1.37
BAT_0034,Bathinda,30.196937,74.86231,rice,2023-11-08,5.33
BAT_0035,Bathinda,30.264453,74.901047,rice,2023-11-12,4.18
BAT_0036,Bathinda,30.2902,74.827941,rice,2023-11-08,0.62
BAT_0037,Bathinda,30.103047,74.916099,rice,2023-10-20,1.25
BAT_0038,Bathinda,30.186123,74.929154,rice,2023-11-05,1.1
BAT_0039,Bathinda,30.327665,74.973261,rice,2023-11-13,3.29
BAT_0040,Bathinda,30.158975,75.044713,rice,2023-11-01,3.66
BAT_0041,Bathinda,30.209571,75.060548,rice,2023-11-12,4.97
BAT_0042,Bathinda,30.134171,74.848374,rice,2023-11-22,4.3
BAT_0043,Bathinda,30.20222,74.99694,rice,2023-10-31,2.12
BAT_0044,Bathinda,30.150702,74.942933,rice,2023-11-18,2.0
BAT_0045,Bathinda,30.257843,75.014585,rice,2023-11-17,4.48
BAT_0046,Bathinda,30.213923,75.005104,rice,2023-11-05,1.74
BAT_0047,Bathinda,30.277876,75.005735,rice,2023-11-16,3.56
BAT_0048,Bathinda,30.310487,74.875366,rice,2023-10-27,4.55
BAT_0049,Bathinda,30.338111,75.048048,rice,2023-11-20,3.84
BAT_0050,Bathinda,30.348696,74.964662,rice,2023-11-02,1.13
BAT_0051,Bathinda,30.083721,75.026788,rice,2023-10-26,1.86
BAT_0052,Bathinda,30.168348,75.017564,rice,2023-11-03,3.06
BAT_0053,Bathinda,30.31418,75.011279,rice,2023-10-15,5.39
BAT_0054,Bathinda,30.142273,74.990037,rice,2023-11-28,0.61
BAT_0055,Bathinda,30.34851,74.878582,rice,2023-11-14,5.17
BAT_0056,Bathinda,30.11593,75.042906,rice,2023-11-14,0.57
BAT_0057,Bathinda,30.194754,74.937671,rice,2023-10-23,3.73
BAT_0058,Bathinda,30.327156,74.897057,rice,2023-11-01,3.69
BAT_0059,Bathinda,30.31669,75.021939,rice,2023-10-24,5.69
BAT_0060,Bathinda,30.084061,74.970352,rice,2023-10-16,3.66
BAT_0061,Bathinda,30.291189,74.847064,rice,2023-11-19,4.64
BAT_0062,Bathinda,30.112861,74.936945,rice,2023-10-23,4.52
BAT_0063,Bathinda,30.253348,74.864469,rice,2023-10-30,5.83
BAT_0064,Bathinda,30.196628,74.817948,rice,2023-10-28,1.71
BAT_0065,Bathinda,30.166882,75.085357,rice,2023-10-23,0.65
BAT_0066,Bathinda,30.214618,74.82891,rice,2023-10-28,2.01
BAT_0067,Bathinda,30.348867,75.002799,rice,2023-11-19,2.97
BAT_0068,Bathinda,30.119059,74.839925,rice,2023-10-17,3.73
BAT_0069,Bathinda,30.212584,75.013503,rice,2023-10-27,1.86
BAT_0070,Bathinda,30.329438,74.950538,rice,2023-11-25,1.92
BAT_0071,Bathinda,30.30782,74.815448,rice,2023-10-17,4.47
BAT_0072,Bathinda,30.149394,75.047278,rice,2023-11-09,1.82
BAT_0073,Bathinda,30.306165,74.827493,rice,2023-11-20,2.6
BAT_0074,Bathinda,30.310136,74.845984,rice,2023-10-22,5.31
BAT_0075,Bathinda,30.135325,74.932202,rice,2023-11-05,1.15
BAT_0076,Bathinda,30.335407,74.92819,rice,2023-10-31,4.3
BAT_0077,Bathinda,30.232075,74.94598,rice,2023-11-12,5.44
BAT_0078,Bathinda,30.266807,74.954594,rice,2023-11-12,4.05
BAT_0079,Bathinda,30.24079,74.926774,rice,2023-10-25,2.94
BAT_0080,Bathinda,30.283132,75.076795,rice,2023-11-12,5.78
BAT_0081,Bathinda,30.300806,74.973992,rice,2023-11-12,1.48
BAT_0082,Bathinda,30.205125,74.877545,rice,2023-11-18,0.52
BAT_0083,Bathinda,30.341687,75.047378,rice,2023-10-30,1.9
BAT_0084,Bathinda,30.265033,74.927244,rice,2023-11-07,4.92
BAT_0085,Bathinda,30.350865,74.903243,rice,2023-11-19,1.97
BAT_0086,Bathinda,30.097137,74.915833,rice,2023-10-26,0.6
BAT_0087,Bathinda,30.103031,74.881575,rice,2023-11-01,4.53
BAT_0088,Bathinda,30.100569,75.047978,rice,2023-10-22,1.72
BAT_0089,Bathinda,30.101405,74.80833,rice,2023-11-06,1.91
BAT_0090,Bathinda,30.21366,74.836752,rice,2023-11-16,5.92
BAT_0091,Bathinda,30.106108,74.920839,rice,2023-10-23,1.85
BAT_0092,Bathinda,30.145752,75.03188,rice,2023-11-23,2.0
BAT_0093,Bathinda,30.071804,74.925316,rice,2023-11-12,5.5
BAT_0094,Bathinda,30.250708,74.968744,rice,2023-10-15,1.61
BAT_0095,Bathinda,30.266985,74.995131,rice,2023-11-12,5.34
BAT_0096,Bathinda,30.233236,75.027391,rice,2023-10-17,1.95
BAT_0097,Bathinda,30.105173,75.002186,rice,2023-10-30,2.62
BAT_0098,Bathinda,30.077634,75.034611,rice,2023-11-20,1.63
BAT_0099,Bathinda,30.165929,74.981405,rice,2023-10-19,0.9
BAT_0100,Bathinda,30.078197,75.062159,rice,2023-10-19,2.21
BAT_0101,Bathinda,30.255984,75.082486,rice,2023-11-12,3.39
BAT_0102,Bathinda,30.216858,74.911037,rice,2023-11-14,3.8
BAT_0103,Bathinda,30.339462,75.026152,rice,2023-10-26,2.33
BAT_0104,Bathinda,30.318389,74.84352,rice,2023-11-03,5.17
BAT_0105,Bathinda,30.142421,75.005876,rice,2023-11-20,3.12
BAT_0106,Bathinda,30.12484,75.042035,rice,2023-11-21,2.52
BAT_0107,Bathinda,30.16079,74.948305,rice,2023-11-06,4.26
BAT_0108,Bathinda,30.109415,74.927493,rice,2023-11-04,5.4
BAT_0109,Bathinda,30.081098,74.933555,rice,2023-11-11,5.38
BAT_0110,Bathinda,30.23726,75.036356,rice,2023-11-14,1.72
BAT_0111,Bathinda,30.169787,75.069297,rice,2023-11-20,3.57
BAT_0112,Bathinda,30.204137,74.931799,rice,2023-11-24,0.82
BAT_0113,Bathinda,30.320866,75.034582,rice,2023-10-31,2.04
BAT_0114,Bathinda,30.167018,74.839985,rice,2023-11-04,4.47
BAT_0115,Bathinda,30.226868,74.871049,rice,2023-10-28,5.89
BAT_0116,Bathinda,30.105271,74.933876,rice,2023-11-12,3.22
BAT_0117,Bathinda,30.117703,74.954342,rice,2023-11-10,1.37
BAT_0118,Bathinda,30.114323,75.045278,rice,2023-11-11,2.21
BAT_0119,Bathinda,30.247493,74.980996,rice,2023-11-01,4.57
BAT_0120,Bathinda,30.306361,74.98056,rice,2023-11-22,2.97
BAT_0121,Bathinda,30.181199,74.911628,rice,2023-11-02,1.21
BAT_0122,Bathinda,30.189708,74.914545,rice,2023-11-03,0.69
BAT_0123,Bathinda,30.148037,75.016034,rice,2023-10-18,4.93
BAT_0124,Bathinda,30.222953,75.044643,rice,2023-11-10,4.88
BAT_0125,Bathinda,30.09852,75.079062,rice,2023-10-21,3.78
BAT_0126,Bathinda,30.292903,74.89843,rice,2023-10-15,3.79
BAT_0127,Bathinda,30.172394,74.822472,rice,2023-11-19,1.02
BAT_0128,Bathinda,30.098555,74.976549,rice,2023-10-15,3.39
BAT_0129,Bathinda,30.19853,74.999238,rice,2023-10-23,1.99
BAT_0130,Bathinda,30.28867,75.060294,rice,2023-10-15,2.91
BAT_0131,Bathinda,30.093816,75.029144,rice,2023-10-28,2.78
BAT_0132,Bathinda,30.139139,74.817812,rice,2023-11-24,3.75
BAT_0133,Bathinda,30.325763,74.995309,rice,2023-11-14,4.04
BAT_0134,Bathinda,30.303979,74.938732,rice,2023-10-29,5.01
BAT_0135,Bathinda,30.180735,74.903082,rice,2023-10-19,3.06
BAT_0136,Bathinda,30.344591,74.950089,rice,2023-11-10,2.62
BAT_0137,Bathinda,30.181581,74.958923,rice,2023-10-24,4.48
BAT_0138,Bathinda,30.177586,74.91306,rice,2023-10-31,3.89
BAT_0139,Bathinda,30.088037,74.988999,rice,2023-10-18,2.99
BAT_0140,Bathinda,30.272391,75.017812,rice,2023-11-07,5.15
BAT_0141,Bathinda,30.175945,74.897071,rice,2023-10-18,3.7
BAT_0142,Bathinda,30.247904,74.961046,rice,2023-11-16,4.75
BAT_0143,Bathinda,30.124211,74.961099,rice,2023-11-27,2.74
BAT_0144,Bathinda,30.256918,74.94356,rice,2023-10-22,2.59
BAT_0145,Bathinda,30.318792,75.021891,rice,2023-11-19,5.73
BAT_0146,Bathinda,30.189822,75.02616,rice,2023-11-08,1.42
BAT_0147,Bathinda,30.151022,74.900164,rice,2023-10-19,3.26
BAT_0148,Bathinda,30.124833,74.983072,rice,2023-10-19,1.55
BAT_0149,Bathinda,30.105582,75.076844,rice,2023-10-31,5.65
BAT_0150,Bathinda,30.208169,74.814853,rice,2023-11-14,3.66
BAT_0151,Bathinda,30.227332,74.809693,rice,2023-11-13,3.91
BAT_0152,Bathinda,30.279514,74.943798,rice,2023-11-23,3.9
BAT_0153,Bathinda,30.143092,75.078152,rice,2023-10-27,1.39
BAT_0154,Bathinda,30.086656,74.983628,rice,2023-11-02,5.91
BAT_0155,Bathinda,30.321822,75.002089,rice,2023-11-07,4.48
BAT_0156,Bathinda,30.16599,74.973841,rice,2023-11-29,0.94
BAT_0157,Bathinda,30.133071,74.922411,rice,2023-11-10,5.74
BAT_0158,Bathinda,30.349767,74.909362,rice,2023-10-24,4.4
BAT_0159,Bathinda,30.185176,74.844563,rice,2023-10-16,1.78
BAT_0160,Bathinda,30.162862,74.865706,rice,2023-10-30,1.12
BAT_0161,Bathinda,30.13188,75.059112,rice,2023-11-01,2.29
BAT_0162,Bathinda,30.218966,74.904764,rice,2023-10-18,3.35
BAT_0163,Bathinda,30.083158,74.987099,rice,2023-11-14,4.25
BAT_0164,Bathinda,30.229832,74.928113,rice,2023-11-09,2.43
BAT_0165,Bathinda,30.134402,74.945519,rice,2023-11-27,2.31
BAT_0166,Bathinda,30.260804,74.835941,rice,2023-10-16,0.85
BAT_0167,Bathinda,30.25361,74.916877,rice,2023-10-19,5.66
BAT_0168,Bathinda,30.338971,74.924666,rice,2023-11-20,1.95
BAT_0169,Bathinda,30.241412,74.981394,rice,2023-10-27,2.27
BAT_0170,Bathinda,30.08885,74.864301,rice,2023-11-12,1.35
BAT_0171,Bathinda,30.105692,75.064859,rice,2023-11-10,3.81
BAT_0172,Bathinda,30.336293,74.906315,rice,2023-10-15,3.4
BAT_0173,Bathinda,30.265819,74.894308,rice,2023-10-18,4.99
BAT_0174,Bathinda,30.2797,75.031866,rice,2023-11-05,5.93
BAT_0175,Bathinda,30.174692,75.014686,rice,2023-10-25,4.17
BAT_0176,Bathinda,30.278165,75.015425,rice,2023-11-11,5.37
BAT_0177,Bathinda,30.16881,74.988475,rice,2023-10-19,3.77
BAT_0178,Bathinda,30.281329,75.02698,rice,2023-10-27,2.81
BAT_0179,Bathinda,30.213442,74.898978,rice,2023-10-25,1.93
BAT_0180,Bathinda,30.326398,74.892011,rice,2023-10-22,5.86
BAT_0181,Bathinda,30.138614,75.00796,rice,2023-11-28,4.33
BAT_0182,Bathinda,30.251308,75.00339,rice,2023-11-10,5.48
BAT_0183,Bathinda,30.228771,74.824498,rice,2023-11-24,4.4
BAT_0184,Bathinda,30.209341,74.959095,rice,2023-10-27,3.78
BAT_0185,Bathinda,30.178136,75.022191,rice,2023-11-23,4.43
BAT_0186,Bathinda,30.271287,75.0548,rice,2023-11-17,3.77
BAT_0187,Bathinda,30.34178,74.838874,rice,2023-11-24,4.44
BAT_0188,Bathinda,30.204622,74.886198,rice,2023-11-13,3.53
BAT_0189,Bathinda,30.173129,75.060055,rice,2023-10-28,1.47
BAT_0190,Bathinda,30.232389,74.916378,rice,2023-10-31,1.03
BAT_0191,Bathinda,30.229156,74.956097,rice,2023-11-23,3.79
BAT_0192,Bathinda,30.229861,75.022112,rice,2023-10-22,2.49
BAT_0193,Bathinda,30.140653,75.071842,rice,2023-10-28,0.65
BAT_0194,Bathinda,30.300799,74.860592,rice,2023-11-09,4.82
BAT_0195,Bathinda,30.268445,75.076768,rice,2023-10-16,2.01
BAT_0196,Bathinda,30.285606,74.894219,rice,2023-11-28,3.96
BAT_0197,Bathinda,30.238369,74.820772,rice,2023-10-18,0.82
BAT_0198,Bathinda,30.106824,74.877643,rice,2023-10-15,5.49
BAT_0199,Bathinda,30.216217,75.02863,rice,2023-10-22,4.54
BAT_0200,Bathinda,30.180588,75.047381,rice,2023-11-22,4.58
BAT_0201,Bathinda,30.279082,75.057941,rice,2023-11-07,3.41
BAT_0202,Bathinda,30.320246,74.932749,rice,2023-11-11,4.96
BAT_0203,Bathinda,30.086077,74.805861,rice,2023-11-10,0.9
BAT_0204,Bathinda,30.344432,74.80704,rice,2023-11-08,4.45
BAT_0205,Bathinda,30.139148,75.076415,rice,2023-11-07,0.65
BAT_0206,Bathinda,30.078542,74.960445,rice,2023-11-01,5.93
BAT_0207,Bathinda,30.345337,74.899936,rice,2023-11-26,1.05
BAT_0208,Bathinda,30.21721,74.973416,rice,2023-11-06,1.88
BAT_0209,Bathinda,30.242392,75.057414,rice,2023-11-21,1.76
BAT_0210,Bathinda,30.129777,74.840188,rice,2023-10-15,1.41
BAT_0211,Bathinda,30.246256,74.834254,rice,2023-11-21,5.38
BAT_0212,Bathinda,30.330445,74.990349,rice,2023-11-17,1.59
BAT_0213,Bathinda,30.094883,74.870467,rice,2023-10-19,5.79
BAT_0214,Bathinda,30.177937,74.896722,rice,2023-11-28,3.31
BAT_0215,Bathinda,30.152673,75.079805,rice,2023-10-30,2.53
BAT_0216,Bathinda,30.191224,74.840518,rice,2023-10-25,2.61
BAT_0217,Bathinda,30.310885,74.844801,rice,2023-11-27,2.74
BAT_0218,Bathinda,30.11875,74.808954,rice,2023-11-10,2.0
BAT_0219,Bathinda,30.088312,74.910995,rice,2023-10-20,4.46
BAT_0220,Bathinda,30.336267,74.925064,rice,2023-11-21,4.39
BAT_0221,Bathinda,30.257296,74.866273,rice,2023-11-12,3.41
BAT_0222,Bathinda,30.294064,74.934808,rice,2023-10-28,1.75
BAT_0223,Bathinda,30.34917,74.837862,rice,2023-10-28,4.95
BAT_0224,Bathinda,30.30589,75.028077,rice,2023-11-27,1.64
BAT_0225,Bathinda,30.248123,75.01739,rice,2023-10-22,1.99
BAT_0226,Bathinda,30.121713,74.897374,rice,2023-11-18,3.14
BAT_0227,Bathinda,30.231659,75.039846,rice,2023-11-06,4.22
BAT_0228,Bathinda,30.144777,74.939587,rice,2023-11-19,2.34
BAT_0229,Bathinda,30.13678,74.808369,rice,2023-11-22,1.91
BAT_0230,Bathinda,30.231133,74.822944,rice,2023-10-30,1.99
BAT_0231,Bathinda,30.083535,74.985097,rice,2023-11-29,2.36
BAT_0232,Bathinda,30.112254,75.073718,rice,2023-11-10,3.71
BAT_0233,Bathinda,30.261152,74.954278,rice,2023-11-19,5.43
BAT_0234,Bathinda,30.178159,74.998707,rice,2023-11-21,1.76
BAT_0235,Bathinda,30.253519,74.917264,rice,2023-11-13,5.76
BAT_0236,Bathinda,30.314164,74.886934,rice,2023-10-15,5.99
BAT_0237,Bathinda,30.159796,74.933976,rice,2023-11-22,2.18
BAT_0238,Bathinda,30.197151,74.991864,rice,2023-11-23,1.22
BAT_0239,Bathinda,30.189258,74.892135,rice,2023-11-05,1.25
BAT_0240,Bathinda,30.136165,75.004685,rice,2023-11-15,1.36
BAT_0241,Bathinda,30.189165,75.005107,rice,2023-10-26,1.02
BAT_0242,Bathinda,30.309559,75.008212,rice,2023-11-19,2.37
BAT_0243,Bathinda,30.284865,75.009424,rice,2023-10-29,3.57
BAT_0244,Bathinda,30.276717,75.085293,rice,2023-11-11,3.68
BAT_0245,Bathinda,30.297441,75.013897,rice,2023-11-01,5.75
BAT_0246,Bathinda,30.125063,74.851829,rice,2023-11-23,3.72
BAT_0247,Bathinda,30.196803,74.965302,rice,2023-11-03,5.62
BAT_0248,Bathinda,30.187876,75.006521,rice,2023-11-20,1.58
BAT_0249,Bathinda,30.220675,74.811605,rice,2023-10-23,3.5
BAT_0250,Bathinda,30.276925,74.987356,rice,2023-11-07,2.47
BAT_0251,Bathinda,30.072605,74.837836,rice,2023-11-24,5.57
BAT_0252,Bathinda,30.162026,74.877979,rice,2023-11-28,2.9
BAT_0253,Bathinda,30.264183,74.905412,rice,2023-10-25,2.72
BAT_0254,Bathinda,30.143965,74.89648,rice,2023-10-18,1.4
BAT_0255,Bathinda,30.255475,74.952957,rice,2023-11-05,3.55
BAT_0256,Bathinda,30.208958,75.028373,rice,2023-10-27,5.76
BAT_0257,Bathinda,30.107588,75.052996,rice,2023-10-26,4.31
BAT_0258,Bathinda,30.175804,74.901794,rice,2023-11-16,0.53
BAT_0259,Bathinda,30.346017,74.975322,rice,2023-11-29,3.49
BAT_0260,Bathinda,30.082348,74.854122,rice,2023-11-02,3.93
BAT_0261,Bathinda,30.214993,75.025881,rice,2023-11-27,3.81
BAT_0262,Bathinda,30.299274,74.824614,rice,2023-11-14,4.3
BAT_0263,Bathinda,30.271365,74.882546,rice,2023-10-23,1.68
BAT_0264,Bathinda,30.126479,74.952159,rice,2023-10-23,1.25
BAT_0265,Bathinda,30.2556,74.834922,rice,2023-11-17,2.26
BAT_0266,Bathinda,30.124721,75.082325,rice,2023-10-16,2.17
BAT_0267,Bathinda,30.133178,74.860596,rice,2023-11-13,3.83
BAT_0268,Bathinda,30.289945,74.907581,rice,2023-11-01,3.94
BAT_0269,Bathinda,30.205977,75.042519,rice,2023-11-27,2.09
BAT_0270,Bathinda,30.268004,75.035118,rice,2023-11-10,3.06
BAT_0271,Bathinda,30.347415,75.051647,rice,2023-10-15,4.83
BAT_0272,Bathinda,30.239266,74.955247,rice,2023-10-24,3.33
BAT_0273,Bathinda,30.309955,74.976544,rice,2023-11-14,0.77
BAT_0274,Bathinda,30.196525,75.059752,rice,2023-11-08,4.41
BAT_0275,Bathinda,30.085267,75.053018,rice,2023-11-06,3.51
BAT_0276,Bathinda,30.077274,74.96298,rice,2023-11-22,0.8
BAT_0277,Bathinda,30.160706,74.981595,rice,2023-10-31,2.47
BAT_0278,Bathinda,30.311807,75.062641,rice,2023-11-25,0.62
BAT_0279,Bathinda,30.13804,75.004261,rice,2023-10-25,2.66
BAT_0280,Bathinda,30.254891,74.976904,rice,2023-11-18,4.57
BAT_0281,Bathinda,30.272224,74.829544,rice,2023-11-17,1.23
BAT_0282,Bathinda,30.332094,75.061292,rice,2023-10-22,4.89
BAT_0283,Bathinda,30.103681,74.966296,rice,2023-11-23,2.53
BAT_0284,Bathinda,30.145786,75.037601,rice,2023-10-23,1.29
BAT_0285,Bathinda,30.25193,75.080991,rice,2023-11-13,0.94
BAT_0286,Bathinda,30.325198,74.985562,rice,2023-11-15,3.01
BAT_0287,Bathinda,30.255714,75.051632,rice,2023-11-26,3.42
BAT_0288,Bathinda,30.197685,74.825826,rice,2023-11-05,4.83
BAT_0289,Bathinda,30.106395,74.91598,rice,2023-10-25,2.04
BAT_0290,Bathinda,30.183702,74.978543,rice,2023-11-01,2.21
BAT_0291,Bathinda,30.119303,75.048923,rice,2023-10-16,3.02
BAT_0292,Bathinda,30.162566,74.818795,rice,2023-11-28,0.7
BAT_0293,Bathinda,30.181007,75.065968,rice,2023-11-21,2.42
BAT_0294,Bathinda,30.342053,74.925552,rice,2023-11-17,2.02
BAT_0295,Bathinda,30.190379,74.864732,rice,2023-10-18,2.49
BAT_0296,Bathinda,30.255231,74.914433,rice,2023-11-24,5.46
BAT_0297,Bathinda,30.250867,74.942211,rice,2023-10-16,5.46
BAT_0298,Bathinda,30.224109,74.885315,rice,2023-10-21,5.33
BAT_0299,Bathinda,30.086243,74.893442,rice,2023-11-17,2.37
BAT_0300,Bathinda,30.204486,74.879509,rice,2023-11-08,1.22
BAT_0301,Bathinda,30.081319,74.849641,rice,2023-11-10,3.66
BAT_0302,Bathinda,30.207909,74.913111,rice,2023-11-27,4.4
BAT_0303,Bathinda,30.110553,74.882816,rice,2023-10-30,3.13
BAT_0304,Bathinda,30.286626,75.056691,rice,2023-11-14,5.03
BAT_0305,Bathinda,30.122578,74.831112,rice,2023-11-27,4.81
BAT_0306,Bathinda,30.326873,75.064626,rice,2023-10-22,2.14
BAT_0307,Bathinda,30.306296,74.955646,rice,2023-10-18,3.52
BAT_0308,Bathinda,30.11185,74.827681,rice,2023-11-21,5.76
BAT_0309,Bathinda,30.190225,74.903646,rice,2023-11-09,2.58
BAT_0310,Bathinda,30.335599,74.823057,rice,2023-10-31,1.15
BAT_0311,Bathinda,30.292102,74.959335,rice,2023-11-19,0.69
BAT_0312,Bathinda,30.133786,74.878527,rice,2023-10-20,0.58
BAT_0313,Bathinda,30.131505,75.012229,rice,2023-11-24,5.44
BAT_0314,Bathinda,30.180176,74.894936,rice,2023-11-23,6.0
BAT_0315,Bathinda,30.286415,74.955959,rice,2023-10-31,2.27
BAT_0316,Bathinda,30.215302,74.957283,rice,2023-10-26,0.58
BAT_0317,Bathinda,30.339632,74.96667,rice,2023-11-25,1.66
BAT_0318,Bathinda,30.285196,75.011934,rice,2023-11-11,1.02
BAT_0319,Bathinda,30.237598,74.989794,rice,2023-11-01,1.63
BAT_0320,Bathinda,30.316738,74.934715,rice,2023-11-22,1.03
BAT_0321,Bathinda,30.100574,74.860885,rice,2023-10-20,3.23
BAT_0322,Bathinda,30.28065,74.857783,rice,2023-10-28,5.96
BAT_0323,Bathinda,30.116226,74.973326,rice,2023-11-29,5.08
BAT_0324,Bathinda,30.252409,75.005838,rice,2023-11-26,1.24
BAT_0325,Bathinda,30.073706,74.927062,rice,2023-11-29,2.47
BAT_0326,Bathinda,30.133648,75.062077,rice,2023-10-19,5.34
BAT_0327,Bathinda,30.300304,75.005404,rice,2023-11-17,0.77
BAT_0328,Bathinda,30.254089,74.985332,rice,2023-10-22,2.53
BAT_0329,Bathinda,30.203352,74.942462,rice,2023-11-08,2.23
BAT_0330,Bathinda,30.188149,74.97439,rice,2023-10-26,5.76
BAT_0331,Bathinda,30.221776,75.010226,rice,2023-11-12,1.12
BAT_0332,Bathinda,30.253875,74.940491,rice,2023-11-21,3.65
BAT_0333,Bathinda,30.081757,75.05924,rice,2023-11-10,0.52
BAT_0334,Bathinda,30.130582,74.855954,rice,2023-11-27,4.8
BAT_0335,Bathinda,30.238462,74.855153,rice,2023-11-29,2.44
BAT_0336,Bathinda,30.20004,74.913946,rice,2023-11-21,3.37
BAT_0337,Bathinda,30.20544,74.882384,rice,2023-10-31,5.5
BAT_0338,Bathinda,30.21181,75.062088,rice,2023-11-03,3.53
BAT_0339,Bathinda,30.286269,74.887706,rice,2023-10-17,1.95
BAT_0340,Bathinda,30.076474,74.850504,rice,2023-11-20,0.62
BAT_0341,Bathinda,30.336178,75.085494,rice,2023-10-27,1.09
BAT_0342,Bathinda,30.322705,75.013757,rice,2023-11-19,2.33
BAT_0343,Bathinda,30.211638,74.990793,rice,2023-11-05,3.26
BAT_0344,Bathinda,30.276071,74.858203,rice,2023-10-16,2.94
BAT_0345,Bathinda,30.220108,75.011458,rice,2023-10-31,5.17
BAT_0346,Bathinda,30.245025,74.968919,rice,2023-11-28,3.82
BAT_0347,Bathinda,30.22365,74.822122,rice,2023-11-14,4.44
BAT_0348,Bathinda,30.214495,75.049209,rice,2023-11-16,4.2
BAT_0349,Bathinda,30.172546,74.811014,rice,2023-11-24,2.43
BAT_0350,Bathinda,30.200389,74.852224,rice,2023-10-17,1.54
BAT_0351,Bathinda,30.135459,75.024044,rice,2023-11-15,2.61
BAT_0352,Bathinda,30.119262,74.836554,rice,2023-11-19,0.98
BAT_0353,Bathinda,30.180558,74.818252,rice,2023-10-26,5.79
BAT_0354,Bathinda,30.213101,75.035841,rice,2023-10-30,1.21
BAT_0355,Bathinda,30.146062,75.070533,rice,2023-11-13,4.07
BAT_0356,Bathinda,30.344315,74.959721,rice,2023-11-01,2.18
BAT_0357,Bathinda,30.219946,74.820798,rice,2023-10-28,0.54
BAT_0358,Bathinda,30.318579,74.993459,rice,2023-10-20,2.14
BAT_0359,Bathinda,30.132925,74.996761,rice,2023-11-24,2.15
BAT_0360,Bathinda,30.161037,75.044687,rice,2023-11-26,5.41
BAT_0361,Bathinda,30.32693,74.887583,rice,2023-10-20,2.92
BAT_0362,Bathinda,30.153814,75.052983,rice,2023-10-20,0.7
BAT_0363,Bathinda,30.248487,75.059231,rice,2023-11-02,4.08
BAT_0364,Bathinda,30.336978,74.826685,rice,2023-11-28,2.48
BAT_0365,Bathinda,30.07344,75.080231,rice,2023-11-08,0.65
BAT_0366,Bathinda,30.076077,74.908251,rice,2023-11-25,1.92
BAT_0367,Bathinda,30.308141,74.850436,rice,2023-11-25,3.55
BAT_0368,Bathinda,30.17667,74.846302,rice,2023-11-20,5.99
BAT_0369,Bathinda,30.244036,74.928527,rice,2023-10-16,5.48
BAT_0370,Bathinda,30.300934,75.032632,rice,2023-11-01,3.89
BAT_0371,Bathinda,30.319628,74.889298,rice,2023-11-07,2.72
BAT_0372,Bathinda,30.239,75.084983,rice,2023-11-16,5.91
BAT_0373,Bathinda,30.214533,74.966182,rice,2023-11-03,5.92
BAT_0374,Bathinda,30.28901,74.823752,rice,2023-11-25,2.27
BAT_0375,Bathinda,30.322037,75.020639,rice,2023-10-17,4.17
BAT_0376,Bathinda,30.187274,74.918408,rice,2023-11-18,4.95
BAT_0377,Bathinda,30.153258,74.997253,rice,2023-10-23,5.15
BAT_0378,Bathinda,30.160568,75.013229,rice,2023-11-17,1.09
BAT_0379,Bathinda,30.109657,74.922354,rice,2023-10-30,5.71
BAT_0380,Bathinda,30.323531,74.819201,rice,2023-10-17,5.11
BAT_0381,Bathinda,30.213485,75.00205,rice,2023-11-27,3.67
BAT_0382,Bathinda,30.103572,74.806222,rice,2023-11-24,3.23
BAT_0383,Bathinda,30.336785,74.965834,rice,2023-11-06,0.67
BAT_0384,Bathinda,30.327194,74.897104,rice,2023-11-01,4.38
BAT_0385,Bathinda,30.265386,74.876587,rice,2023-11-05,2.62
BAT_0386,Bathinda,30.159797,75.001572,rice,2023-10-17,5.01
BAT_0387,Bathinda,30.133285,74.953405,rice,2023-11-28,1.68
BAT_0388,Bathinda,30.284293,75.027652,rice,2023-10-16,4.77
BAT_0389,Bathinda,30.110869,74.95979,rice,2023-11-19,5.95
BAT_0390,Bathinda,30.25414,75.067357,rice,2023-11-03,1.3
BAT_0391,Bathinda,30.197245,75.02155,rice,2023-11-05,3.98
BAT_0392,Bathinda,30.214277,75.08324,rice,2023-10-31,1.46
BAT_0393,Bathinda,30.332898,74.91794,rice,2023-10-31,3.41
BAT_0394,Bathinda,30.145303,75.075324,rice,2023-11-05,5.51
BAT_0395,Bathinda,30.343413,75.084637,rice,2023-11-14,2.98
BAT_0396,Bathinda,30.309205,74.812165,rice,2023-11-14,5.09
BAT_0397,Bathinda,30.21024,74.994002,rice,2023-11-14,2.53
BAT_0398,Bathinda,30.079881,74.924161,rice,2023-11-01,2.75
BAT_0399,Bathinda,30.133942,74.874751,rice,2023-10-28,2.25
BAT_0400,Bathinda,30.303471,74.836688,rice,2023-11-10,3.68
BAT_0401,Bathinda,30.115813,74.953407,rice,2023-11-29,4.03
BAT_0402,Bathinda,30.190679,74.948153,rice,2023-11-09,1.5
BAT_0403,Bathinda,30.200644,74.909949,rice,2023-10-30,2.89
BAT_0404,Bathinda,30.289216,74.924778,rice,2023-11-14,1.8
BAT_0405,Bathinda,30.147633,74.81818,rice,2023-10-16,5.07
BAT_0406,Bathinda,30.286351,74.928081,rice,2023-11-08,1.58
BAT_0407,Bathinda,30.312776,74.821399,rice,2023-11-09,5.21
BAT_0408,Bathinda,30.181089,74.838505,rice,2023-11-02,1.96
BAT_0409,Bathinda,30.239008,74.84807,rice,2023-11-20,2.91
BAT_0410,Bathinda,30.164629,74.872959,rice,2023-11-14,5.03
BAT_0411,Bathinda,30.182069,75.012274,rice,2023-10-15,1.01
BAT_0412,Bathinda,30.194342,74.947653,rice,2023-11-04,3.02
BAT_0413,Bathinda,30.299548,75.060538,rice,2023-10-25,3.71
BAT_0414,Bathinda,30.222606,74.985992,rice,2023-11-20,2.08
BAT_0415,Bathinda,30.298317,75.045417,rice,2023-11-20,5.47
BAT_0416,Bathinda,30.308645,74.924356,rice,2023-10-27,5.5
BAT_0417,Bathinda,30.104723,74.813336,rice,2023-10-28,3.61
BAT_0418,Bathinda,30.169404,75.069279,rice,2023-10-31,1.9
BAT_0419,Bathinda,30.14974,74.983252,rice,2023-10-28,4.5
BAT_0420,Bathinda,30.176691,75.079269,rice,2023-10-15,4.3
BAT_0421,Bathinda,30.08562,74.831436,rice,2023-11-20,5.74
BAT_0422,Bathinda,30.262534,74.92523,rice,2023-10-19,1.6
BAT_0423,Bathinda,30.315619,74.861936,rice,2023-11-08,4.7
BAT_0424,Bathinda,30.153504,74.946876,rice,2023-11-16,1.73
BAT_0425,Bathinda,30.1771,75.075738,rice,2023-11-04,5.16
BAT_0426,Bathinda,30.222368,74.872431,rice,2023-11-15,4.42
BAT_0427,Bathinda,30.211159,74.855018,rice,2023-11-20,3.99
BAT_0428,Bathinda,30.276893,74.873602,rice,2023-11-02,5.32
BAT_0429,Bathinda,30.177274,74.881418,rice,2023-11-28,4.92
BAT_0430,Bathinda,30.170166,74.940852,rice,2023-10-23,1.73
BAT_0431,Bathinda,30.263105,75.024189,rice,2023-11-15,5.7
BAT_0432,Bathinda,30.079571,74.842724,rice,2023-10-30,3.74
BAT_0433,Bathinda,30.267394,74.875691,rice,2023-11-21,2.25
BAT_0434,Bathinda,30.226145,74.990112,rice,2023-11-09,5.85
BAT_0435,Bathinda,30.198595,74.987,rice,2023-11-12,2.25
BAT_0436,Bathinda,30.141858,75.082104,rice,2023-11-10,1.64
BAT_0437,Bathinda,30.292277,74.846544,rice,2023-11-02,1.52
BAT_0438,Bathinda,30.341804,74.997577,rice,2023-11-21,1.0
BAT_0439,Bathinda,30.26509,74.974514,rice,2023-11-04,1.93
BAT_0440,Bathinda,30.272253,75.013081,rice,2023-10-30,2.3
BAT_0441,Bathinda,30.316344,74.880772,rice,2023-11-16,3.8
BAT_0442,Bathinda,30.10098,74.882966,rice,2023-10-18,3.29
BAT_0443,Bathinda,30.151181,74.865699,rice,2023-10-17,3.51
BAT_0444,Bathinda,30.306133,74.968247,rice,2023-11-16,3.16
BAT_0445,Bathinda,30.144152,75.027278,rice,2023-10-29,1.83
BAT_0446,Bathinda,30.306645,75.013034,rice,2023-10-24,3.87
BAT_0447,Bathinda,30.081898,74.841132,rice,2023-11-25,4.6
BAT_0448,Bathinda,30.200948,74.810342,rice,2023-11-06,1.51
BAT_0449,Bathinda,30.235855,74.999881,rice,2023-11-23,0.74
BAT_0450,Bathinda,30.144167,74.82888,rice,2023-10-16,3.48
BAT_0451,Bathinda,30.105637,74.987001,rice,2023-10-17,5.84
BAT_0452,Bathinda,30.336554,74.882042,rice,2023-11-19,0.66
BAT_0453,Bathinda,30.163235,75.003874,rice,2023-10-18,2.48
BAT_0454,Bathinda,30.15445,74.866917,rice,2023-10-17,4.38
BAT_0455,Bathinda,30.255547,74.955438,rice,2023-11-05,1.07
BAT_0456,Bathinda,30.112913,74.912866,rice,2023-11-25,4.11
BAT_0457,Bathinda,30.234542,74.826232,rice,2023-11-19,2.18
BAT_0458,Bathinda,30.171512,74.980116,rice,2023-11-28,5.7
BAT_0459,Bathinda,30.256553,75.072837,rice,2023-10-31,3.9
BAT_0460,Bathinda,30.303086,74.948027,rice,2023-10-23,2.49
BAT_0461,Bathinda,30.346732,74.844976,rice,2023-11-16,5.3
BAT_0462,Bathinda,30.323135,75.080007,rice,2023-11-02,5.37
BAT_0463,Bathinda,30.085268,75.065835,rice,2023-10-29,4.08
BAT_0464,Bathinda,30.181397,75.033327,rice,2023-11-03,3.67
BAT_0465,Bathinda,30.307752,74.859756,rice,2023-10-28,2.92
BAT_0466,Bathinda,30.07233,74.999499,rice,2023-10-23,2.13
BAT_0467,Bathinda,30.227044,74.825101,rice,2023-11-20,3.93
BAT_0468,Bathinda,30.156586,74.865622,rice,2023-10-22,1.76
BAT_0469,Bathinda,30.131149,74.979898,rice,2023-11-28,2.49
BAT_0470,Bathinda,30.263608,74.949328,rice,2023-10-22,3.79
BAT_0471,Bathinda,30.141254,75.06666,rice,2023-10-15,2.08
BAT_0472,Bathinda,30.324211,74.988981,rice,2023-11-03,3.88
BAT_0473,Bathinda,30.319286,74.821891,rice,2023-11-11,4.23
BAT_0474,Bathinda,30.171798,74.877278,rice,2023-11-22,1.08
BAT_0475,Bathinda,30.334501,74.845235,rice,2023-10-28,4.3
BAT_0476,Bathinda,30.269843,74.850515,rice,2023-10-26,4.98
BAT_0477,Bathinda,30.21388,75.043068,rice,2023-11-21,0.74
BAT_0478,Bathinda,30.249357,74.847507,rice,2023-10-19,3.39
BAT_0479,Bathinda,30.07495,75.02388,rice,2023-11-15,5.11
BAT_0480,Bathinda,30.339339,75.058367,rice,2023-11-25,2.94
BAT_0481,Bathinda,30.182537,75.056431,rice,2023-11-04,5.85
BAT_0482,Bathinda,30.286129,74.862057,rice,2023-11-26,5.7
BAT_0483,Bathinda,30.3362,74.992017,rice,2023-11-05,3.59
BAT_0484,Bathinda,30.335356,74.831802,rice,2023-11-23,5.25
BAT_0485,Bathinda,30.086541,74.90045,rice,2023-10-30,3.14
BAT_0486,Bathinda,30.136029,75.07208,rice,2023-10-21,3.58
BAT_0487,Bathinda,30.322365,74.883356,rice,2023-11-02,4.77
BAT_0488,Bathinda,30.267666,74.958238,rice,2023-10-16,4.98
BAT_0489,Bathinda,30.306224,74.970113,rice,2023-10-29,4.46
BAT_0490,Bathinda,30.260525,74.906698,rice,2023-11-28,0.51
BAT_0491,Bathinda,30.138464,75.019398,rice,2023-10-23,2.32
BAT_0492,Bathinda,30.246163,74.86018,rice,2023-11-16,1.95
BAT_0493,Bathinda,30.336274,74.921191,rice,2023-11-04,3.18
BAT_0494,Bathinda,30.179364,75.009768,rice,2023-10-26,5.79
BAT_0495,Bathinda,30.236686,74.971021,rice,2023-11-15,3.61
BAT_0496,Bathinda,30.160412,74.805806,rice,2023-10-31,5.26
BAT_0497,Bathinda,30.191244,74.943285,rice,2023-11-27,5.1
BAT_0498,Bathinda,30.118694,74.920474,rice,2023-10-18,5.12
BAT_0499,Bathinda,30.199179,75.066223,rice,2023-11-19,4.43
BAT_0500,Bathinda,30.34484,74.959392,rice,2023-10-24,4.31
BAT_0501,Bathinda,30.181103,75.015874,rice,2023-11-27,4.37
BAT_0502,Bathinda,30.33306,74.970323,rice,2023-11-25,3.67
BAT_0503,Bathinda,30.156296,75.004196,rice,2023-11-10,4.05
BAT_0504,Bathinda,30.136251,74.957851,rice,2023-11-24,4.66
BAT_0505,Bathinda,30.334022,74.849347,rice,2023-10-16,2.77
BAT_0506,Bathinda,30.106171,75.08002,rice,2023-10-20,2.83
BAT_0507,Bathinda,30.220411,74.869085,rice,2023-11-01,5.92
BAT_0508,Bathinda,30.207832,74.807971,rice,2023-11-04,1.83
BAT_0509,Bathinda,30.344967,75.082439,rice,2023-11-11,3.88
BAT_0510,Bathinda,30.092534,74.967184,rice,2023-10-24,1.19
BAT_0511,Bathinda,30.300225,75.068581,rice,2023-10-24,3.04
BAT_0512,Bathinda,30.099572,74.900459,rice,2023-10-22,0.86
BAT_0513,Bathinda,30.145073,75.082763,rice,2023-11-04,5.22
BAT_0514,Bathinda,30.092687,74.953619,rice,2023-10-17,2.99
BAT_0515,Bathinda,30.331835,74.861234,rice,2023-11-17,4.62
BAT_0516,Bathinda,30.274201,75.001271,rice,2023-10-23,0.64
BAT_0517,Bathinda,30.143789,75.040671,rice,2023-10-23,3.81
BAT_0518,Bathinda,30.153857,74.878348,rice,2023-11-11,5.71
BAT_0519,Bathinda,30.274771,74.841023,rice,2023-11-18,3.7
BAT_0520,Bathinda,30.164341,74.916699,rice,2023-11-27,4.49
BAT_0521,Bathinda,30.176356,74.967549,rice,2023-11-26,1.57
BAT_0522,Bathinda,30.335388,74.905228,rice,2023-11-16,2.81
BAT_0523,Bathinda,30.266584,74.97596,rice,2023-11-28,4.07
BAT_0524,Bathinda,30.323792,75.029579,rice,2023-11-04,5.03
BAT_0525,Bathinda,30.143354,74.922933,rice,2023-10-28,0.74
BAT_0526,Bathinda,30.286542,74.89607,rice,2023-11-09,2.05
BAT_0527,Bathinda,30.143602,74.884846,rice,2023-11-15,3.83
BAT_0528,Bathinda,30.234398,74.877099,rice,2023-10-30,1.64
BAT_0529,Bathinda,30.30238,74.831463,rice,2023-11-11,3.36
BAT_0530,Bathinda,30.231758,75.053482,rice,2023-11-07,3.93
BAT_0531,Bathinda,30.343617,75.049479,rice,2023-11-13,1.83
BAT_0532,Bathinda,30.167537,74.915124,rice,2023-10-24,3.54
BAT_0533,Bathinda,30.136104,74.867757,rice,2023-11-26,4.2
BAT_0534,Bathinda,30.263675,75.078813,rice,2023-11-01,1.61
BAT_0535,Bathinda,30.181001,75.07561,rice,2023-11-16,3.76
BAT_0536,Bathinda,30.222101,74.826643,rice,2023-11-15,5.41
BAT_0537,Bathinda,30.246141,74.965567,rice,2023-11-18,2.66
BAT_0538,Bathinda,30.142306,75.01699,rice,2023-11-08,3.3
BAT_0539,Bathinda,30.080503,74.917246,rice,2023-10-20,2.56
BAT_0540,Bathinda,30.186705,74.980209,rice,2023-11-26,4.91
BAT_0541,Bathinda,30.258169,75.043515,rice,2023-10-17,5.59
BAT_0542,Bathinda,30.324098,74.950862,rice,2023-10-20,3.94
BAT_0543,Bathinda,30.130588,74.930925,rice,2023-11-27,0.62
BAT_0544,Bathinda,30.345653,74.878061,rice,2023-10-24,3.76
BAT_0545,Bathinda,30.15507,74.909274,rice,2023-11-16,2.34
BAT_0546,Bathinda,30.249472,75.074562,rice,2023-11-02,2.86
BAT_0547,Bathinda,30.343531,74.992483,rice,2023-11-22,1.8
BAT_0548,Bathinda,30.088618,75.044042,rice,2023-11-11,3.66
BAT_0549,Bathinda,30.187036,75.032851,rice,2023-11-27,4.81
BAT_0550,Bathinda,30.16283,75.063347,rice,2023-10-29,1.97
BAT_0551,Bathinda,30.109515,75.000967,rice,2023-10-22,5.72
BAT_0552,Bathinda,30.254555,74.870141,rice,2023-10-22,1.65
BAT_0553,Bathinda,30.329685,74.9757,rice,2023-11-26,1.11
BAT_0554,Bathinda,30.33011,74.951114,rice,2023-11-25,4.18
BAT_0555,Bathinda,30.175405,74.822059,rice,2023-10-16,5.97
BAT_0556,Bathinda,30.173073,75.069783,rice,2023-11-28,1.42
BAT_0557,Bathinda,30.114312,74.825971,rice,2023-11-06,0.79
BAT_0558,Bathinda,30.181504,74.844249,rice,2023-11-01,4.52
BAT_0559,Bathinda,30.304342,74.998088,rice,2023-11-18,4.72
BAT_0560,Bathinda,30.14086,75.018157,rice,2023-10-24,3.62
BAT_0561,Bathinda,30.17368,74.828878,rice,2023-11-18,5.67
BAT_0562,Bathinda,30.257457,75.075572,rice,2023-11-22,5.64
BAT_0563,Bathinda,30.12549,75.010239,rice,2023-11-21,3.18
BAT_0564,Bathinda,30.11495,75.078438,rice,2023-10-31,4.49
BAT_0565,Bathinda,30.145734,74.909512,rice,2023-11-23,4.61
BAT_0566,Bathinda,30.330195,74.895503,rice,2023-11-03,3.1
BAT_0567,Bathinda,30.237098,74.915636,rice,2023-10-20,1.08
BAT_0568,Bathinda,30.117949,74.917808,rice,2023-11-07,5.53
BAT_0569,Bathinda,30.16882,74.875442,rice,2023-11-29,5.72
BAT_0570,Bathinda,30.199555,74.807909,rice,2023-11-18,4.28
BAT_0571,Bathinda,30.187217,74.994121,rice,2023-10-17,0.51
BAT_0572,Bathinda,30.167459,75.002842,rice,2023-10-27,2.66
BAT_0573,Bathinda,30.132369,74.935422,rice,2023-11-18,1.16
BAT_0574,Bathinda,30.264691,74.992356,rice,2023-11-18,2.54
BAT_0575,Bathinda,30.342694,75.056017,rice,2023-10-28,0.67
BAT_0576,Bathinda,30.157325,74.862822,rice,2023-10-29,3.51
BAT_0577,Bathinda,30.328248,75.049195,rice,2023-11-18,2.86
BAT_0578,Bathinda,30.081232,74.957866,rice,2023-10-29,0.85
BAT_0579,Bathinda,30.33381,75.048241,rice,2023-11-18,4.35
BAT_0580,Bathinda,30.230046,75.02988,rice,2023-10-24,3.12
BAT_0581,Bathinda,30.124696,74.984656,rice,2023-11-28,3.72
BAT_0582,Bathinda,30.130557,74.997282,rice,2023-10-18,5.05
BAT_0583,Bathinda,30.101667,74.917575,rice,2023-11-02,1.4
BAT_0584,Bathinda,30.229627,74.993615,rice,2023-11-17,2.45
BAT_0585,Bathinda,30.303955,74.948484,rice,2023-10-29,1.27
BAT_0586,Bathinda,30.077485,74.81971,rice,2023-11-12,5.47
BAT_0587,Bathinda,30.31814,75.031626,rice,2023-11-18,3.39
BAT_0588,Bathinda,30.293913,74.994407,rice,2023-10-24,1.14
BAT_0589,Bathinda,30.321752,74.850491,rice,2023-11-20,5.46
BAT_0590,Bathinda,30.206693,74.90991,rice,2023-10-22,3.55
BAT_0591,Bathinda,30.345791,74.838997,rice,2023-10-29,2.34
BAT_0592,Bathinda,30.103774,74.923641,rice,2023-11-18,3.52
BAT_0593,Bathinda,30.128669,74.918975,rice,2023-10-26,3.67
BAT_0594,Bathinda,30.273485,75.039693,rice,2023-11-13,2.75
BAT_0595,Bathinda,30.189431,74.944574,rice,2023-10-20,1.1
BAT_0596,Bathinda,30.158538,74.85363,rice,2023-11-10,2.62
BAT_0597,Bathinda,30.343539,74.968665,rice,2023-11-10,3.61
BAT_0598,Bathinda,30.258341,74.927287,rice,2023-11-03,2.96
BAT_0599,Bathinda,30.267392,74.822542,rice,2023-10-15,3.51
BAT_0600,Bathinda,30.282891,75.080641,rice,2023-11-08,4.88
JAL_0001,Jalandhar,31.327061,75.486447,rice,2023-11-15,5.09
JAL_0002,Jalandhar,31.447076,75.670087,rice,2023-11-11,1.54
JAL_0003,Jalandhar,31.385521,75.685443,rice,2023-11-15,4.27
JAL_0004,Jalandhar,31.326045,75.617353,rice,2023-11-15,2.12
JAL_0005,Jalandhar,31.210867,75.67076,rice,2023-11-14,5.21
JAL_0006,Jalandhar,31.279496,75.465188,rice,2023-11-27,2.04
JAL_0007,Jalandhar,31.421994,75.622628,rice,2023-11-14,2.38
JAL_0008,Jalandhar,31.340412,75.660211,rice,2023-11-28,1.79
JAL_0009,Jalandhar,31.455945,75.604871,rice,2023-10-23,0.64
JAL_0010,Jalandhar,31.43302,75.619679,rice,2023-10-15,4.7
JAL_0011,Jalandhar,31.405524,75.556729,rice,2023-11-02,5.66
JAL_0012,Jalandhar,31.234208,75.652958,rice,2023-11-20,2.19
JAL_0013,Jalandhar,31.276018,75.554571,rice,2023-11-26,0.62
JAL_0014,Jalandhar,31.307499,75.629413,rice,2023-11-23,1.11
JAL_0015,Jalandhar,31.407831,75.702733,rice,2023-11-11,1.34
JAL_0016,Jalandhar,31.458747,75.4944,rice,2023-10-19,0.93
JAL_0017,Jalandhar,31.452614,75.688934,rice,2023-11-08,3.53
JAL_0018,Jalandhar,31.443385,75.622546,rice,2023-11-14,4.12
JAL_0019,Jalandhar,31.422232,75.621909,rice,2023-11-10,2.64
JAL_0020,Jalandhar,31.326877,75.585294,rice,2023-11-07,2.48
JAL_0021,Jalandhar,31.311473,75.663524,rice,2023-11-21,0.64
JAL_0022,Jalandhar,31.265245,75.503888,rice,2023-11-03,4.86
JAL_0023,Jalandhar,31.311802,75.517487,rice,2023-11-21,0.61
JAL_0024,Jalandhar,31.23479,75.670547,rice,2023-11-21,3.53
JAL_0025,Jalandhar,31.402622,75.673689,rice,2023-11-07,0.85
JAL_0026,Jalandhar,31.409786,75.637455,rice,2023-11-27,1.64
JAL_0027,Jalandhar,31.446877,75.552177,rice,2023-10-15,3.83
JAL_0028,Jalandhar,31.333489,75.483667,rice,2023-11-24,5.53
JAL_0029,Jalandhar,31.341865,75.440706,rice,2023-11-26,4.78
JAL_0030,Jalandhar,31.231342,75.606647,rice,2023-10-15,4.25
JAL_0031,Jalandhar,31.264222,75.598408,rice,2023-11-11,5.7
JAL_0032,Jalandhar,31.426848,75.519652,rice,2023-10-26,3.41
JAL_0033,Jalandhar,31.326177,75.707807,rice,2023-11-10,3.59
JAL_0034,Jalandhar,31.446038,75.484587,rice,2023-11-02,3.53
JAL_0035,Jalandhar,31.215588,75.6119,rice,2023-10-26,5.82
JAL_0036,Jalandhar,31.302315,75.477133,rice,2023-10-31,5.09
JAL_0037,Jalandhar,31.415843,75.633561,rice,2023-11-27,1.96
JAL_0038,Jalandhar,31.365775,75.449646,rice,2023-11-18,1.58
JAL_0039,Jalandhar,31.447038,75.645986,rice,2023-11-13,1.11
JAL_0040,Jalandhar,31.451697,75.470413,rice,2023-10-25,1.91
JAL_0041,Jalandhar,31.237138,75.44109,rice,2023-10-28,5.86
JAL_0042,Jalandhar,31.281733,75.580205,rice,2023-10-29,4.6
JAL_0043,Jalandhar,31.340302,75.647206,rice,2023-11-17,3.85
JAL_0044,Jalandhar,31.367902,75.662766,rice,2023-11-14,4.41
JAL_0045,Jalandhar,31.407697,75.479767,rice,2023-10-31,4.55
JAL_0046,Jalandhar,31.269991,75.683882,rice,2023-11-15,2.18
JAL_0047,Jalandhar,31.254273,75.681787,rice,2023-10-22,2.79
JAL_0048,Jalandhar,31.289018,75.690457,rice,2023-10-26,3.0
JAL_0049,Jalandhar,31.380407,75.661331,rice,2023-10-31,5.69
JAL_0050,Jalandhar,31.410702,75.551058,rice,2023-11-12,5.73
JAL_0051,Jalandhar,31.332881,75.445322,rice,2023-11-13,3.92
JAL_0052,Jalandhar,31.229908,75.602539,rice,2023-10-26,2.49
JAL_0053,Jalandhar,31.335628,75.439525,rice,2023-11-08,2.49
JAL_0054,Jalandhar,31.225244,75.561616,rice,2023-11-23,3.17
JAL_0055,Jalandhar,31.364473,75.585877,rice,2023-11-10,5.29
JAL_0056,Jalandhar,31.313823,75.460557,rice,2023-10-17,4.75
JAL_0057,Jalandhar,31.370843,75.620843,rice,2023-11-14,2.76
JAL_0058,Jalandhar,31.336175,75.453166,rice,2023-11-03,2.14
JAL_0059,Jalandhar,31.46261,75.624414,rice,2023-11-13,1.72
JAL_0060,Jalandhar,31.394659,75.511881,rice,2023-11-03,1.39
JAL_0061,Jalandhar,31.229264,75.643194,rice,2023-11-16,0.88
JAL_0062,Jalandhar,31.218212,75.616477,rice,2023-11-13,3.64
JAL_0063,Jalandhar,31.37808,75.488851,rice,2023-11-24,5.65
JAL_0064,Jalandhar,31.354294,75.493916,rice,2023-11-17,4.24
JAL_0065,Jalandhar,31.282063,75.452801,rice,2023-11-23,5.48
JAL_0066,Jalandhar,31.301119,75.681106,rice,2023-10-28,3.3
JAL_0067,Jalandhar,31.330754,75.440461,rice,2023-11-26,1.09
JAL_0068,Jalandhar,31.32005,75.511889,rice,2023-11-13,2.66
JAL_0069,Jalandhar,31.336382,75.44305,rice,2023-10-20,5.94
JAL_0070,Jalandhar,31.202072,75.52843,rice,2023-10-28,2.27
JAL_0071,Jalandhar,31.292228,75.630739,rice,2023-10-20,3.03
JAL_0072,Jalandhar,31.366562,75.52925,rice,2023-10-26,5.72
JAL_0073,Jalandhar,31.460308,75.472509,rice,2023-10-24,1.64
JAL_0074,Jalandhar,31.238301,75.576474,rice,2023-10-30,3.6
JAL_0075,Jalandhar,31.305183,75.515315,rice,2023-11-01,5.96
JAL_0076,Jalandhar,31.44463,75.460252,rice,2023-10-27,4.11
JAL_0077,Jalandhar,31.313926,75.631868,rice,2023-10-28,5.39
JAL_0078,Jalandhar,31.204757,75.536887,rice,2023-11-11,5.92
JAL_0079,Jalandhar,31.23704,75.474653,rice,2023-11-05,4.78
JAL_0080,Jalandhar,31.374237,75.656335,rice,2023-11-17,4.32
JAL_0081,Jalandhar,31.224016,75.609302,rice,2023-11-12,5.26
JAL_0082,Jalandhar,31.254946,75.474681,rice,2023-11-19,4.8
JAL_0083,Jalandhar,31.257834,75.44794,rice,2023-10-19,3.28
JAL_0084,Jalandhar,31.277457,75.4422,rice,2023-11-21,0.69
JAL_0085,Jalandhar,31.407935,75.576118,rice,2023-10-25,2.47
JAL_0086,Jalandhar,31.232285,75.470607,rice,2023-10-21,2.02
JAL_0087,Jalandhar,31.339862,75.497802,rice,2023-11-16,3.13
JAL_0088,Jalandhar,31.303608,75.475016,rice,2023-10-30,0.71
JAL_0089,Jalandhar,31.195928,75.53705,rice,2023-11-12,1.22
JAL_0090,Jalandhar,31.406354,75.639389,rice,2023-11-17,0.52
JAL_0091,Jalandhar,31.193489,75.493609,rice,2023-11-10,3.42
JAL_0092,Jalandhar,31.197096,75.663741,rice,2023-10-17,3.21
JAL_0093,Jalandhar,31.389827,75.649197,rice,2023-11-15,5.59
JAL_0094,Jalandhar,31.463267,75.53958,rice,2023-11-07,1.19
JAL_0095,Jalandhar,31.287707,75.501539,rice,2023-10-15,2.58
JAL_0096,Jalandhar,31.320526,75.652693,rice,2023-11-08,2.01
JAL_0097,Jalandhar,31.336493,75.532845,rice,2023-10-16,4.02
JAL_0098,Jalandhar,31.188381,75.623814,rice,2023-11-20,1.44
JAL_0099,Jalandhar,31.388853,75.597855,rice,2023-11-17,4.32
JAL_0100,Jalandhar,31.425846,75.657048,rice,2023-11-02,3.5
JAL_0101,Jalandhar,31.388354,75.554896,rice,2023-11-20,5.06
JAL_0102,Jalandhar,31.224442,75.505649,rice,2023-11-20,1.98
JAL_0103,Jalandhar,31.232503,75.54891,rice,2023-10-25,3.78
JAL_0104,Jalandhar,31.214452,75.514577,rice,2023-10-23,4.16
JAL_0105,Jalandhar,31.297593,75.55701,rice,2023-10-20,5.91
JAL_0106,Jalandhar,31.344219,75.461139,rice,2023-11-20,1.07
JAL_0107,Jalandhar,31.45718,75.629186,rice,2023-11-06,4.22
JAL_0108,Jalandhar,31.236293,75.564541,rice,2023-11-18,4.89
JAL_0109,Jalandhar,31.428582,75.505454,rice,2023-10-28,1.36
JAL_0110,Jalandhar,31.454318,75.509617,rice,2023-11-11,4.5
JAL_0111,Jalandhar,31.250712,75.611495,rice,2023-10-18,2.31
JAL_0112,Jalandhar,31.415273,75.686904,rice,2023-11-14,5.2
JAL_0113,Jalandhar,31.278624,75.647415,rice,2023-11-10,3.76
JAL_0114,Jalandhar,31.319679,75.607073,rice,2023-11-09,1.25
JAL_0115,Jalandhar,31.300477,75.488748,rice,2023-11-27,1.2
JAL_0116,Jalandhar,31.245499,75.65794,rice,2023-10-27,3.52
JAL_0117,Jalandhar,31.19262,75.659787,rice,2023-10-27,5.34
JAL_0118,Jalandhar,31.416445,75.716821,rice,2023-11-25,3.73
JAL_0119,Jalandhar,31.455525,75.704676,rice,2023-10-31,5.25
JAL_0120,Jalandhar,31.407892,75.656224,rice,2023-10-29,5.43
JAL_0121,Jalandhar,31.293573,75.551015,rice,2023-11-18,4.56
JAL_0122,Jalandhar,31.432326,75.684237,rice,2023-11-13,4.47
JAL_0123,Jalandhar,31.45393,75.489016,rice,2023-11-17,0.85
JAL_0124,Jalandhar,31.341574,75.464255,rice,2023-11-27,3.62
JAL_0125,Jalandhar,31.295231,75.461851,rice,2023-11-10,4.52
JAL_0126,Jalandhar,31.234772,75.633442,rice,2023-11-13,1.48
JAL_0127,Jalandhar,31.224471,75.480262,rice,2023-11-25,4.78
JAL_0128,Jalandhar,31.35313,75.665618,rice,2023-11-11,3.75
JAL_0129,Jalandhar,31.40925,75.712426,rice,2023-10-27,1.32
JAL_0130,Jalandhar,31.223911,75.606294,rice,2023-11-01,3.51
JAL_0131,Jalandhar,31.237586,75.685989,rice,2023-10-15,1.89
JAL_0132,Jalandhar,31.243927,75.498898,rice,2023-11-28,2.63
JAL_0133,Jalandhar,31.424904,75.605869,rice,2023-10-16,3.1
JAL_0134,Jalandhar,31.211293,75.55274,rice,2023-10-18,2.72
JAL_0135,Jalandhar,31.367539,75.592847,rice,2023-10-22,0.59
JAL_0136,Jalandhar,31.40272,75.445344,rice,2023-11-24,2.17
JAL_0137,Jalandhar,31.432306,75.632316,rice,2023-11-11,3.2
JAL_0138,Jalandhar,31.388133,75.701456,rice,2023-10-22,3.99
JAL_0139,Jalandhar,31.192909,75.578917,rice,2023-11-19,0.76
JAL_0140,Jalandhar,31.353583,75.656538,rice,2023-10-22,0.7
JAL_0141,Jalandhar,31.405405,75.636789,rice,2023-11-16,1.85
JAL_0142,Jalandhar,31.296207,75.47253,rice,2023-11-18,1.81
JAL_0143,Jalandhar,31.270781,75.528442,rice,2023-11-24,1.54
JAL_0144,Jalandhar,31.438412,75.65849,rice,2023-10-23,2.39
JAL_0145,Jalandhar,31.45134,75.505898,rice,2023-11-25,4.97
JAL_0146,Jalandhar,31.310008,75.504695,rice,2023-11-02,2.53
JAL_0147,Jalandhar,31.326202,75.61278,rice,2023-11-18,2.87
JAL_0148,Jalandhar,31.259904,75.588897,rice,2023-11-02,1.71
JAL_0149,Jalandhar,31.428907,75.648263,rice,2023-11-05,4.61
JAL_0150,Jalandhar,31.187959,75.535457,rice,2023-11-02,2.92
JAL_0151,Jalandhar,31.317544,75.648645,rice,2023-11-17,2.59
JAL_0152,Jalandhar,31.284168,75.609944,rice,2023-11-28,2.05
JAL_0153,Jalandhar,31.225578,75.708231,rice,2023-11-12,5.77
JAL_0154,Jalandhar,31.246993,75.443987,rice,2023-11-21,2.9
JAL_0155,Jalandhar,31.447411,75.477731,rice,2023-10-21,0.88
JAL_0156,Jalandhar,31.400205,75.659059,rice,2023-10-20,4.32
JAL_0157,Jalandhar,31.200922,75.641521,rice,2023-11-01,1.37
JAL_0158,Jalandhar,31.268635,75.579321,rice,2023-11-04,2.31
JAL_0159,Jalandhar,31.45753,75.571928,rice,2023-11-17,4.2
JAL_0160,Jalandhar,31.368153,75.439683,rice,2023-11-01,3.9
JAL_0161,Jalandhar,31.254255,75.544065,rice,2023-10-27,3.57
JAL_0162,Jalandhar,31.289223,75.485875,rice,2023-11-16,3.28
JAL_0163,Jalandhar,31.275422,75.69462,rice,2023-11-19,5.26
JAL_0164,Jalandhar,31.295251,75.670682,rice,2023-11-08,0.81
JAL_0165,Jalandhar,31.269473,75.460889,rice,2023-10-18,5.55
JAL_0166,Jalandhar,31.386723,75.614031,rice,2023-10-16,3.43
JAL_0167,Jalandhar,31.345475,75.617833,rice,2023-11-27,3.78
JAL_0168,Jalandhar,31.395603,75.517674,rice,2023-11-22,5.87
JAL_0169,Jalandhar,31.194931,75.547241,rice,2023-10-22,1.49
JAL_0170,Jalandhar,31.225575,75.541321,rice,2023-11-24,2.86
JAL_0171,Jalandhar,31.44735,75.673113,rice,2023-10-28,5.85
JAL_0172,Jalandhar,31.365838,75.683624,rice,2023-11-05,1.85
JAL_0173,Jalandhar,31.32291,75.447321,rice,2023-11-14,4.38
JAL_0174,Jalandhar,31.219122,75.592386,rice,2023-10-15,4.33
JAL_0175,Jalandhar,31.195026,75.564648,rice,2023-11-23,5.39
JAL_0176,Jalandhar,31.269784,75.711781,rice,2023-11-15,5.14
JAL_0177,Jalandhar,31.368178,75.548739,rice,2023-11-12,4.99
JAL_0178,Jalandhar,31.270924,75.716992,rice,2023-11-16,5.5
JAL_0179,Jalandhar,31.32194,75.641392,rice,2023-10-24,4.69
JAL_0180,Jalandhar,31.417555,75.445502,rice,2023-11-08,0.94
JAL_0181,Jalandhar,31.280211,75.695932,rice,2023-11-05,5.38
JAL_0182,Jalandhar,31.315481,75.519879,rice,2023-11-02,5.45
JAL_0183,Jalandhar,31.342988,75.539936,rice,2023-10-28,1.11
JAL_0184,Jalandhar,31.225007,75.541154,rice,2023-10-17,3.84
JAL_0185,Jalandhar,31.272125,75.457348,rice,2023-11-05,2.75
JAL_0186,Jalandhar,31.463836,75.549036,rice,2023-10-27,0.99
JAL_0187,Jalandhar,31.348712,75.696499,rice,2023-11-07,5.1
JAL_0188,Jalandhar,31.445905,75.617232,rice,2023-11-20,5.97
JAL_0189,Jalandhar,31.195319,75.672755,rice,2023-11-26,5.54
JAL_0190,Jalandhar,31.319887,75.659572,rice,2023-11-23,1.57
JAL_0191,Jalandhar,31.354876,75.539421,rice,2023-10-30,4.22
JAL_0192,Jalandhar,31.283179,75.499547,rice,2023-11-11,2.27
JAL_0193,Jalandhar,31.371908,75.628525,rice,2023-10-23,1.2
JAL_0194,Jalandhar,31.415185,75.631681,rice,2023-11-18,0.67
JAL_0195,Jalandhar,31.279967,75.569679,rice,2023-11-10,1.15
JAL_0196,Jalandhar,31.244057,75.445877,rice,2023-10-31,1.01
JAL_0197,Jalandhar,31.260564,75.668592,rice,2023-10-16,2.83
JAL_0198,Jalandhar,31.371406,75.590623,rice,2023-11-08,1.22
JAL_0199,Jalandhar,31.248335,75.501306,rice,2023-11-21,3.04
JAL_0200,Jalandhar,31.294524,75.594859,rice,2023-11-11,5.84
JAL_0201,Jalandhar,31.273974,75.584655,rice,2023-10-22,4.44
JAL_0202,Jalandhar,31.390481,75.64314,rice,2023-11-06,1.61
JAL_0203,Jalandhar,31.311746,75.666129,rice,2023-11-25,5.91
JAL_0204,Jalandhar,31.28814,75.578347,rice,2023-11-01,3.11
JAL_0205,Jalandhar,31.307426,75.675777,rice,2023-10-21,3.62
JAL_0206,Jalandhar,31.359208,75.677342,rice,2023-10-22,3.85
JAL_0207,Jalandhar,31.454806,75.683207,rice,2023-11-29,5.23
JAL_0208,Jalandhar,31.454374,75.511015,rice,2023-10-31,3.86
JAL_0209,Jalandhar,31.264905,75.620879,rice,2023-10-16,4.54
JAL_0210,Jalandhar,31.30355,75.603446,rice,2023-10-19,0.64
JAL_0211,Jalandhar,31.380724,75.577878,rice,2023-11-21,2.24
JAL_0212,Jalandhar,31.22683,75.56092,rice,2023-11-12,5.69
JAL_0213,Jalandhar,31.249782,75.628235,rice,2023-11-09,4.45
JAL_0214,Jalandhar,31.252762,75.565425,rice,2023-10-17,2.52
JAL_0215,Jalandhar,31.217595,75.535763,rice,2023-11-01,3.37
JAL_0216,Jalandhar,31.458258,75.570605,rice,2023-10-31,5.53
JAL_0217,Jalandhar,31.315236,75.469112,rice,2023-10-28,2.74
JAL_0218,Jalandhar,31.277103,75.681432,rice,2023-10-25,4.23
JAL_0219,Jalandhar,31.347926,75.576544,rice,2023-10-24,3.87
JAL_0220,Jalandhar,31.22089,75.484509,rice,2023-11-02,2.17
JAL_0221,Jalandhar,31.233932,75.628588,rice,2023-11-03,1.38
JAL_0222,Jalandhar,31.43873,75.718312,rice,2023-10-16,3.18
JAL_0223,Jalandhar,31.324704,75.655552,rice,2023-10-30,2.85
JAL_0224,Jalandhar,31.213952,75.551259,rice,2023-10-16,5.91
JAL_0225,Jalandhar,31.397017,75.714813,rice,2023-11-06,3.84
JAL_0226,Jalandhar,31.397182,75.623546,rice,2023-11-18,3.05
JAL_0227,Jalandhar,31.267913,75.58465,rice,2023-11-13,3.18
JAL_0228,Jalandhar,31.226918,75.597311,rice,2023-10-26,1.85
JAL_0229,Jalandhar,31.26821,75.578728,rice,2023-11-05,5.79
JAL_0230,Jalandhar,31.311144,75.537638,rice,2023-10-22,0.66
JAL_0231,Jalandhar,31.422111,75.614233,rice,2023-11-26,1.85
JAL_0232,Jalandhar,31.394638,75.703733,rice,2023-11-03,2.59
JAL_0233,Jalandhar,31.223765,75.469575,rice,2023-10-20,4.59
JAL_0234,Jalandhar,31.460791,75.716989,rice,2023-10-15,4.81
JAL_0235,Jalandhar,31.231411,75.712759,rice,2023-11-24,2.33
JAL_0236,Jalandhar,31.378454,75.452734,rice,2023-10-30,5.04
JAL_0237,Jalandhar,31.465243,75.65602,rice,2023-11-20,2.65
JAL_0238,Jalandhar,31.204458,75.660947,rice,2023-11-19,3.78
JAL_0239,Jalandhar,31.440615,75.47147,rice,2023-10-26,2.48
JAL_0240,Jalandhar,31.377318,75.659569,rice,2023-10-29,5.79
JAL_0241,Jalandhar,31.268714,75.577218,rice,2023-11-09,1.89
JAL_0242,Jalandhar,31.290721,75.605266,rice,2023-10-16,3.09
JAL_0243,Jalandhar,31.288053,75.613742,rice,2023-10-22,1.83
JAL_0244,Jalandhar,31.282005,75.636379,rice,2023-11-22,4.78
JAL_0245,Jalandhar,31.417111,75.497613,rice,2023-10-31,5.45
JAL_0246,Jalandhar,31.295746,75.559367,rice,2023-11-08,5.92
JAL_0247,Jalandhar,31.217655,75.636569,rice,2023-10-25,1.33
JAL_0248,Jalandhar,31.386047,75.570527,rice,2023-11-23,5.19
JAL_0249,Jalandhar,31.440087,75.683296,rice,2023-10-26,4.66
JAL_0250,Jalandhar,31.444028,75.612978,rice,2023-10-17,3.8
JAL_0251,Jalandhar,31.198602,75.678689,rice,2023-10-23,2.22
JAL_0252,Jalandhar,31.445242,75.704929,rice,2023-10-17,5.96
JAL_0253,Jalandhar,31.319393,75.48868,rice,2023-10-23,1.06
JAL_0254,Jalandhar,31.43031,75.59595,rice,2023-11-06,2.72
JAL_0255,Jalandhar,31.208269,75.552467,rice,2023-10-19,4.37
JAL_0256,Jalandhar,31.209088,75.483774,rice,2023-11-23,2.66
JAL_0257,Jalandhar,31.214385,75.700532,rice,2023-10-21,1.02
JAL_0258,Jalandhar,31.406656,75.542154,rice,2023-11-14,1.85
JAL_0259,Jalandhar,31.345596,75.442744,rice,2023-11-20,5.14
JAL_0260,Jalandhar,31.445856,75.534915,rice,2023-11-05,4.03
JAL_0261,Jalandhar,31.249511,75.59586,rice,2023-10-19,3.64
JAL_0262,Jalandhar,31.234082,75.702545,rice,2023-10-26,5.38
JAL_0263,Jalandhar,31.280337,75.656466,rice,2023-10-20,4.57
JAL_0264,Jalandhar,31.265089,75.47698,rice,2023-10-19,4.23
JAL_0265,Jalandhar,31.317546,75.587439,rice,2023-11-05,0.83
JAL_0266,Jalandhar,31.200386,75.607327,rice,2023-11-07,3.93
JAL_0267,Jalandhar,31.199209,75.544963,rice,2023-10-16,4.11
JAL_0268,Jalandhar,31.417917,75.556805,rice,2023-11-12,3.52
JAL_0269,Jalandhar,31.347997,75.526373,rice,2023-10-23,0.52
JAL_0270,Jalandhar,31.420115,75.495065,rice,2023-10-17,3.97
JAL_0271,Jalandhar,31.347573,75.550897,rice,2023-10-28,4.34
JAL_0272,Jalandhar,31.192368,75.656474,rice,2023-11-22,3.29
JAL_0273,Jalandhar,31.283165,75.642528,rice,2023-10-26,2.21
JAL_0274,Jalandhar,31.461251,75.620638,rice,2023-11-15,3.83
JAL_0275,Jalandhar,31.205567,75.517209,rice,2023-10-22,3.97
JAL_0276,Jalandhar,31.329574,75.652649,rice,2023-11-04,1.94
JAL_0277,Jalandhar,31.382604,75.667647,rice,2023-11-26,4.74
JAL_0278,Jalandhar,31.434782,75.46257,rice,2023-11-19,4.33
JAL_0279,Jalandhar,31.45723,75.599622,rice,2023-11-23,5.99
JAL_0280,Jalandhar,31.23491,75.532956,rice,2023-10-24,1.45
JAL_0281,Jalandhar,31.316064,75.556285,rice,2023-11-28,5.6
JAL_0282,Jalandhar,31.319931,75.583095,rice,2023-11-06,5.38
JAL_0283,Jalandhar,31.414972,75.506122,rice,2023-11-28,3.96
JAL_0284,Jalandhar,31.422558,75.593798,rice,2023-10-15,1.66
JAL_0285,Jalandhar,31.393579,75.626471,rice,2023-10-30,5.25
JAL_0286,Jalandhar,31.405588,75.626027,rice,2023-11-09,4.16
JAL_0287,Jalandhar,31.371417,75.586046,rice,2023-11-13,4.4
JAL_0288,Jalandhar,31.356938,75.576195,rice,2023-11-05,1.2
JAL_0289,Jalandhar,31.38254,75.61988,rice,2023-11-14,2.46
JAL_0290,Jalandhar,31.255082,75.708336,rice,2023-10-30,5.23
JAL_0291,Jalandhar,31.343094,75.551463,rice,2023-11-04,3.4
JAL_0292,Jalandhar,31.459238,75.454434,rice,2023-11-17,0.69
JAL_0293,Jalandhar,31.345211,75.495918,rice,2023-10-28,4.8
JAL_0294,Jalandhar,31.224671,75.56237,rice,2023-11-11,4.29
JAL_0295,Jalandhar,31.419482,75.577976,rice,2023-11-16,3.72
JAL_0296,Jalandhar,31.313265,75.655139,rice,2023-10-24,3.56
JAL_0297,Jalandhar,31.264238,75.65023,rice,2023-10-27,1.48
JAL_0298,Jalandhar,31.34366,75.70453,rice,2023-11-07,4.38
JAL_0299,Jalandhar,31.269665,75.638044,rice,2023-11-02,3.48
JAL_0300,Jalandhar,31.333447,75.508269,rice,2023-10-27,2.41
JAL_0301,Jalandhar,31.449811,75.509168,rice,2023-11-11,4.17
JAL_0302,Jalandhar,31.335136,75.477504,rice,2023-11-20,1.63
JAL_0303,Jalandhar,31.236114,75.603302,rice,2023-11-01,5.32
JAL_0304,Jalandhar,31.193071,75.515643,rice,2023-11-28,1.36
JAL_0305,Jalandhar,31.45919,75.504971,rice,2023-11-29,3.91
JAL_0306,Jalandhar,31.341732,75.502238,rice,2023-10-24,4.19
JAL_0307,Jalandhar,31.213162,75.444423,rice,2023-11-20,2.51
JAL_0308,Jalandhar,31.459005,75.592229,rice,2023-10-18,4.65
JAL_0309,Jalandhar,31.276019,75.640415,rice,2023-11-27,2.47
JAL_0310,Jalandhar,31.465737,75.617755,rice,2023-11-28,4.62
JAL_0311,Jalandhar,31.256607,75.619065,rice,2023-10-18,5.76
JAL_0312,Jalandhar,31.439309,75.550068,rice,2023-11-07,5.71
JAL_0313,Jalandhar,31.433748,75.604307,rice,2023-11-14,1.38
JAL_0314,Jalandhar,31.207525,75.469238,rice,2023-10-18,5.87
JAL_0315,Jalandhar,31.245407,75.632439,rice,2023-11-17,3.97
JAL_0316,Jalandhar,31.243877,75.601217,rice,2023-11-13,3.94
JAL_0317,Jalandhar,31.345713,75.491125,rice,2023-11-05,0.9
JAL_0318,Jalandhar,31.351536,75.561153,rice,2023-11-17,1.88
JAL_0319,Jalandhar,31.412069,75.48825,rice,2023-11-08,5.37
JAL_0320,Jalandhar,31.286965,75.524443,rice,2023-11-26,1.26
JAL_0321,Jalandhar,31.442572,75.614709,rice,2023-11-23,3.31
JAL_0322,Jalandhar,31.210024,75.59965,rice,2023-10-16,3.3
JAL_0323,Jalandhar,31.209197,75.667441,rice,2023-10-19,3.48
JAL_0324,Jalandhar,31.364931,75.708445,rice,2023-10-27,3.22
JAL_0325,Jalandhar,31.442848,75.53836,rice,2023-11-05,1.8
JAL_0326,Jalandhar,31.384094,75.463811,rice,2023-11-23,5.92
JAL_0327,Jalandhar,31.453102,75.56282,rice,2023-11-06,3.79
JAL_0328,Jalandhar,31.263011,75.627852,rice,2023-11-08,4.34
JAL_0329,Jalandhar,31.333021,75.480367,rice,2023-11-28,1.13
JAL_0330,Jalandhar,31.362168,75.467865,rice,2023-11-26,1.3
JAL_0331,Jalandhar,31.191751,75.540742,rice,2023-10-28,3.37
JAL_0332,Jalandhar,31.374871,75.628005,rice,2023-11-13,1.27
JAL_0333,Jalandhar,31.202054,75.6141,rice,2023-11-21,3.56
JAL_0334,Jalandhar,31.254813,75.666014,rice,2023-11-14,0.92
JAL_0335,Jalandhar,31.363047,75.472715,rice,2023-10-16,2.8
JAL_0336,Jalandhar,31.387069,75.453614,rice,2023-11-14,3.55
JAL_0337,Jalandhar,31.226566,75.630067,rice,2023-11-04,0.9
JAL_0338,Jalandhar,31.385674,75.456789,rice,2023-10-20,1.73
JAL_0339,Jalandhar,31.416926,75.665713,rice,2023-10-30,2.29
JAL_0340,Jalandhar,31.333853,75.655537,rice,2023-11-23,1.25
JAL_0341,Jalandhar,31.388829,75.466296,rice,2023-10-19,4.01
JAL_0342,Jalandhar,31.324125,75.574724,rice,2023-11-26,1.5
JAL_0343,Jalandhar,31.282857,75.642595,rice,2023-11-09,3.41
JAL_0344,Jalandhar,31.240669,75.632301,rice,2023-11-08,2.66
JAL_0345,Jalandhar,31.237171,75.70326,rice,2023-11-04,3.4
JAL_0346,Jalandhar,31.460784,75.541594,rice,2023-11-07,5.69
JAL_0347,Jalandhar,31.380579,75.616267,rice,2023-11-03,0.78
JAL_0348,Jalandhar,31.308579,75.441848,rice,2023-10-25,0.89
JAL_0349,Jalandhar,31.352691,75.641852,rice,2023-10-16,4.53
JAL_0350,Jalandhar,31.451923,75.647089,rice,2023-10-22,4.82
JAL_0351,Jalandhar,31.3822,75.501926,rice,2023-10-15,5.72
JAL_0352,Jalandhar,31.371139,75.659927,rice,2023-10-31,5.83
JAL_0353,Jalandhar,31.250802,75.529072,rice,2023-10-30,0.63
JAL_0354,Jalandhar,31.345941,75.665433,rice,2023-11-13,3.86
JAL_0355,Jalandhar,31.26871,75.641749,rice,2023-10-23,5.42
JAL_0356,Jalandhar,31.214256,75.680778,rice,2023-10-21,3.24
JAL_0357,Jalandhar,31.306021,75.579185,rice,2023-10-25,3.02
JAL_0358,Jalandhar,31.423922,75.663267,rice,2023-10-24,1.4
JAL_0359,Jalandhar,31.374558,75.678914,rice,2023-11-04,2.84
JAL_0360,Jalandhar,31.199466,75.699727,rice,2023-11-21,2.68
JAL_0361,Jalandhar,31.287073,75.651664,rice,2023-11-11,5.09
JAL_0362,Jalandhar,31.207294,75.646399,rice,2023-10-27,5.81
JAL_0363,Jalandhar,31.464815,75.697665,rice,2023-11-21,2.03
JAL_0364,Jalandhar,31.456662,75.698811,rice,2023-11-24,3.44
JAL_0365,Jalandhar,31.298582,75.469595,rice,2023-10-22,4.35
JAL_0366,Jalandhar,31.299119,75.552688,rice,2023-11-11,3.65
JAL_0367,Jalandhar,31.19378,75.707202,rice,2023-11-25,1.27
JAL_0368,Jalandhar,31.187537,75.67893,rice,2023-10-28,5.25
JAL_0369,Jalandhar,31.212686,75.481628,rice,2023-10-17,1.52
JAL_0370,Jalandhar,31.39203,75.455251,rice,2023-11-04,3.52
JAL_0371,Jalandhar,31.293182,75.569185,rice,2023-10-26,1.34
JAL_0372,Jalandhar,31.247679,75.457146,rice,2023-11-03,1.13
JAL_0373,Jalandhar,31.459811,75.51734,rice,2023-11-07,1.2
JAL_0374,Jalandhar,31.397446,75.69776,rice,2023-10-29,4.84
JAL_0375,Jalandhar,31.357532,75.666705,rice,2023-11-07,5.23
JAL_0376,Jalandhar,31.409585,75.439483,rice,2023-11-02,3.18
JAL_0377,Jalandhar,31.260093,75.463145,rice,2023-11-11,0.54
JAL_0378,Jalandhar,31.390446,75.715694,rice,2023-11-22,3.15
JAL_0379,Jalandhar,31.289947,75.608633,rice,2023-11-25,1.82
JAL_0380,Jalandhar,31.256196,75.60901,rice,2023-11-21,5.67
JAL_0381,Jalandhar,31.269563,75.544491,rice,2023-11-20,1.47
JAL_0382,Jalandhar,31.207551,75.604131,rice,2023-11-29,0.63
JAL_0383,Jalandhar,31.236521,75.613219,rice,2023-10-27,3.31
JAL_0384,Jalandhar,31.293449,75.600335,rice,2023-11-14,4.04
JAL_0385,Jalandhar,31.410975,75.66097,rice,2023-10-26,5.42
JAL_0386,Jalandhar,31.420647,75.476309,rice,2023-11-14,5.76
JAL_0387,Jalandhar,31.435688,75.52886,rice,2023-11-21,3.82
JAL_0388,Jalandhar,31.308757,75.648879,rice,2023-10-15,3.39
JAL_0389,Jalandhar,31.207417,75.507512,rice,2023-11-07,0.71
JAL_0390,Jalandhar,31.392268,75.520744,rice,2023-11-24,2.99
JAL_0391,Jalandhar,31.334682,75.509023,rice,2023-11-28,4.31
JAL_0392,Jalandhar,31.209817,75.5437,rice,2023-11-13,4.59
JAL_0393,Jalandhar,31.388059,75.591489,rice,2023-11-05,1.09
JAL_0394,Jalandhar,31.219099,75.623097,rice,2023-11-19,4.31
JAL_0395,Jalandhar,31.414068,75.48969,rice,2023-11-18,4.13
JAL_0396,Jalandhar,31.248636,75.58374,rice,2023-11-07,4.01
JAL_0397,Jalandhar,31.246046,75.544158,rice,2023-11-01,5.47
JAL_0398,Jalandhar,31.252304,75.472834,rice,2023-10-24,0.69
JAL_0399,Jalandhar,31.198587,75.492644,rice,2023-10-24,0.6
JAL_0400,Jalandhar,31.266288,75.455287,rice,2023-11-11,2.72
JAL_0401,Jalandhar,31.199601,75.609112,rice,2023-10-23,4.52
JAL_0402,Jalandhar,31.248816,75.68218,rice,2023-11-15,4.3
JAL_0403,Jalandhar,31.201862,75.562415,rice,2023-10-30,2.21
JAL_0404,Jalandhar,31.292836,75.615289,rice,2023-11-19,0.81
JAL_0405,Jalandhar,31.456742,75.487855,rice,2023-10-24,0.53
JAL_0406,Jalandhar,31.297875,75.686591,rice,2023-10-16,5.01
JAL_0407,Jalandhar,31.441373,75.588459,rice,2023-11-16,2.62
JAL_0408,Jalandhar,31.198997,75.693666,rice,2023-11-04,3.23
JAL_0409,Jalandhar,31.313419,75.583247,rice,2023-10-27,1.73
JAL_0410,Jalandhar,31.384772,75.638016,rice,2023-11-20,5.17
JAL_0411,Jalandhar,31.188431,75.486711,rice,2023-11-03,5.18
JAL_0412,Jalandhar,31.456233,75.605563,rice,2023-11-05,1.67
JAL_0413,Jalandhar,31.237684,75.618044,rice,2023-11-07,3.54
JAL_0414,Jalandhar,31.419747,75.54815,rice,2023-10-24,2.58
JAL_0415,Jalandhar,31.196119,75.510144,rice,2023-11-02,2.48
JAL_0416,Jalandhar,31.230324,75.468615,rice,2023-11-16,1.02
JAL_0417,Jalandhar,31.370557,75.610534,rice,2023-10-31,3.25
JAL_0418,Jalandhar,31.228878,75.579169,rice,2023-11-07,0.83
JAL_0419,Jalandhar,31.44524,75.455248,rice,2023-11-27,0.5
JAL_0420,Jalandhar,31.406122,75.485528,rice,2023-11-03,5.59
JAL_0421,Jalandhar,31.198314,75.66882,rice,2023-10-31,1.87
JAL_0422,Jalandhar,31.242677,75.53915,rice,2023-11-14,5.06
JAL_0423,Jalandhar,31.427348,75.48808,rice,2023-10-27,1.81
JAL_0424,Jalandhar,31.22034,75.620006,rice,2023-10-31,2.4
JAL_0425,Jalandhar,31.249108,75.681479,rice,2023-10-26,4.76
JAL_0426,Jalandhar,31.196975,75.695237,rice,2023-11-18,3.66
JAL_0427,Jalandhar,31.327065,75.441964,rice,2023-11-14,3.49
JAL_0428,Jalandhar,31.417043,75.622543,rice,2023-11-25,4.88
JAL_0429,Jalandhar,31.380021,75.69687,rice,2023-10-19,1.61
JAL_0430,Jalandhar,31.385512,75.579391,rice,2023-10-25,3.8
JAL_0431,Jalandhar,31.384392,75.59228,rice,2023-11-29,2.25
JAL_0432,Jalandhar,31.426517,75.469149,rice,2023-11-20,3.99
JAL_0433,Jalandhar,31.435237,75.509754,rice,2023-11-29,2.18
JAL_0434,Jalandhar,31.343994,75.554604,rice,2023-10-30,1.09
JAL_0435,Jalandhar,31.43556,75.496309,rice,2023-11-13,3.77
JAL_0436,Jalandhar,31.197411,75.465799,rice,2023-11-08,5.84
JAL_0437,Jalandhar,31.372063,75.448398,rice,2023-10-24,3.3
JAL_0438,Jalandhar,31.207056,75.629611,rice,2023-11-20,3.25
JAL_0439,Jalandhar,31.243378,75.684757,rice,2023-10-20,2.07
JAL_0440,Jalandhar,31.262377,75.653888,rice,2023-10-28,4.38
JAL_0441,Jalandhar,31.438881,75.503215,rice,2023-11-11,3.65
JAL_0442,Jalandhar,31.27243,75.448927,rice,2023-11-20,5.0
JAL_0443,Jalandhar,31.2535,75.615888,rice,2023-10-24,0.52
JAL_0444,Jalandhar,31.464416,75.667012,rice,2023-11-09,3.18
JAL_0445,Jalandhar,31.376496,75.572446,rice,2023-10-23,1.24
JAL_0446,Jalandhar,31.310978,75.53295,rice,2023-11-18,3.03
JAL_0447,Jalandhar,31.312132,75.479066,rice,2023-10-20,0.59
JAL_0448,Jalandhar,31.18882,75.543564,rice,2023-11-28,3.91
JAL_0449,Jalandhar,31.236303,75.588294,rice,2023-11-23,1.02
JAL_0450,Jalandhar,31.461638,75.533276,rice,2023-11-17,4.03
JAL_0451,Jalandhar,31.217002,75.637656,rice,2023-10-31,1.08
JAL_0452,Jalandhar,31.221242,75.517693,rice,2023-11-22,0.57
JAL_0453,Jalandhar,31.462094,75.606548,rice,2023-11-29,5.77
JAL_0454,Jalandhar,31.418968,75.666988,rice,2023-11-11,2.37
JAL_0455,Jalandhar,31.279762,75.520687,rice,2023-11-06,2.53
JAL_0456,Jalandhar,31.225201,75.538665,rice,2023-10-30,2.96
JAL_0457,Jalandhar,31.272617,75.485297,rice,2023-10-22,3.14
JAL_0458,Jalandhar,31.387804,75.638147,rice,2023-11-01,1.61
JAL_0459,Jalandhar,31.196264,75.524064,rice,2023-11-01,2.68
JAL_0460,Jalandhar,31.460217,75.4897,rice,2023-10-22,2.25
JAL_0461,Jalandhar,31.389032,75.581571,rice,2023-10-15,1.39
JAL_0462,Jalandhar,31.44787,75.467886,rice,2023-10-17,3.99
JAL_0463,Jalandhar,31.407851,75.513323,rice,2023-11-08,1.43
JAL_0464,Jalandhar,31.26573,75.52631,rice,2023-11-17,5.98
JAL_0465,Jalandhar,31.24608,75.475178,rice,2023-10-22,1.39
JAL_0466,Jalandhar,31.432198,75.621128,rice,2023-11-26,3.67
JAL_0467,Jalandhar,31.396375,75.64228,rice,2023-11-25,6.0
JAL_0468,Jalandhar,31.449729,75.690046,rice,2023-10-20,3.92
JAL_0469,Jalandhar,31.332382,75.589158,rice,2023-11-28,3.25
JAL_0470,Jalandhar,31.360655,75.623438,rice,2023-10-15,2.33
JAL_0471,Jalandhar,31.317959,75.617167,rice,2023-10-30,5.79
JAL_0472,Jalandhar,31.383524,75.439357,rice,2023-11-03,0.63
JAL_0473,Jalandhar,31.379284,75.554541,rice,2023-11-21,1.45
JAL_0474,Jalandhar,31.189872,75.547663,rice,2023-11-22,4.55
JAL_0475,Jalandhar,31.458084,75.686423,rice,2023-10-19,4.97
JAL_0476,Jalandhar,31.205693,75.599236,rice,2023-11-06,5.58
JAL_0477,Jalandhar,31.296988,75.707828,rice,2023-10-22,1.08
JAL_0478,Jalandhar,31.332933,75.693029,rice,2023-10-25,2.21
JAL_0479,Jalandhar,31.410045,75.486375,rice,2023-11-15,3.56
JAL_0480,Jalandhar,31.235005,75.640064,rice,2023-11-18,4.43
JAL_0481,Jalandhar,31.330322,75.502131,rice,2023-11-14,5.76
JAL_0482,Jalandhar,31.369628,75.665588,rice,2023-10-21,4.33
JAL_0483,Jalandhar,31.418253,75.484497,rice,2023-10-22,4.17
JAL_0484,Jalandhar,31.214949,75.480988,rice,2023-11-06,3.99
JAL_0485,Jalandhar,31.429238,75.623917,rice,2023-11-18,5.84
JAL_0486,Jalandhar,31.225062,75.504117,rice,2023-10-16,5.86
JAL_0487,Jalandhar,31.401889,75.701241,rice,2023-11-26,4.08
JAL_0488,Jalandhar,31.265675,75.530527,rice,2023-11-21,5.71
JAL_0489,Jalandhar,31.426975,75.539657,rice,2023-10-30,2.14
JAL_0490,Jalandhar,31.277316,75.679987,rice,2023-11-01,0.56
JAL_0491,Jalandhar,31.308095,75.702995,rice,2023-10-21,2.98
JAL_0492,Jalandhar,31.273464,75.459696,rice,2023-11-08,1.73
JAL_0493,Jalandhar,31.211328,75.474476,rice,2023-11-01,2.16
JAL_0494,Jalandhar,31.189085,75.70504,rice,2023-10-22,1.18
JAL_0495,Jalandhar,31.293282,75.685268,rice,2023-11-19,3.16
JAL_0496,Jalandhar,31.422539,75.59495,rice,2023-10-19,1.66
JAL_0497,Jalandhar,31.391943,75.629775,rice,2023-11-15,0.75
JAL_0498,Jalandhar,31.188202,75.67011,rice,2023-10-31,2.27
JAL_0499,Jalandhar,31.224576,75.584194,rice,2023-10-24,0.55
JAL_0500,Jalandhar,31.20172,75.555773,rice,2023-11-26,4.22
JAL_0501,Jalandhar,31.319308,75.690314,rice,2023-10-28,2.37
JAL_0502,Jalandhar,31.284377,75.534236,rice,2023-10-17,3.18
JAL_0503,Jalandhar,31.407362,75.528007,rice,2023-11-25,1.31
JAL_0504,Jalandhar,31.343003,75.544025,rice,2023-11-18,3.47
JAL_0505,Jalandhar,31.21617,75.70597,rice,2023-11-22,5.05
JAL_0506,Jalandhar,31.435979,75.480073,rice,2023-11-25,3.27
JAL_0507,Jalandhar,31.275015,75.687468,rice,2023-11-28,1.71
JAL_0508,Jalandhar,31.37828,75.463892,rice,2023-10-23,4.53
JAL_0509,Jalandhar,31.261076,75.624062,rice,2023-11-11,3.85
JAL_0510,Jalandhar,31.245551,75.452766,rice,2023-11-24,0.75
JAL_0511,Jalandhar,31.210867,75.601349,rice,2023-11-29,1.84
JAL_0512,Jalandhar,31.247406,75.704603,rice,2023-10-31,1.15
JAL_0513,Jalandhar,31.271348,75.571014,rice,2023-11-20,5.57
JAL_0514,Jalandhar,31.213748,75.630092,rice,2023-10-15,3.96
JAL_0515,Jalandhar,31.412538,75.621389,rice,2023-11-25,2.82
JAL_0516,Jalandhar,31.322837,75.635465,rice,2023-11-19,3.63
JAL_0517,Jalandhar,31.329231,75.496556,rice,2023-11-29,2.47
JAL_0518,Jalandhar,31.1886,75.555862,rice,2023-10-26,0.52
JAL_0519,Jalandhar,31.344204,75.636128,rice,2023-10-27,4.31
JAL_0520,Jalandhar,31.186004,75.455644,rice,2023-11-09,4.34
JAL_0521,Jalandhar,31.410812,75.639956,rice,2023-11-12,4.39
JAL_0522,Jalandhar,31.393085,75.641826,rice,2023-11-14,4.56
JAL_0523,Jalandhar,31.206726,75.456716,rice,2023-10-19,3.4
JAL_0524,Jalandhar,31.399533,75.532718,rice,2023-10-31,2.01
JAL_0525,Jalandhar,31.404806,75.508814,rice,2023-11-12,1.47
JAL_0526,Jalandhar,31.286653,75.551301,rice,2023-11-21,2.15
JAL_0527,Jalandhar,31.18694,75.504943,rice,2023-11-19,2.22
JAL_0528,Jalandhar,31.405956,75.452263,rice,2023-10-30,2.64
JAL_0529,Jalandhar,31.196504,75.699581,rice,2023-10-16,5.9
JAL_0530,Jalandhar,31.440845,75.527428,rice,2023-11-20,4.3
JAL_0531,Jalandhar,31.271835,75.687699,rice,2023-10-26,2.57
JAL_0532,Jalandhar,31.441939,75.673287,rice,2023-11-02,5.82
JAL_0533,Jalandhar,31.204617,75.507135,rice,2023-11-22,2.83
JAL_0534,Jalandhar,31.318476,75.520612,rice,2023-10-28,4.85
JAL_0535,Jalandhar,31.248508,75.634025,rice,2023-10-25,3.82
JAL_0536,Jalandhar,31.285164,75.49161,rice,2023-11-23,1.24
JAL_0537,Jalandhar,31.394369,75.570357,rice,2023-11-03,5.91
JAL_0538,Jalandhar,31.373965,75.675371,rice,2023-10-17,2.91
JAL_0539,Jalandhar,31.453523,75.494867,rice,2023-10-30,5.4
JAL_0540,Jalandhar,31.435681,75.578725,rice,2023-10-23,1.19
JAL_0541,Jalandhar,31.271461,75.650163,rice,2023-11-09,2.41
JAL_0542,Jalandhar,31.203145,75.625403,rice,2023-11-22,4.57
JAL_0543,Jalandhar,31.304724,75.602267,rice,2023-11-23,1.85
JAL_0544,Jalandhar,31.346434,75.610069,rice,2023-11-29,3.52
JAL_0545,Jalandhar,31.429356,75.608402,rice,2023-10-21,1.18
JAL_0546,Jalandhar,31.382899,75.47599,rice,2023-11-07,0.65
JAL_0547,Jalandhar,31.322789,75.599285,rice,2023-11-08,4.42
JAL_0548,Jalandhar,31.423605,75.535989,rice,2023-11-29,3.3
JAL_0549,Jalandhar,31.458795,75.555869,rice,2023-11-25,3.39
JAL_0550,Jalandhar,31.248709,75.601517,rice,2023-11-21,1.7
JAL_0551,Jalandhar,31.186848,75.505051,rice,2023-11-01,2.54
JAL_0552,Jalandhar,31.434807,75.547599,rice,2023-10-23,5.15
JAL_0553,Jalandhar,31.341572,75.441132,rice,2023-11-05,5.62
JAL_0554,Jalandhar,31.355169,75.699273,rice,2023-10-23,2.21
JAL_0555,Jalandhar,31.386637,75.655167,rice,2023-11-05,0.6
JAL_0556,Jalandhar,31.452626,75.548645,rice,2023-11-28,5.11
JAL_0557,Jalandhar,31.33852,75.597102,rice,2023-11-14,5.06
JAL_0558,Jalandhar,31.259924,75.576828,rice,2023-10-31,3.58
JAL_0559,Jalandhar,31.393906,75.571058,rice,2023-11-09,3.17
JAL_0560,Jalandhar,31.37061,75.62776,rice,2023-11-15,4.4
JAL_0561,Jalandhar,31.416524,75.590402,rice,2023-11-23,4.24
JAL_0562,Jalandhar,31.207593,75.500307,rice,2023-10-23,4.86
JAL_0563,Jalandhar,31.30782,75.578452,rice,2023-10-17,1.79
JAL_0564,Jalandhar,31.191475,75.470184,rice,2023-11-29,1.84
JAL_0565,Jalandhar,31.389258,75.65623,rice,2023-11-18,1.9
JAL_0566,Jalandhar,31.332088,75.443188,rice,2023-11-10,4.25
JAL_0567,Jalandhar,31.358003,75.445103,rice,2023-11-25,4.7
JAL_0568,Jalandhar,31.272303,75.616905,rice,2023-11-21,3.81
JAL_0569,Jalandhar,31.22609,75.493113,rice,2023-11-08,5.63
JAL_0570,Jalandhar,31.34736,75.597988,rice,2023-11-15,4.06
JAL_0571,Jalandhar,31.309362,75.454168,rice,2023-11-03,5.45
JAL_0572,Jalandhar,31.411385,75.698679,rice,2023-11-02,1.34
JAL_0573,Jalandhar,31.327668,75.602724,rice,2023-10-15,1.61
JAL_0574,Jalandhar,31.404969,75.627119,rice,2023-10-24,4.06
JAL_0575,Jalandhar,31.260756,75.580895,rice,2023-11-18,1.21
JAL_0576,Jalandhar,31.33111,75.525708,rice,2023-10-16,5.81
JAL_0577,Jalandhar,31.318016,75.462398,rice,2023-11-27,4.49
JAL_0578,Jalandhar,31.234022,75.491587,rice,2023-10-15,2.83
JAL_0579,Jalandhar,31.259937,75.611642,rice,2023-11-04,1.11
JAL_0580,Jalandhar,31.405727,75.55824,rice,2023-11-06,3.86
JAL_0581,Jalandhar,31.187104,75.614392,rice,2023-11-12,3.22
JAL_0582,Jalandhar,31.269362,75.717953,rice,2023-10-28,1.77
JAL_0583,Jalandhar,31.441601,75.696031,rice,2023-11-27,2.17
JAL_0584,Jalandhar,31.29269,75.716015,rice,2023-11-03,3.9
JAL_0585,Jalandhar,31.338538,75.449057,rice,2023-11-16,0.96
JAL_0586,Jalandhar,31.199152,75.51596,rice,2023-11-23,3.12
JAL_0587,Jalandhar,31.436681,75.660222,rice,2023-10-28,2.55
JAL_0588,Jalandhar,31.404467,75.586586,rice,2023-10-24,1.46
JAL_0589,Jalandhar,31.296895,75.614262,rice,2023-11-26,4.14
JAL_0590,Jalandhar,31.190535,75.636402,rice,2023-11-28,1.88
JAL_0591,Jalandhar,31.427404,75.546489,rice,2023-11-27,3.07
JAL_0592,Jalandhar,31.257455,75.50503,rice,2023-10-24,3.65
JAL_0593,Jalandhar,31.400857,75.672787,rice,2023-10-27,0.87
JAL_0594,Jalandhar,31.321513,75.560459,rice,2023-11-02,1.58
JAL_0595,Jalandhar,31.436921,75.711762,rice,2023-10-27,4.88
JAL_0596,Jalandhar,31.366801,75.512202,rice,2023-10-17,3.99
JAL_0597,Jalandhar,31.22202,75.458434,rice,2023-10-28,4.0
JAL_0598,Jalandhar,31.256902,75.56501,rice,2023-11-29,5.73
JAL_0599,Jalandhar,31.308843,75.691124,rice,2023-11-19,2.39
JAL_0600,Jalandhar,31.380883,75.62394,rice,2023-11-23,4.74
SAN_0001,Sangrur,30.20746,75.718626,rice,2023-11-25,3.89
SAN_0002,Sangrur,30.322028,75.915694,rice,2023-10-22,3.71
SAN_0003,Sangrur,30.128732,75.708841,rice,2023-11-08,3.52
SAN_0004,Sangrur,30.324159,75.749581,rice,2023-11-19,2.74
SAN_0005,Sangrur,30.362367,75.752047,rice,2023-11-16,4.09
SAN_0006,Sangrur,30.27147,75.970569,rice,2023-10-17,5.49
SAN_0007,Sangrur,30.314841,75.709364,rice,2023-11-17,5.43
SAN_0008,Sangrur,30.226422,75.973401,rice,2023-11-06,4.09
SAN_0009,Sangrur,30.135648,75.846596,rice,2023-10-21,0.86
SAN_0010,Sangrur,30.201502,75.904783,rice,2023-11-15,1.36
SAN_0011,Sangrur,30.202535,75.897175,rice,2023-10-24,3.35
SAN_0012,Sangrur,30.37292,75.963093,rice,2023-11-19,3.1
SAN_0013,Sangrur,30.149877,75.920421,rice,2023-11-15,5.14
SAN_0014,Sangrur,30.2694,75.814346,rice,2023-10-26,3.56
SAN_0015,Sangrur,30.254186,75.962925,rice,2023-10-24,5.6
SAN_0016,Sangrur,30.113775,75.919377,rice,2023-10-24,5.56
SAN_0017,Sangrur,30.215335,75.724459,rice,2023-11-26,5.14
SAN_0018,Sangrur,30.199152,75.849206,rice,2023-11-21,4.95
SAN_0019,Sangrur,30.158772,75.880113,rice,2023-10-27,1.46
SAN_0020,Sangrur,30.337803,75.794911,rice,2023-11-03,5.64
SAN_0021,Sangrur,30.264301,75.848063,rice,2023-11-12,2.7
SAN_0022,Sangrur,30.334031,75.8937,rice,2023-11-03,4.76
SAN_0023,Sangrur,30.222904,75.777202,rice,2023-11-17,4.77
SAN_0024,Sangrur,30.221277,75.846583,rice,2023-10-18,3.08
SAN_0025,Sangrur,30.225719,75.895492,rice,2023-10-21,5.85
SAN_0026,Sangrur,30.143893,75.864585,rice,2023-11-12,0.85
SAN_0027,Sangrur,30.331217,75.876567,rice,2023-11-29,4.91
SAN_0028,Sangrur,30.232401,75.76778,rice,2023-11-03,3.1
SAN_0029,Sangrur,30.124833,75.955401,rice,2023-10-25,4.68
SAN_0030,Sangrur,30.349858,75.92564,rice,2023-11-17,2.88
SAN_0031,Sangrur,30.138218,75.808542,rice,2023-11-27,5.72
SAN_0032,Sangrur,30.320004,75.761241,rice,2023-11-26,1.57
SAN_0033,Sangrur,30.351336,75.743736,rice,2023-11-07,2.58
SAN_0034,Sangrur,30.189563,75.893667,rice,2023-11-10,5.78
SAN_0035,Sangrur,30.322737,75.840126,rice,2023-11-16,5.49
SAN_0036,Sangrur,30.26687,75.843059,rice,2023-11-04,4.26
SAN_0037,Sangrur,30.171403,75.721846,rice,2023-10-29,3.84
SAN_0038,Sangrur,30.151166,75.787453,rice,2023-11-23,5.94
SAN_0039,Sangrur,30.282639,75.882111,rice,2023-11-04,5.83
SAN_0040,Sangrur,30.354979,75.857379,rice,2023-10-18,2.2
SAN_0041,Sangrur,30.300455,75.937345,rice,2023-11-24,5.87
SAN_0042,Sangrur,30.28332,75.793943,rice,2023-11-20,3.24
SAN_0043,Sangrur,30.333569,75.778296,rice,2023-10-15,4.49
SAN_0044,Sangrur,30.22944,75.93264,rice,2023-10-25,1.29
SAN_0045,Sangrur,30.198995,75.779068,rice,2023-11-23,4.68
SAN_0046,Sangrur,30.232681,75.837848,rice,2023-11-16,1.23
SAN_0047,Sangrur,30.301512,75.981849,rice,2023-10-24,1.73
SAN_0048,Sangrur,30.279474,75.786588,rice,2023-11-19,0.67
SAN_0049,Sangrur,30.15535,75.732726,rice,2023-11-20,4.88
SAN_0050,Sangrur,30.186993,75.915971,rice,2023-10-24,5.72
SAN_0051,Sangrur,30.265796,75.839915,rice,2023-10-15,1.03
SAN_0052,Sangrur,30.224899,75.843671,rice,2023-11-18,5.07
SAN_0053,Sangrur,30.332981,75.941514,rice,2023-11-27,3.42
SAN_0054,Sangrur,30.336806,75.948519,rice,2023-11-16,3.14
SAN_0055,Sangrur,30.380985,75.948949,rice,2023-11-10,0.88
SAN_0056,Sangrur,30.167858,75.921392,rice,2023-11-07,1.11
SAN_0057,Sangrur,30.236544,75.873359,rice,2023-11-02,5.16
SAN_0058,Sangrur,30.318998,75.818154,rice,2023-11-24,1.28
SAN_0059,Sangrur,30.292502,75.754761,rice,2023-10-15,5.89
SAN_0060,Sangrur,30.259087,75.884756,rice,2023-11-09,4.23
SAN_0061,Sangrur,30.337509,75.825795,rice,2023-11-05,1.47
SAN_0062,Sangrur,30.27711,75.786812,rice,2023-11-06,3.29
SAN_0063,Sangrur,30.319636,75.70892,rice,2023-11-01,1.45
SAN_0064,Sangrur,30.183227,75.71372,rice,2023-11-09,1.43
SAN_0065,Sangrur,30.381256,75.983586,rice,2023-10-15,3.87
SAN_0066,Sangrur,30.322562,75.955035,rice,2023-11-17,3.36
SAN_0067,Sangrur,30.11488,75.902631,rice,2023-11-28,1.92
SAN_0068,Sangrur,30.23477,75.805157,rice,2023-11-29,2.65
SAN_0069,Sangrur,30.306992,75.809953,rice,2023-11-12,4.84
SAN_0070,Sangrur,30.112741,75.933194,rice,2023-11-27,4.75
SAN_0071,Sangrur,30.249618,75.843109,rice,2023-10-29,2.84
SAN_0072,Sangrur,30.149649,75.791612,rice,2023-11-22,1.96
SAN_0073,Sangrur,30.295697,75.754085,rice,2023-11-22,3.06
SAN_0074,Sangrur,30.340105,75.8398,rice,2023-11-13,5.61
SAN_0075,Sangrur,30.357131,75.755881,rice,2023-11-28,1.68
SAN_0076,Sangrur,30.335525,75.882002,rice,2023-11-15,2.12
SAN_0077,Sangrur,30.174755,75.824282,rice,2023-11-10,4.88
SAN_0078,Sangrur,30.114345,75.78864,rice,2023-11-20,2.83
SAN_0079,Sangrur,30.268963,75.745868,rice,2023-10-18,5.37
SAN_0080,Sangrur,30.238433,75.91236,rice,2023-10-30,3.17
SAN_0081,Sangrur,30.235195,75.878139,rice,2023-11-11,1.87
SAN_0082,Sangrur,30.382019,75.947318,rice,2023-10-26,4.56
SAN_0083,Sangrur,30.1434,75.712463,rice,2023-11-22,5.66
SAN_0084,Sangrur,30.333561,75.850461,rice,2023-10-23,5.83
SAN_0085,Sangrur,30.146043,75.860562,rice,2023-11-20,2.19
SAN_0086,Sangrur,30.368238,75.947118,rice,2023-10-23,1.06
SAN_0087,Sangrur,30.174872,75.870462,rice,2023-10-21,3.53
SAN_0088,Sangrur,30.268658,75.785471,rice,2023-10-17,2.11
SAN_0089,Sangrur,30.169142,75.965989,rice,2023-11-14,3.72
SAN_0090,Sangrur,30.189441,75.900746,rice,2023-11-01,1.06
SAN_0091,Sangrur,30.12506,75.912399,rice,2023-10-15,1.96
SAN_0092,Sangrur,30.204413,75.972033,rice,2023-11-17,1.07
SAN_0093,Sangrur,30.156281,75.824411,rice,2023-11-18,4.07
SAN_0094,Sangrur,30.298368,75.851389,rice,2023-10-27,3.86
SAN_0095,Sangrur,30.226358,75.916908,rice,2023-11-05,2.22
SAN_0096,Sangrur,30.29664,75.796301,rice,2023-10-16,0.93
SAN_0097,Sangrur,30.201604,75.903219,rice,2023-11-24,4.49
SAN_0098,Sangrur,30.322128,75.881884,rice,2023-10-20,1.84
SAN_0099,Sangrur,30.330483,75.764044,rice,2023-11-11,4.39
SAN_0100,Sangrur,30.120322,75.9278,rice,2023-11-25,3.29
SAN_0101,Sangrur,30.231742,75.821743,rice,2023-10-21,4.49
SAN_0102,Sangrur,30.355873,75.780425,rice,2023-11-11,3.97
SAN_0103,Sangrur,30.297176,75.892943,rice,2023-10-21,2.65
SAN_0104,Sangrur,30.318466,75.788003,rice,2023-11-06,1.64
SAN_0105,Sangrur,30.257832,75.778931,rice,2023-10-24,0.78
SAN_0106,Sangrur,30.299603,75.976481,rice,2023-10-16,3.0
SAN_0107,Sangrur,30.146177,75.933063,rice,2023-11-07,5.98
SAN_0108,Sangrur,30.262714,75.769137,rice,2023-10-27,3.23
SAN_0109,Sangrur,30.198907,75.922252,rice,2023-11-27,5.21
SAN_0110,Sangrur,30.319854,75.945182,rice,2023-10-19,5.42
SAN_0111,Sangrur,30.169338,75.849882,rice,2023-11-18,2.58
SAN_0112,Sangrur,30.121914,75.785658,rice,2023-11-23,1.83
SAN_0113,Sangrur,30.348618,75.833877,rice,2023-10-24,5.79
SAN_0114,Sangrur,30.188773,75.917136,rice,2023-11-15,0.63
SAN_0115,Sangrur,30.134153,75.749322,rice,2023-11-08,2.72
SAN_0116,Sangrur,30.238564,75.772693,rice,2023-10-29,0.86
SAN_0117,Sangrur,30.294706,75.710625,rice,2023-11-20,5.61
SAN_0118,Sangrur,30.303903,75.870869,rice,2023-11-21,4.11
SAN_0119,Sangrur,30.287622,75.964877,rice,2023-10-20,2.85
SAN_0120,Sangrur,30.277782,75.928786,rice,2023-11-28,0.51
SAN_0121,Sangrur,30.252564,75.886805,rice,2023-10-21,2.53
SAN_0122,Sangrur,30.18778,75.755,rice,2023-11-16,3.57
SAN_0123,Sangrur,30.362405,75.954874,rice,2023-11-21,1.92
SAN_0124,Sangrur,30.325862,75.906994,rice,2023-10-31,3.28
SAN_0125,Sangrur,30.213928,75.738663,rice,2023-11-29,3.9
SAN_0126,Sangrur,30.210527,75.961261,rice,2023-11-20,4.13
SAN_0127,Sangrur,30.365187,75.836835,rice,2023-11-08,5.65
SAN_0128,Sangrur,30.373742,75.973015,rice,2023-11-04,5.0
SAN_0129,Sangrur,30.234474,75.762884,rice,2023-10-16,5.66
SAN_0130,Sangrur,30.206795,75.915881,rice,2023-11-01,5.58
SAN_0131,Sangrur,30.37671,75.969349,rice,2023-11-12,3.21
SAN_0132,Sangrur,30.381539,75.76509,rice,2023-11-09,1.53
SAN_0133,Sangrur,30.374691,75.896975,rice,2023-11-20,1.23
SAN_0134,Sangrur,30.248707,75.968382,rice,2023-11-08,3.82
SAN_0135,Sangrur,30.218296,75.858309,rice,2023-10-26,5.52
SAN_0136,Sangrur,30.217025,75.874257,rice,2023-11-24,2.04
SAN_0137,Sangrur,30.231304,75.765567,rice,2023-11-04,3.68
SAN_0138,Sangrur,30.199594,75.780193,rice,2023-11-08,1.33
SAN_0139,Sangrur,30.144072,75.903209,rice,2023-11-25,1.15
SAN_0140,Sangrur,30.384684,75.776777,rice,2023-10-25,5.43
SAN_0141,Sangrur,30.275572,75.90422,rice,2023-11-11,1.49
SAN_0142,Sangrur,30.342174,75.935832,rice,2023-11-09,2.42
SAN_0143,Sangrur,30.318878,75.856051,rice,2023-10-22,4.92
SAN_0144,Sangrur,30.116479,75.950197,rice,2023-11-25,5.83
SAN_0145,Sangrur,30.312804,75.737576,rice,2023-11-03,4.06
SAN_0146,Sangrur,30.199871,75.951529,rice,2023-11-21,3.61
SAN_0147,Sangrur,30.34382,75.891632,rice,2023-11-19,5.86
SAN_0148,Sangrur,30.264882,75.848691,rice,2023-10-28,2.72
SAN_0149,Sangrur,30.143176,75.89614,rice,2023-11-10,5.64
SAN_0150,Sangrur,30.375227,75.918939,rice,2023-11-03,1.83
SAN_0151,Sangrur,30.305474,75.709718,rice,2023-11-28,3.21
SAN_0152,Sangrur,30.367287,75.809773,rice,2023-11-22,1.95
SAN_0153,Sangrur,30.383616,75.85259,rice,2023-10-21,5.51
SAN_0154,Sangrur,30.250171,75.8316,rice,2023-11-23,3.54
SAN_0155,Sangrur,30.342367,75.974105,rice,2023-10-28,4.56
SAN_0156,Sangrur,30.184905,75.875067,rice,2023-10-30,4.93
SAN_0157,Sangrur,30.353216,75.829641,rice,2023-10-21,1.89
SAN_0158,Sangrur,30.142357,75.806177,rice,2023-11-01,5.3
SAN_0159,Sangrur,30.222267,75.792842,rice,2023-11-26,1.69
SAN_0160,Sangrur,30.17676,75.966054,rice,2023-11-18,0.95
SAN_0161,Sangrur,30.221097,75.86549,rice,2023-10-20,2.05
SAN_0162,Sangrur,30.167117,75.800652,rice,2023-10-25,5.44
SAN_0163,Sangrur,30.225844,75.820992,rice,2023-11-11,5.8
SAN_0164,Sangrur,30.137844,75.948125,rice,2023-11-01,2.3
SAN_0165,Sangrur,30.372823,75.792264,rice,2023-11-23,3.36
SAN_0166,Sangrur,30.168802,75.914837,rice,2023-10-18,4.12
SAN_0167,Sangrur,30.297211,75.758177,rice,2023-11-13,2.21
SAN_0168,Sangrur,30.384629,75.908895,rice,2023-11-16,3.75
SAN_0169,Sangrur,30.347793,75.869007,rice,2023-11-14,1.81
SAN_0170,Sangrur,30.294871,75.8089,rice,2023-11-09,0.74
SAN_0171,Sangrur,30.333497,75.718524,rice,2023-11-16,1.36
SAN_0172,Sangrur,30.226119,75.944546,rice,2023-11-14,1.02
SAN_0173,Sangrur,30.291802,75.875533,rice,2023-11-25,1.45
SAN_0174,Sangrur,30.328941,75.830034,rice,2023-11-23,2.86
SAN_0175,Sangrur,30.2063,75.811961,rice,2023-11-17,1.09
SAN_0176,Sangrur,30.224018,75.886555,rice,2023-11-07,3.24
SAN_0177,Sangrur,30.151432,75.805654,rice,2023-10-16,4.18
SAN_0178,Sangrur,30.357215,75.858105,rice,2023-11-04,4.22
SAN_0179,Sangrur,30.126613,75.971251,rice,2023-11-06,2.45
SAN_0180,Sangrur,30.167396,75.727708,rice,2023-10-29,4.85
SAN_0181,Sangrur,30.172337,75.783153,rice,2023-11-09,5.86
SAN_0182,Sangrur,30.32369,75.964372,rice,2023-10-23,5.24
SAN_0183,Sangrur,30.358763,75.83813,rice,2023-10-17,2.3
SAN_0184,Sangrur,30.186886,75.904797,rice,2023-10-22,0.64
SAN_0185,Sangrur,30.144772,75.895208,rice,2023-11-07,0.77
SAN_0186,Sangrur,30.13558,75.897389,rice,2023-10-20,1.27
SAN_0187,Sangrur,30.145965,75.768484,rice,2023-11-18,1.6
SAN_0188,Sangrur,30.114905,75.957642,rice,2023-11-18,5.32
SAN_0189,Sangrur,30.156749,75.778296,rice,2023-11-19,4.46
SAN_0190,Sangrur,30.175002,75.964806,rice,2023-10-23,5.05
SAN_0191,Sangrur,30.269752,75.706503,rice,2023-10-16,4.5
SAN_0192,Sangrur,30.325614,75.724111,rice,2023-11-24,4.4
SAN_0193,Sangrur,30.330285,75.971858,rice,2023-11-25,3.29
SAN_0194,Sangrur,30.224111,75.900361,rice,2023-11-10,5.56
SAN_0195,Sangrur,30.272931,75.767639,rice,2023-11-22,3.91
SAN_0196,Sangrur,30.347087,75.722473,rice,2023-10-15,2.69
SAN_0197,Sangrur,30.368213,75.84447,rice,2023-11-08,2.45
SAN_0198,Sangrur,30.219279,75.736841,rice,2023-10-25,4.13
SAN_0199,Sangrur,30.270806,75.885362,rice,2023-10-22,0.59
SAN_0200,Sangrur,30.15385,75.75036,rice,2023-11-12,1.04
SAN_0201,Sangrur,30.310933,75.737638,rice,2023-11-23,1.48
SAN_0202,Sangrur,30.138127,75.749508,rice,2023-11-14,3.3
SAN_0203,Sangrur,30.285735,75.931339,rice,2023-11-28,3.89
SAN_0204,Sangrur,30.321675,75.791473,rice,2023-10-20,0.94
SAN_0205,Sangrur,30.148665,75.729636,rice,2023-10-31,2.57
SAN_0206,Sangrur,30.251538,75.919233,rice,2023-11-24,2.54
SAN_0207,Sangrur,30.286749,75.72547,rice,2023-11-19,1.03
SAN_0208,Sangrur,30.17452,75.786135,rice,2023-11-06,4.45
SAN_0209,Sangrur,30.293749,75.913182,rice,2023-10-26,5.97
SAN_0210,Sangrur,30.120238,75.935209,rice,2023-10-17,4.57
SAN_0211,Sangrur,30.270693,75.82688,rice,2023-10-16,4.57
SAN_0212,Sangrur,30.14341,75.925937,rice,2023-11-18,0.93
SAN_0213,Sangrur,30.245153,75.884623,rice,2023-11-26,3.05
SAN_0214,Sangrur,30.17132,75.841385,rice,2023-11-21,1.88
SAN_0215,Sangrur,30.253043,75.833502,rice,2023-10-19,1.82
SAN_0216,Sangrur,30.160996,75.836772,rice,2023-11-19,0.78
SAN_0217,Sangrur,30.169215,75.803037,rice,2023-10-15,1.98
SAN_0218,Sangrur,30.261978,75.949956,rice,2023-11-06,3.49
SAN_0219,Sangrur,30.185315,75.721355,rice,2023-10-31,3.59
SAN_0220,Sangrur,30.296438,75.717907,rice,2023-10-21,1.52
SAN_0221,Sangrur,30.194343,75.793536,rice,2023-10-21,1.62
SAN_0222,Sangrur,30.122506,75.802844,rice,2023-11-28,1.24
SAN_0223,Sangrur,30.140443,75.818086,rice,2023-11-23,1.0
SAN_0224,Sangrur,30.274205,75.844476,rice,2023-10-29,0.92
SAN_0225,Sangrur,30.346568,75.78372,rice,2023-10-31,5.62
SAN_0226,Sangrur,30.226547,75.767999,rice,2023-11-28,5.09
SAN_0227,Sangrur,30.20616,75.749794,rice,2023-11-14,3.19
SAN_0228,Sangrur,30.343005,75.908199,rice,2023-11-09,5.32
SAN_0229,Sangrur,30.310717,75.883809,rice,2023-10-25,5.93
SAN_0230,Sangrur,30.373566,75.941679,rice,2023-11-07,4.76
SAN_0231,Sangrur,30.266717,75.776731,rice,2023-11-29,0.56
SAN_0232,Sangrur,30.168683,75.817045,rice,2023-11-24,3.72
SAN_0233,Sangrur,30.262046,75.753228,rice,2023-11-24,1.72
SAN_0234,Sangrur,30.202638,75.707935,rice,2023-10-19,4.31
SAN_0235,Sangrur,30.174364,75.802393,rice,2023-11-03,3.32
SAN_0236,Sangrur,30.345744,75.745829,rice,2023-10-30,2.37
SAN_0237,Sangrur,30.298768,75.716385,rice,2023-11-02,5.79
SAN_0238,Sangrur,30.275138,75.971822,rice,2023-11-22,2.77
SAN_0239,Sangrur,30.221209,75.73375,rice,2023-11-10,1.84
SAN_0240,Sangrur,30.238876,75.846151,rice,2023-10-16,1.7
SAN_0241,Sangrur,30.276586,75.754738,rice,2023-10-17,1.58
SAN_0242,Sangrur,30.300066,75.84864,rice,2023-10-30,4.55
SAN_0243,Sangrur,30.121029,75.823101,rice,2023-10-29,0.79
SAN_0244,Sangrur,30.222146,75.715312,rice,2023-11-28,1.31
SAN_0245,Sangrur,30.234507,75.748104,rice,2023-11-22,5.58
SAN_0246,Sangrur,30.161114,75.734012,rice,2023-11-07,5.04
SAN_0247,Sangrur,30.233876,75.951131,rice,2023-10-21,3.95
SAN_0248,Sangrur,30.363528,75.752075,rice,2023-10-29,4.9
SAN_0249,Sangrur,30.281825,75.931625,rice,2023-10-25,2.89
SAN_0250,Sangrur,30.141074,75.972823,rice,2023-10-22,0.84
SAN_0251,Sangrur,30.123335,75.955484,rice,2023-10-20,3.78
SAN_0252,Sangrur,30.185493,75.885652,rice,2023-10-28,1.56
SAN_0253,Sangrur,30.233483,75.853378,rice,2023-10-30,1.88
SAN_0254,Sangrur,30.144258,75.90172,rice,2023-10-30,1.43
SAN_0255,Sangrur,30.186795,75.798334,rice,2023-11-03,4.36
SAN_0256,Sangrur,30.224825,75.947906,rice,2023-11-04,4.24
SAN_0257,Sangrur,30.339776,75.904579,rice,2023-11-04,5.88
SAN_0258,Sangrur,30.325244,75.864362,rice,2023-10-21,1.41
SAN_0259,Sangrur,30.153351,75.876013,rice,2023-11-26,4.22
SAN_0260,Sangrur,30.20928,75.847597,rice,2023-11-03,1.53
SAN_0261,Sangrur,30.148456,75.725181,rice,2023-10-17,3.55
SAN_0262,Sangrur,30.370199,75.913856,rice,2023-11-21,4.73
SAN_0263,Sangrur,30.247536,75.932327,rice,2023-11-01,4.47
SAN_0264,Sangrur,30.134565,75.886286,rice,2023-11-27,1.16
SAN_0265,Sangrur,30.126622,75.898012,rice,2023-10-28,1.37
SAN_0266,Sangrur,30.125762,75.952226,rice,2023-11-22,1.23
SAN_0267,Sangrur,30.114824,75.905895,rice,2023-10-21,3.33
SAN_0268,Sangrur,30.256179,75.798321,rice,2023-11-22,1.81
SAN_0269,Sangrur,30.316465,75.9418,rice,2023-10-30,2.01
SAN_0270,Sangrur,30.179982,75.718167,rice,2023-10-29,2.05
SAN_0271,Sangrur,30.112182,75.924754,rice,2023-11-23,4.3
SAN_0272,Sangrur,30.257093,75.93849,rice,2023-10-26,5.78
SAN_0273,Sangrur,30.207842,75.728735,rice,2023-11-12,0.62
SAN_0274,Sangrur,30.16743,75.71891,rice,2023-11-18,5.44
SAN_0275,Sangrur,30.106483,75.841968,rice,2023-11-15,4.09
SAN_0276,Sangrur,30.186128,75.948635,rice,2023-11-03,4.54
SAN_0277,Sangrur,30.226042,75.804247,rice,2023-10-23,4.66
SAN_0278,Sangrur,30.21672,75.799584,rice,2023-11-21,0.71
SAN_0279,Sangrur,30.127878,75.719097,rice,2023-11-01,1.34
SAN_0280,Sangrur,30.345,75.927485,rice,2023-10-16,5.15
SAN_0281,Sangrur,30.279664,75.878738,rice,2023-11-01,4.34
SAN_0282,Sangrur,30.183407,75.849391,rice,2023-10-20,5.75
SAN_0283,Sangrur,30.348772,75.769294,rice,2023-10-15,1.07
SAN_0284,Sangrur,30.112488,75.711889,rice,2023-11-17,1.44
SAN_0285,Sangrur,30.299586,75.805726,rice,2023-11-29,5.93
SAN_0286,Sangrur,30.254346,75.814286,rice,2023-10-15,3.35
SAN_0287,Sangrur,30.250592,75.835666,rice,2023-11-20,5.37
SAN_0288,Sangrur,30.18948,75.840351,rice,2023-11-12,0.52
SAN_0289,Sangrur,30.345748,75.789653,rice,2023-11-22,5.99
SAN_0290,Sangrur,30.26863,75.738452,rice,2023-10-27,1.96
SAN_0291,Sangrur,30.203903,75.980097,rice,2023-11-11,1.77
SAN_0292,Sangrur,30.264525,75.817333,rice,2023-11-03,0.8
SAN_0293,Sangrur,30.346057,75.708393,rice,2023-11-07,4.86
SAN_0294,Sangrur,30.12623,75.906611,rice,2023-11-25,4.74
SAN_0295,Sangrur,30.273646,75.865748,rice,2023-11-19,0.83
SAN_0296,Sangrur,30.308641,75.733558,rice,2023-10-17,1.83
SAN_0297,Sangrur,30.244674,75.749966,rice,2023-11-13,4.94
SAN_0298,Sangrur,30.3408,75.717879,rice,2023-11-20,2.85
SAN_0299,Sangrur,30.342137,75.805701,rice,2023-11-20,3.74
SAN_0300,Sangrur,30.202218,75.781393,rice,2023-11-16,4.09
SAN_0301,Sangrur,30.142415,75.944834,rice,2023-11-04,1.11
SAN_0302,Sangrur,30.301988,75.824712,rice,2023-11-10,1.62
SAN_0303,Sangrur,30.374099,75.905501,rice,2023-11-26,5.17
SAN_0304,Sangrur,30.257284,75.827612,rice,2023-11-11,1.54
SAN_0305,Sangrur,30.147949,75.824951,rice,2023-11-17,4.53
SAN_0306,Sangrur,30.228784,75.870085,rice,2023-11-04,5.08
SAN_0307,Sangrur,30.383134,75.794307,rice,2023-10-23,4.93
SAN_0308,Sangrur,30.124042,75.797565,rice,2023-11-25,1.7
SAN_0309,Sangrur,30.291028,75.859484,rice,2023-10-27,4.7
SAN_0310,Sangrur,30.198326,75.811171,rice,2023-11-06,5.26
SAN_0311,Sangrur,30.377218,75.92138,rice,2023-11-10,1.12
SAN_0312,Sangrur,30.163577,75.822373,rice,2023-10-24,1.8
SAN_0313,Sangrur,30.357292,75.891802,rice,2023-11-12,2.01
SAN_0314,Sangrur,30.211585,75.837294,rice,2023-11-03,4.43
SAN_0315,Sangrur,30.130016,75.941673,rice,2023-11-29,1.94
SAN_0316,Sangrur,30.383205,75.757258,rice,2023-10-20,1.06
SAN_0317,Sangrur,30.283753,75.814076,rice,2023-11-20,0.52
SAN_0318,Sangrur,30.127165,75.850366,rice,2023-10-19,1.77
SAN_0319,Sangrur,30.322715,75.944102,rice,2023-11-05,2.35
SAN_0320,Sangrur,30.146041,75.784274,rice,2023-10-21,1.82
SAN_0321,Sangrur,30.325322,75.800734,rice,2023-11-14,4.21
SAN_0322,Sangrur,30.335232,75.788339,rice,2023-11-06,1.65
SAN_0323,Sangrur,30.378967,75.793641,rice,2023-11-01,4.23
SAN_0324,Sangrur,30.248928,75.767965,rice,2023-11-14,1.28
SAN_0325,Sangrur,30.241365,75.84706,rice,2023-10-22,4.4
SAN_0326,Sangrur,30.360372,75.975841,rice,2023-11-19,4.5
SAN_0327,Sangrur,30.126423,75.817433,rice,2023-10-23,3.75
SAN_0328,Sangrur,30.155804,75.867225,rice,2023-11-12,2.42
SAN_0329,Sangrur,30.1999,75.937522,rice,2023-11-10,3.4
SAN_0330,Sangrur,30.262604,75.861639,rice,2023-11-03,1.67
SAN_0331,Sangrur,30.272847,75.797695,rice,2023-11-07,1.3
SAN_0332,Sangrur,30.383352,75.920172,rice,2023-11-14,2.79
SAN_0333,Sangrur,30.189379,75.812585,rice,2023-10-22,4.1
SAN_0334,Sangrur,30.301586,75.95292,rice,2023-11-17,3.01
SAN_0335,Sangrur,30.292466,75.827622,rice,2023-10-22,3.11
SAN_0336,Sangrur,30.322466,75.705473,rice,2023-11-13,1.69
SAN_0337,Sangrur,30.188003,75.96871,rice,2023-10-26,2.5
SAN_0338,Sangrur,30.218207,75.83051,rice,2023-11-07,5.27
SAN_0339,Sangrur,30.374454,75.940366,rice,2023-10-30,1.59
SAN_0340,Sangrur,30.18023,75.870894,rice,2023-11-22,4.11
SAN_0341,Sangrur,30.161758,75.912959,rice,2023-10-23,1.95
SAN_0342,Sangrur,30.190903,75.940878,rice,2023-10-24,4.53
SAN_0343,Sangrur,30.253592,75.93353,rice,2023-10-28,2.64
SAN_0344,Sangrur,30.323802,75.761748,rice,2023-11-21,3.27
SAN_0345,Sangrur,30.138108,75.823502,rice,2023-10-19,0.94
SAN_0346,Sangrur,30.234532,75.886468,rice,2023-11-07,3.88
SAN_0347,Sangrur,30.120219,75.730695,rice,2023-11-12,5.13
SAN_0348,Sangrur,30.348532,75.790692,rice,2023-10-31,4.45
SAN_0349,Sangrur,30.266669,75.979358,rice,2023-10-17,3.51
SAN_0350,Sangrur,30.270911,75.790147,rice,2023-10-19,0.76
SAN_0351,Sangrur,30.119589,75.831013,rice,2023-11-29,4.35
SAN_0352,Sangrur,30.155672,75.944232,rice,2023-11-15,2.57
SAN_0353,Sangrur,30.375023,75.737085,rice,2023-10-25,5.5
SAN_0354,Sangrur,30.335349,75.930476,rice,2023-11-22,2.49
SAN_0355,Sangrur,30.304736,75.866217,rice,2023-10-30,5.96
SAN_0356,Sangrur,30.186327,75.81968,rice,2023-11-03,5.47
SAN_0357,Sangrur,30.185922,75.746751,rice,2023-11-11,4.68
SAN_0358,Sangrur,30.345759,75.736045,rice,2023-10-29,3.92
SAN_0359,Sangrur,30.26384,75.891263,rice,2023-11-19,5.78
SAN_0360,Sangrur,30.202028,75.787935,rice,2023-11-14,3.7
SAN_0361,Sangrur,30.225237,75.836651,rice,2023-11-05,1.32
SAN_0362,Sangrur,30.366905,75.723122,rice,2023-10-18,3.75
SAN_0363,Sangrur,30.316281,75.707322,rice,2023-11-12,2.57
SAN_0364,Sangrur,30.246909,75.799647,rice,2023-10-25,4.07
SAN_0365,Sangrur,30.168391,75.711135,rice,2023-11-24,2.4
SAN_0366,Sangrur,30.206266,75.969609,rice,2023-10-15,0.75
SAN_0367,Sangrur,30.253418,75.865788,rice,2023-10-15,4.01
SAN_0368,Sangrur,30.107279,75.88092,rice,2023-11-16,2.27
SAN_0369,Sangrur,30.321403,75.756742,rice,2023-11-04,3.94
SAN_0370,Sangrur,30.287641,75.753265,rice,2023-11-16,4.18
SAN_0371,Sangrur,30.311354,75.841035,rice,2023-10-20,1.42
SAN_0372,Sangrur,30.186189,75.917872,rice,2023-10-30,2.75
SAN_0373,Sangrur,30.30176,75.911226,rice,2023-11-09,4.2
SAN_0374,Sangrur,30.276026,75.849158,rice,2023-11-15,1.59
SAN_0375,Sangrur,30.340985,75.973994,rice,2023-11-23,5.63
SAN_0376,Sangrur,30.384438,75.840135,rice,2023-11-05,4.48
SAN_0377,Sangrur,30.285261,75.770434,rice,2023-11-25,2.99
SAN_0378,Sangrur,30.325417,75.795038,rice,2023-10-17,4.81
SAN_0379,Sangrur,30.288344,75.898752,rice,2023-11-16,3.09
SAN_0380,Sangrur,30.155877,75.773043,rice,2023-10-28,0.99
SAN_0381,Sangrur,30.140497,75.762944,rice,2023-11-24,2.93
SAN_0382,Sangrur,30.179743,75.945111,rice,2023-11-10,3.39
SAN_0383,Sangrur,30.363471,75.88179,rice,2023-11-19,5.52
SAN_0384,Sangrur,30.34509,75.881876,rice,2023-10-15,3.44
SAN_0385,Sangrur,30.231819,75.839009,rice,2023-11-21,3.32
SAN_0386,Sangrur,30.154287,75.72029,rice,2023-11-19,1.19
SAN_0387,Sangrur,30.175404,75.806966,rice,2023-11-17,1.81
SAN_0388,Sangrur,30.194488,75.766444,rice,2023-11-25,3.5
SAN_0389,Sangrur,30.277784,75.852996,rice,2023-11-05,5.97
SAN_0390,Sangrur,30.339471,75.929483,rice,2023-11-27,2.51
SAN_0391,Sangrur,30.267339,75.802412,rice,2023-11-18,1.45
SAN_0392,Sangrur,30.165668,75.714834,rice,2023-11-20,3.85
SAN_0393,Sangrur,30.297791,75.704941,rice,2023-11-12,2.57
SAN_0394,Sangrur,30.326867,75.714889,rice,2023-11-07,0.77
SAN_0395,Sangrur,30.278659,75.869659,rice,2023-11-21,3.76
SAN_0396,Sangrur,30.370824,75.792028,rice,2023-11-22,2.69
SAN_0397,Sangrur,30.378749,75.734107,rice,2023-10-24,0.56
SAN_0398,Sangrur,30.241224,75.746953,rice,2023-11-20,3.79
SAN_0399,Sangrur,30.328488,75.713252,rice,2023-11-15,2.38
SAN_0400,Sangrur,30.176624,75.811302,rice,2023-10-22,5.74
SAN_0401,Sangrur,30.133338,75.822519,rice,2023-10-30,2.04
SAN_0402,Sangrur,30.182982,75.904131,rice,2023-11-05,3.9
SAN_0403,Sangrur,30.332593,75.817421,rice,2023-10-15,5.41
SAN_0404,Sangrur,30.343372,75.961607,rice,2023-11-11,1.98
SAN_0405,Sangrur,30.380918,75.932589,rice,2023-11-09,4.17
SAN_0406,Sangrur,30.380315,75.827638,rice,2023-11-20,4.58
SAN_0407,Sangrur,30.300667,75.908985,rice,2023-11-27,1.55
SAN_0408,Sangrur,30.202734,75.813831,rice,2023-11-18,4.61
SAN_0409,Sangrur,30.305549,75.937343,rice,2023-11-02,3.78
SAN_0410,Sangrur,30.144186,75.881927,rice,2023-11-20,5.38
SAN_0411,Sangrur,30.285089,75.954775,rice,2023-11-23,2.48
SAN_0412,Sangrur,30.307521,75.855188,rice,2023-11-29,3.0
SAN_0413,Sangrur,30.172163,75.772856,rice,2023-10-28,3.97
SAN_0414,Sangrur,30.144775,75.824788,rice,2023-10-23,3.38
SAN_0415,Sangrur,30.227706,75.94338,rice,2023-11-25,0.96
SAN_0416,Sangrur,30.382816,75.940595,rice,2023-11-04,4.13
SAN_0417,Sangrur,30.316771,75.739893,rice,2023-10-24,1.64
SAN_0418,Sangrur,30.241913,75.753835,rice,2023-11-19,4.65
SAN_0419,Sangrur,30.173861,75.774898,rice,2023-11-02,4.46
SAN_0420,Sangrur,30.187836,75.849118,rice,2023-10-20,2.33
SAN_0421,Sangrur,30.321916,75.767415,rice,2023-11-13,2.27
SAN_0422,Sangrur,30.134078,75.771285,rice,2023-11-27,0.91
SAN_0423,Sangrur,30.236247,75.77407,rice,2023-11-13,3.34
SAN_0424,Sangrur,30.170343,75.830356,rice,2023-11-24,1.58
SAN_0425,Sangrur,30.155044,75.788184,rice,2023-10-28,1.54
SAN_0426,Sangrur,30.367653,75.890705,rice,2023-10-19,5.57
SAN_0427,Sangrur,30.176917,75.943964,rice,2023-11-14,1.29
SAN_0428,Sangrur,30.330318,75.720702,rice,2023-10-31,2.73
SAN_0429,Sangrur,30.334408,75.876812,rice,2023-11-26,2.44
SAN_0430,Sangrur,30.126016,75.981472,rice,2023-11-07,1.46
SAN_0431,Sangrur,30.176486,75.770056,rice,2023-11-02,4.7
SAN_0432,Sangrur,30.233052,75.971518,rice,2023-11-25,0.79
SAN_0433,Sangrur,30.355228,75.72092,rice,2023-11-07,0.8
SAN_0434,Sangrur,30.384711,75.960029,rice,2023-11-01,3.72
SAN_0435,Sangrur,30.165996,75.781498,rice,2023-10-31,2.28
SAN_0436,Sangrur,30.110968,75.887752,rice,2023-11-04,3.87
SAN_0437,Sangrur,30.358207,75.837519,rice,2023-11-09,3.31
SAN_0438,Sangrur,30.159515,75.879151,rice,2023-10-30,4.74
SAN_0439,Sangrur,30.147969,75.793147,rice,2023-11-21,3.28
SAN_0440,Sangrur,30.253914,75.906274,rice,2023-11-23,3.68
SAN_0441,Sangrur,30.124482,75.929109,rice,2023-11-09,0.79
SAN_0442,Sangrur,30.13895,75.900553,rice,2023-11-26,3.82
SAN_0443,Sangrur,30.212105,75.85499,rice,2023-11-10,3.27
SAN_0444,Sangrur,30.144253,75.729042,rice,2023-11-16,2.91
SAN_0445,Sangrur,30.363408,75.860178,rice,2023-10-24,5.5
SAN_0446,Sangrur,30.213817,75.846561,rice,2023-10-31,1.14
SAN_0447,Sangrur,30.311472,75.900085,rice,2023-11-01,2.29
SAN_0448,Sangrur,30.227095,75.751136,rice,2023-11-20,5.8
SAN_0449,Sangrur,30.129102,75.885724,rice,2023-11-26,1.37
SAN_0450,Sangrur,30.20729,75.716075,rice,2023-11-16,3.56
SAN_0451,Sangrur,30.383583,75.824368,rice,2023-10-27,1.19
SAN_0452,Sangrur,30.214887,75.95655,rice,2023-11-29,5.32
SAN_0453,Sangrur,30.195606,75.894011,rice,2023-11-23,4.72
SAN_0454,Sangrur,30.280973,75.746721,rice,2023-11-24,0.9
SAN_0455,Sangrur,30.277094,75.844077,rice,2023-11-20,2.11
SAN_0456,Sangrur,30.214784,75.842746,rice,2023-10-25,2.65
SAN_0457,Sangrur,30.213442,75.736405,rice,2023-10-21,3.85
SAN_0458,Sangrur,30.145909,75.822685,rice,2023-11-23,2.79
SAN_0459,Sangrur,30.273174,75.874483,rice,2023-11-29,4.34
SAN_0460,Sangrur,30.133939,75.789378,rice,2023-11-13,0.6
SAN_0461,Sangrur,30.2323,75.82424,rice,2023-11-15,1.42
SAN_0462,Sangrur,30.281818,75.789874,rice,2023-11-17,2.6
SAN_0463,Sangrur,30.3064,75.724033,rice,2023-11-11,2.65
SAN_0464,Sangrur,30.30541,75.759783,rice,2023-10-30,5.71
SAN_0465,Sangrur,30.384373,75.933295,rice,2023-11-29,4.15
SAN_0466,Sangrur,30.128281,75.947958,rice,2023-10-28,3.34
SAN_0467,Sangrur,30.154403,75.795677,rice,2023-10-18,5.29
SAN_0468,Sangrur,30.25052,75.838487,rice,2023-11-20,4.63
SAN_0469,Sangrur,30.336333,75.918157,rice,2023-11-03,4.03
SAN_0470,Sangrur,30.345061,75.746493,rice,2023-11-01,2.63
SAN_0471,Sangrur,30.120853,75.818486,rice,2023-11-16,1.58
SAN_0472,Sangrur,30.256728,75.714244,rice,2023-11-19,5.44
SAN_0473,Sangrur,30.334601,75.850835,rice,2023-11-13,1.07
SAN_0474,Sangrur,30.341659,75.904273,rice,2023-11-16,1.16
SAN_0475,Sangrur,30.379593,75.710309,rice,2023-10-15,1.44
SAN_0476,Sangrur,30.306392,75.723714,rice,2023-11-12,0.95
SAN_0477,Sangrur,30.235562,75.982323,rice,2023-11-12,3.87
SAN_0478,Sangrur,30.250208,75.939793,rice,2023-10-27,2.09
SAN_0479,Sangrur,30.260384,75.970175,rice,2023-11-26,2.92
SAN_0480,Sangrur,30.353868,75.7971,rice,2023-10-30,2.59
SAN_0481,Sangrur,30.190153,75.930669,rice,2023-11-14,3.97
SAN_0482,Sangrur,30.279616,75.813201,rice,2023-11-26,0.57
SAN_0483,Sangrur,30.153703,75.745283,rice,2023-10-27,4.1
SAN_0484,Sangrur,30.143178,75.727978,rice,2023-10-20,2.6
SAN_0485,Sangrur,30.174726,75.744841,rice,2023-11-09,1.91
SAN_0486,Sangrur,30.255318,75.916267,rice,2023-10-21,5.19
SAN_0487,Sangrur,30.315397,75.8799,rice,2023-11-06,3.36
SAN_0488,Sangrur,30.28234,75.819254,rice,2023-11-25,2.3
SAN_0489,Sangrur,30.197879,75.745529,rice,2023-11-16,0.8
SAN_0490,Sangrur,30.293912,75.946049,rice,2023-11-20,3.24
SAN_0491,Sangrur,30.124656,75.823957,rice,2023-11-06,5.92
SAN_0492,Sangrur,30.298554,75.905981,rice,2023-10-30,3.34
SAN_0493,Sangrur,30.303636,75.90632,rice,2023-11-11,1.72
SAN_0494,Sangrur,30.108631,75.846746,rice,2023-10-18,5.32
SAN_0495,Sangrur,30.275675,75.844058,rice,2023-11-16,1.45
SAN_0496,Sangrur,30.125889,75.960846,rice,2023-11-26,5.47
SAN_0497,Sangrur,30.296232,75.772874,rice,2023-11-27,4.71
SAN_0498,Sangrur,30.29369,75.766415,rice,2023-11-28,3.32
SAN_0499,Sangrur,30.335321,75.944873,rice,2023-10-31,3.38
SAN_0500,Sangrur,30.300351,75.85191,rice,2023-11-09,2.8
SAN_0501,Sangrur,30.128917,75.739294,rice,2023-11-24,0.64
SAN_0502,Sangrur,30.119645,75.9573,rice,2023-11-18,4.37
SAN_0503,Sangrur,30.10618,75.791372,rice,2023-11-15,2.8
SAN_0504,Sangrur,30.236263,75.832464,rice,2023-11-19,1.61
SAN_0505,Sangrur,30.30699,75.732842,rice,2023-10-23,1.43
SAN_0506,Sangrur,30.118029,75.744108,rice,2023-11-07,5.28
SAN_0507,Sangrur,30.154321,75.781943,rice,2023-10-22,4.55
SAN_0508,Sangrur,30.229726,75.968218,rice,2023-10-21,4.15
SAN_0509,Sangrur,30.253789,75.887857,rice,2023-11-21,5.73
SAN_0510,Sangrur,30.3728,75.781319,rice,2023-10-16,3.96
SAN_0511,Sangrur,30.161536,75.857292,rice,2023-10-21,5.67
SAN_0512,Sangrur,30.199981,75.898181,rice,2023-11-19,4.44
SAN_0513,Sangrur,30.166922,75.880129,rice,2023-10-22,4.7
SAN_0514,Sangrur,30.384985,75.715265,rice,2023-11-14,1.61
SAN_0515,Sangrur,30.145622,75.747242,rice,2023-11-12,5.33
SAN_0516,Sangrur,30.230643,75.891175,rice,2023-11-04,2.57
SAN_0517,Sangrur,30.194506,75.937586,rice,2023-11-26,2.43
SAN_0518,Sangrur,30.360965,75.843583,rice,2023-11-14,1.54
SAN_0519,Sangrur,30.240302,75.892916,rice,2023-11-21,5.14
SAN_0520,Sangrur,30.25428,75.834974,rice,2023-10-31,5.22
SAN_0521,Sangrur,30.234617,75.820035,rice,2023-10-15,2.49
SAN_0522,Sangrur,30.216174,75.754574,rice,2023-10-19,3.73
SAN_0523,Sangrur,30.145276,75.766633,rice,2023-11-17,1.98
SAN_0524,Sangrur,30.284107,75.897344,rice,2023-11-09,2.16
SAN_0525,Sangrur,30.129469,75.841047,rice,2023-10-21,3.33
SAN_0526,Sangrur,30.308341,75.877692,rice,2023-10-19,2.97
SAN_0527,Sangrur,30.36984,75.732489,rice,2023-11-12,4.9
SAN_0528,Sangrur,30.222527,75.746803,rice,2023-11-24,1.36
SAN_0529,Sangrur,30.363106,75.769437,rice,2023-11-17,3.27
SAN_0530,Sangrur,30.234286,75.877463,rice,2023-11-24,1.68
SAN_0531,Sangrur,30.224944,75.966776,rice,2023-10-15,5.57
SAN_0532,Sangrur,30.383379,75.718534,rice,2023-10-25,3.42
SAN_0533,Sangrur,30.153109,75.87808,rice,2023-11-11,5.43
SAN_0534,Sangrur,30.363958,75.763738,rice,2023-11-29,3.48
SAN_0535,Sangrur,30.170753,75.955839,rice,2023-11-18,1.35
SAN_0536,Sangrur,30.108406,75.754945,rice,2023-10-23,1.54
SAN_0537,Sangrur,30.126697,75.946968,rice,2023-10-28,1.9
SAN_0538,Sangrur,30.324312,75.822206,rice,2023-11-19,4.77
SAN_0539,Sangrur,30.195442,75.862103,rice,2023-11-07,1.53
SAN_0540,Sangrur,30.268977,75.914233,rice,2023-11-01,4.64
SAN_0541,Sangrur,30.204761,75.849239,rice,2023-10-29,0.8
SAN_0542,Sangrur,30.125129,75.809342,rice,2023-11-19,1.73
SAN_0543,Sangrur,30.209901,75.730251,rice,2023-11-17,4.19
SAN_0544,Sangrur,30.326715,75.886146,rice,2023-11-11,2.68
SAN_0545,Sangrur,30.36678,75.907373,rice,2023-11-08,1.64
SAN_0546,Sangrur,30.286713,75.869682,rice,2023-11-08,4.26
SAN_0547,Sangrur,30.323715,75.960214,rice,2023-11-27,3.97
SAN_0548,Sangrur,30.375468,75.959198,rice,2023-11-27,0.51
SAN_0549,Sangrur,30.283533,75.753971,rice,2023-11-26,2.14
SAN_0550,Sangrur,30.240276,75.707043,rice,2023-10-28,1.8
SAN_0551,Sangrur,30.113154,75.886156,rice,2023-10-25,5.99
SAN_0552,Sangrur,30.230596,75.77684,rice,2023-11-24,5.19
SAN_0553,Sangrur,30.136684,75.976787,rice,2023-11-28,3.27
SAN_0554,Sangrur,30.132062,75.709095,rice,2023-11-16,3.49
SAN_0555,Sangrur,30.220878,75.939946,rice,2023-10-29,2.88
SAN_0556,Sangrur,30.168282,75.838518,rice,2023-11-13,1.4
SAN_0557,Sangrur,30.291764,75.873604,rice,2023-11-08,2.97
SAN_0558,Sangrur,30.183022,75.938191,rice,2023-11-21,4.3
SAN_0559,Sangrur,30.302879,75.851864,rice,2023-11-26,1.75
SAN_0560,Sangrur,30.217474,75.926945,rice,2023-11-24,1.23
SAN_0561,Sangrur,30.331271,75.802727,rice,2023-11-23,0.94
SAN_0562,Sangrur,30.341048,75.922012,rice,2023-10-20,2.08
SAN_0563,Sangrur,30.137581,75.773226,rice,2023-11-18,4.53
SAN_0564,Sangrur,30.165358,75.764508,rice,2023-10-24,0.68
SAN_0565,Sangrur,30.272121,75.896914,rice,2023-11-01,3.63
SAN_0566,Sangrur,30.375501,75.836367,rice,2023-11-14,5.23
SAN_0567,Sangrur,30.285883,75.727565,rice,2023-11-18,3.71
SAN_0568,Sangrur,30.287987,75.754464,rice,2023-11-21,2.91
SAN_0569,Sangrur,30.351563,75.764321,rice,2023-11-06,1.92
SAN_0570,Sangrur,30.241512,75.933958,rice,2023-10-15,4.04
SAN_0571,Sangrur,30.362338,75.831558,rice,2023-11-01,1.77
SAN_0572,Sangrur,30.166057,75.910111,rice,2023-11-01,0.94
SAN_0573,Sangrur,30.17296,75.952051,rice,2023-10-20,0.76
SAN_0574,Sangrur,30.302191,75.845871,rice,2023-11-10,5.2
SAN_0575,Sangrur,30.296081,75.705245,rice,2023-11-26,1.92
SAN_0576,Sangrur,30.301625,75.846608,rice,2023-10-24,4.61
SAN_0577,Sangrur,30.248603,75.795668,rice,2023-11-06,1.61
SAN_0578,Sangrur,30.217218,75.858407,rice,2023-10-19,5.66
SAN_0579,Sangrur,30.172122,75.890504,rice,2023-10-15,4.43
SAN_0580,Sangrur,30.108175,75.887658,rice,2023-10-22,1.4
SAN_0581,Sangrur,30.155491,75.860494,rice,2023-10-25,3.09
SAN_0582,Sangrur,30.191489,75.970971,rice,2023-11-01,2.1
SAN_0583,Sangrur,30.256773,75.94322,rice,2023-10-28,2.28
SAN_0584,Sangrur,30.259682,75.727238,rice,2023-11-14,3.5
SAN_0585,Sangrur,30.225789,75.916221,rice,2023-11-04,1.6
SAN_0586,Sangrur,30.12783,75.813356,rice,2023-11-23,3.44
SAN_0587,Sangrur,30.210505,75.879997,rice,2023-11-10,5.65
SAN_0588,Sangrur,30.21963,75.727098,rice,2023-11-07,2.16
SAN_0589,Sangrur,30.27465,75.775687,rice,2023-11-07,2.37
SAN_0590,Sangrur,30.31392,75.967237,rice,2023-10-27,2.43
SAN_0591,Sangrur,30.159737,75.821778,rice,2023-11-19,5.95
SAN_0592,Sangrur,30.234883,75.894199,rice,2023-10-31,5.53
SAN_0593,Sangrur,30.281137,75.773826,rice,2023-11-16,2.71
SAN_0594,Sangrur,30.223258,75.978211,rice,2023-11-11,2.03
SAN_0595,Sangrur,30.236302,75.748763,rice,2023-10-26,3.82
SAN_0596,Sangrur,30.315284,75.882209,rice,2023-10-23,2.31
SAN_0597,Sangrur,30.121693,75.835674,rice,2023-11-02,4.74
SAN_0598,Sangrur,30.284281,75.947952,rice,2023-11-07,4.81
SAN_0599,Sangrur,30.207446,75.881022,rice,2023-11-18,5.76
SAN_0600,Sangrur,30.223259,75.885519,rice,2023-11-18,2.66
FIR_0001,Firozpur,30.990592,74.726358,wheat,2023-10-21,1.36
FIR_0002,Firozpur,30.841147,74.68238,wheat,2023-11-26,3.97
FIR_0003,Firozpur,31.03743,74.558864,wheat,2023-10-24,4.26
FIR_0004,Firozpur,30.838728,74.506418,wheat,2023-11-23,4.36
FIR_0005,Firozpur,30.828369,74.693412,wheat,2023-10-20,3.12
FIR_0006,Firozpur,30.861148,74.746477,wheat,2023-11-09,4.47
FIR_0007,Firozpur,31.001858,74.686239,wheat,2023-10-30,5.67
FIR_0008,Firozpur,30.94747,74.616613,wheat,2023-11-10,2.01
FIR_0009,Firozpur,30.862886,74.677327,wheat,2023-11-16,4.51
FIR_0010,Firozpur,31.050758,74.594006,wheat,2023-10-30,1.04
FIR_0011,Firozpur,30.970633,74.473666,wheat,2023-11-16,3.39
FIR_0012,Firozpur,30.921125,74.630444,wheat,2023-11-20,3.34
FIR_0013,Firozpur,30.874658,74.549822,wheat,2023-11-06,5.42
FIR_0014,Firozpur,30.821904,74.561934,wheat,2023-11-03,1.56
FIR_0015,Firozpur,30.903598,74.50838,wheat,2023-11-13,1.07
FIR_0016,Firozpur,30.970273,74.545959,wheat,2023-11-18,3.1
FIR_0017,Firozpur,30.839997,74.675463,wheat,2023-11-06,1.72
FIR_0018,Firozpur,31.050883,74.562077,wheat,2023-11-27,3.57
FIR_0019,Firozpur,30.980445,74.526795,wheat,2023-11-16,0.87
FIR_0020,Firozpur,30.979175,74.587653,wheat,2023-11-04,5.4
FIR_0021,Firozpur,30.860718,74.729608,wheat,2023-10-30,3.84
FIR_0022,Firozpur,30.870186,74.521899,wheat,2023-10-21,1.02
FIR_0023,Firozpur,30.96758,74.536287,wheat,2023-11-08,5.89
FIR_0024,Firozpur,30.872469,74.480784,wheat,2023-11-10,1.29
FIR_0025,Firozpur,30.81741,74.600719,wheat,2023-11-13,2.13
FIR_0026,Firozpur,30.824836,74.650415,wheat,2023-11-18,2.16
FIR_0027,Firozpur,30.945048,74.73246,wheat,2023-10-24,3.32
FIR_0028,Firozpur,31.009907,74.664681,wheat,2023-10-28,4.63
FIR_0029,Firozpur,31.000319,74.622176,wheat,2023-10-17,4.45
FIR_0030,Firozpur,30.979342,74.658616,wheat,2023-11-08,2.6
FIR_0031,Firozpur,31.015992,74.537137,wheat,2023-11-03,2.4
FIR_0032,Firozpur,30.855073,74.656691,wheat,2023-10-22,1.77
FIR_0033,Firozpur,30.967817,74.614702,wheat,2023-11-14,1.92
FIR_0034,Firozpur,30.930083,74.676269,wheat,2023-10-22,2.69
FIR_0035,Firozpur,30.849193,74.553622,wheat,2023-10-24,0.64
FIR_0036,Firozpur,31.056476,74.497995,wheat,2023-10-19,1.19
FIR_0037,Firozpur,31.02787,74.656781,wheat,2023-11-01,4.07
FIR_0038,Firozpur,31.045796,74.498826,wheat,2023-11-04,1.84
FIR_0039,Firozpur,31.024884,74.689579,wheat,2023-11-26,2.23
FIR_0040,Firozpur,31.048568,74.567233,wheat,2023-11-29,4.43
FIR_0041,Firozpur,31.031168,74.518819,wheat,2023-10-22,3.7
FIR_0042,Firozpur,31.020271,74.493106,wheat,2023-10-24,5.18
FIR_0043,Firozpur,30.880074,74.584743,wheat,2023-10-22,5.51
FIR_0044,Firozpur,30.820622,74.631797,wheat,2023-10-30,1.31
FIR_0045,Firozpur,31.044006,74.694421,wheat,2023-10-20,2.14
FIR_0046,Firozpur,30.890824,74.584517,wheat,2023-10-25,5.0
FIR_0047,Firozpur,30.942069,74.590826,wheat,2023-11-21,3.02
FIR_0048,Firozpur,30.819907,74.501097,wheat,2023-11-17,2.29
FIR_0049,Firozpur,30.952804,74.508756,wheat,2023-11-09,1.98
FIR_0050,Firozpur,30.978716,74.478914,wheat,2023-11-09,3.08
FIR_0051,Firozpur,30.798634,74.563542,wheat,2023-10-30,3.08
FIR_0052,Firozpur,30.998764,74.499062,wheat,2023-10-15,4.54
FIR_0053,Firozpur,30.947575,74.612289,wheat,2023-11-29,2.35
FIR_0054,Firozpur,30.982895,74.689306,wheat,2023-11-11,4.78
FIR_0055,Firozpur,30.859449,74.654094,wheat,2023-11-18,3.22
FIR_0056,Firozpur,30.784736,74.525204,wheat,2023-10-21,3.97
FIR_0057,Firozpur,31.028821,74.484728,wheat,2023-11-05,4.0
FIR_0058,Firozpur,31.045069,74.65444,wheat,2023-11-09,1.07
FIR_0059,Firozpur,30.825088,74.649014,wheat,2023-10-18,5.61
FIR_0060,Firozpur,31.041792,74.736624,wheat,2023-10-24,2.11
FIR_0061,Firozpur,30.984746,74.656644,wheat,2023-11-05,1.96
FIR_0062,Firozpur,30.841895,74.574826,wheat,2023-10-16,5.74
FIR_0063,Firozpur,31.020768,74.553159,wheat,2023-11-26,1.56
FIR_0064,Firozpur,30.861682,74.489201,wheat,2023-11-08,4.03
FIR_0065,Firozpur,30.967938,74.70578,wheat,2023-11-04,1.38
FIR_0066,Firozpur,30.992051,74.508718,wheat,2023-11-24,2.56
FIR_0067,Firozpur,30.92835,74.484852,wheat,2023-10-28,1.99
FIR_0068,Firozpur,30.819712,74.732547,wheat,2023-10-22,2.09
FIR_0069,Firozpur,30.924328,74.75003,wheat,2023-11-27,2.76
FIR_0070,Firozpur,31.044342,74.533299,wheat,2023-11-10,1.49
FIR_0071,Firozpur,30.933902,74.590644,wheat,2023-11-04,0.73
FIR_0072,Firozpur,30.956963,74.66999,wheat,2023-11-20,5.85
FIR_0073,Firozpur,30.824814,74.539948,wheat,2023-11-28,3.97
FIR_0074,Firozpur,30.794654,74.492656,wheat,2023-11-26,4.82
FIR_0075,Firozpur,30.942893,74.629316,wheat,2023-11-25,1.83
FIR_0076,Firozpur,30.828921,74.642866,wheat,2023-11-24,5.35
FIR_0077,Firozpur,30.85827,74.661762,wheat,2023-11-03,1.45
FIR_0078,Firozpur,31.036423,74.50403,wheat,2023-10-22,0.63
FIR_0079,Firozpur,31.000983,74.572503,wheat,2023-11-01,4.9
FIR_0080,Firozpur,30.834382,74.653092,wheat,2023-11-02,2.22
FIR_0081,Firozpur,30.813195,74.663499,wheat,2023-10-29,5.27
FIR_0082,Firozpur,31.04133,74.708734,wheat,2023-10-29,2.27
FIR_0083,Firozpur,30.850243,74.720984,wheat,2023-11-10,4.39
FIR_0084,Firozpur,31.015606,74.548752,wheat,2023-11-04,1.16
FIR_0085,Firozpur,30.958952,74.636254,wheat,2023-11-04,3.72
FIR_0086,Firozpur,31.0053,74.569003,wheat,2023-10-27,1.83
FIR_0087,Firozpur,30.987,74.691044,wheat,2023-11-10,1.31
FIR_0088,Firozpur,31.032994,74.685228,wheat,2023-11-27,4.36
FIR_0089,Firozpur,30.871655,74.477214,wheat,2023-10-29,2.07
FIR_0090,Firozpur,30.86515,74.730599,wheat,2023-11-07,1.34
FIR_0091,Firozpur,31.045585,74.612066,wheat,2023-11-11,2.06
FIR_0092,Firozpur,30.961498,74.626845,wheat,2023-11-22,5.58
FIR_0093,Firozpur,30.834204,74.52828,wheat,2023-11-17,1.04
FIR_0094,Firozpur,30.961711,74.487958,wheat,2023-11-27,0.92
FIR_0095,Firozpur,30.951202,74.625383,wheat,2023-11-02,3.11
FIR_0096,Firozpur,30.991861,74.748813,wheat,2023-11-10,2.02
FIR_0097,Firozpur,30.874563,74.561454,wheat,2023-11-04,2.41
FIR_0098,Firozpur,30.973486,74.595849,wheat,2023-11-19,3.84
FIR_0099,Firozpur,31.016124,74.614936,wheat,2023-11-10,1.97
FIR_0100,Firozpur,30.928453,74.544475,wheat,2023-11-05,5.14
FIR_0101,Firozpur,30.892882,74.50715,wheat,2023-11-09,3.44
FIR_0102,Firozpur,31.040561,74.555157,wheat,2023-10-26,1.95
FIR_0103,Firozpur,30.897837,74.741971,wheat,2023-11-18,1.32
FIR_0104,Firozpur,30.955851,74.692722,wheat,2023-11-22,4.72
FIR_0105,Firozpur,30.920877,74.675913,wheat,2023-11-24,1.61
FIR_0106,Firozpur,30.799695,74.57446,wheat,2023-11-10,0.84
FIR_0107,Firozpur,30.894604,74.703086,wheat,2023-11-11,0.69
FIR_0108,Firozpur,30.80347,74.658563,wheat,2023-11-22,3.25
FIR_0109,Firozpur,30.82582,74.696548,wheat,2023-11-08,0.93
FIR_0110,Firozpur,30.993862,74.641275,wheat,2023-10-24,2.67
FIR_0111,Firozpur,30.977963,74.726187,wheat,2023-11-19,3.95
FIR_0112,Firozpur,30.845087,74.603759,wheat,2023-10-16,2.83
FIR_0113,Firozpur,30.893194,74.5243,wheat,2023-10-22,2.59
FIR_0114,Firozpur,31.032415,74.570307,wheat,2023-11-20,5.12
FIR_0115,Firozpur,30.936451,74.578975,wheat,2023-10-16,4.83
FIR_0116,Firozpur,30.919153,74.590118,wheat,2023-11-16,3.68
FIR_0117,Firozpur,30.947846,74.590134,wheat,2023-10-29,2.7
FIR_0118,Firozpur,30.91084,74.640489,wheat,2023-11-18,5.93
FIR_0119,Firozpur,30.856992,74.535947,wheat,2023-11-18,4.29
FIR_0120,Firozpur,30.909746,74.57981,wheat,2023-10-23,1.62
FIR_0121,Firozpur,31.033519,74.595088,wheat,2023-11-22,1.12
FIR_0122,Firozpur,30.814232,74.489859,wheat,2023-11-11,2.52
FIR_0123,Firozpur,30.916408,74.539482,wheat,2023-11-24,0.53
FIR_0124,Firozpur,30.882305,74.504368,wheat,2023-10-31,1.21
FIR_0125,Firozpur,30.785262,74.665987,wheat,2023-11-22,3.92
FIR_0126,Firozpur,30.810937,74.748102,wheat,2023-11-26,5.87
FIR_0127,Firozpur,30.915106,74.501203,wheat,2023-11-24,5.79
FIR_0128,Firozpur,31.002036,74.645777,wheat,2023-11-17,3.86
FIR_0129,Firozpur,31.057817,74.491473,wheat,2023-10-17,5.07
FIR_0130,Firozpur,30.824632,74.578323,wheat,2023-10-21,2.05
FIR_0131,Firozpur,30.852165,74.478202,wheat,2023-10-24,2.71
FIR_0132,Firozpur,30.938445,74.556262,wheat,2023-11-10,5.68
FIR_0133,Firozpur,30.949577,74.740138,wheat,2023-11-27,0.51
FIR_0134,Firozpur,31.002754,74.702666,wheat,2023-10-31,0.82
FIR_0135,Firozpur,30.959103,74.656085,wheat,2023-11-24,3.54
FIR_0136,Firozpur,30.852096,74.475606,wheat,2023-10-21,5.27
FIR_0137,Firozpur,30.921675,74.689876,wheat,2023-11-26,5.97
FIR_0138,Firozpur,30.906627,74.590714,wheat,2023-11-17,2.05
FIR_0139,Firozpur,30.959041,74.607112,wheat,2023-10-23,2.46
FIR_0140,Firozpur,30.820637,74.712482,wheat,2023-11-17,5.05
FIR_0141,Firozpur,30.88228,74.664298,wheat,2023-11-25,4.69
FIR_0142,Firozpur,30.893237,74.620979,wheat,2023-11-06,0.82
FIR_0143,Firozpur,30.832975,74.689894,wheat,2023-10-24,0.69
FIR_0144,Firozpur,30.830938,74.586247,wheat,2023-11-01,4.45
FIR_0145,Firozpur,30.885776,74.679652,wheat,2023-11-03,2.38
FIR_0146,Firozpur,31.008105,74.506527,wheat,2023-11-23,2.78
FIR_0147,Firozpur,30.811317,74.485708,wheat,2023-11-29,1.08
FIR_0148,Firozpur,31.018003,74.62323,wheat,2023-10-17,5.71
FIR_0149,Firozpur,30.93464,74.647039,wheat,2023-11-17,3.47
FIR_0150,Firozpur,30.891885,74.731802,wheat,2023-10-23,5.64
FIR_0151,Firozpur,30.83958,74.644637,wheat,2023-11-23,3.59
FIR_0152,Firozpur,30.818812,74.654124,wheat,2023-11-13,4.89
FIR_0153,Firozpur,30.880663,74.615074,wheat,2023-10-23,5.62
FIR_0154,Firozpur,30.814671,74.529346,wheat,2023-10-20,2.14
FIR_0155,Firozpur,31.015221,74.667184,wheat,2023-11-21,1.51
FIR_0156,Firozpur,30.994042,74.584074,wheat,2023-10-15,0.64
FIR_0157,Firozpur,31.053897,74.513345,wheat,2023-11-16,1.87
FIR_0158,Firozpur,30.990491,74.688483,wheat,2023-11-07,2.68
FIR_0159,Firozpur,30.968366,74.725541,wheat,2023-11-02,2.78
FIR_0160,Firozpur,30.907613,74.719326,wheat,2023-11-21,0.69
FIR_0161,Firozpur,30.790387,74.528623,wheat,2023-11-01,1.34
FIR_0162,Firozpur,30.863878,74.647139,wheat,2023-11-22,1.51
FIR_0163,Firozpur,30.868873,74.601736,wheat,2023-11-16,5.96
FIR_0164,Firozpur,30.829765,74.708982,wheat,2023-10-25,3.09
FIR_0165,Firozpur,30.820155,74.504176,wheat,2023-10-17,2.44
FIR_0166,Firozpur,30.849689,74.739503,wheat,2023-11-07,3.05
FIR_0167,Firozpur,31.044067,74.51692,wheat,2023-11-15,3.78
FIR_0168,Firozpur,30.859565,74.522783,wheat,2023-10-23,1.02
FIR_0169,Firozpur,30.805356,74.681887,wheat,2023-11-20,5.88
FIR_0170,Firozpur,30.835274,74.570245,wheat,2023-10-27,2.56
FIR_0171,Firozpur,30.924043,74.714778,wheat,2023-11-05,0.55
FIR_0172,Firozpur,30.898591,74.702822,wheat,2023-11-22,0.5
FIR_0173,Firozpur,30.933419,74.543653,wheat,2023-11-21,2.81
FIR_0174,Firozpur,30.893691,74.720746,wheat,2023-11-02,3.45
FIR_0175,Firozpur,31.037049,74.674488,wheat,2023-11-20,3.21
FIR_0176,Firozpur,30.89316,74.703001,wheat,2023-10-31,1.53
FIR_0177,Firozpur,31.046195,74.633519,wheat,2023-10-31,3.34
FIR_0178,Firozpur,30.939259,74.657949,wheat,2023-11-12,4.1
FIR_0179,Firozpur,30.843961,74.634083,wheat,2023-10-17,4.0
FIR_0180,Firozpur,30.937394,74.52131,wheat,2023-10-31,4.54
FIR_0181,Firozpur,30.911964,74.625404,wheat,2023-11-18,4.09
FIR_0182,Firozpur,30.9937,74.52889,wheat,2023-11-14,1.11
FIR_0183,Firozpur,30.97137,74.537076,wheat,2023-11-01,1.22
FIR_0184,Firozpur,30.871584,74.7487,wheat,2023-10-20,1.36
FIR_0185,Firozpur,30.86759,74.728806,wheat,2023-10-22,1.76
FIR_0186,Firozpur,31.030527,74.509897,wheat,2023-11-28,4.69
FIR_0187,Firozpur,30.787642,74.584853,wheat,2023-10-15,4.37
FIR_0188,Firozpur,30.788496,74.601172,wheat,2023-10-26,4.33
FIR_0189,Firozpur,30.797077,74.722272,wheat,2023-10-22,1.41
FIR_0190,Firozpur,30.84713,74.565894,wheat,2023-10-31,1.59
FIR_0191,Firozpur,30.926962,74.648221,wheat,2023-11-18,2.85
FIR_0192,Firozpur,31.002876,74.555285,wheat,2023-11-03,3.93
FIR_0193,Firozpur,31.034018,74.533024,wheat,2023-10-25,5.71
FIR_0194,Firozpur,30.932343,74.744531,wheat,2023-11-12,2.21
FIR_0195,Firozpur,30.942002,74.55809,wheat,2023-10-16,5.99
FIR_0196,Firozpur,30.851217,74.743469,wheat,2023-10-15,4.09
FIR_0197,Firozpur,31.037101,74.741817,wheat,2023-11-27,6.0
FIR_0198,Firozpur,30.998852,74.617668,wheat,2023-11-10,4.1
FIR_0199,Firozpur,30.838396,74.474089,wheat,2023-11-26,2.89
FIR_0200,Firozpur,30.847855,74.61493,wheat,2023-10-26,4.12
FIR_0201,Firozpur,30.967622,74.721254,wheat,2023-11-25,5.4
FIR_0202,Firozpur,30.957649,74.528614,wheat,2023-11-28,5.69
FIR_0203,Firozpur,30.832961,74.5134,wheat,2023-11-10,3.65
FIR_0204,Firozpur,30.974812,74.474722,wheat,2023-10-29,4.78
FIR_0205,Firozpur,30.833005,74.554016,wheat,2023-11-19,2.33
FIR_0206,Firozpur,30.996903,74.482464,wheat,2023-10-29,1.58
FIR_0207,Firozpur,30.790249,74.688924,wheat,2023-11-12,4.13
FIR_0208,Firozpur,30.949239,74.725259,wheat,2023-11-29,1.9
FIR_0209,Firozpur,30.802609,74.613792,wheat,2023-11-15,2.98
FIR_0210,Firozpur,30.911764,74.560273,wheat,2023-10-26,3.17
FIR_0211,Firozpur,30.890443,74.502657,wheat,2023-11-25,4.36
FIR_0212,Firozpur,30.795566,74.50342,wheat,2023-11-23,1.03
FIR_0213,Firozpur,30.801288,74.487536,wheat,2023-11-18,5.16
FIR_0214,Firozpur,31.015905,74.690281,wheat,2023-10-22,3.88
FIR_0215,Firozpur,30.986578,74.677775,wheat,2023-11-24,4.53
FIR_0216,Firozpur,30.990209,74.696143,wheat,2023-11-24,3.56
FIR_0217,Firozpur,30.843648,74.494672,wheat,2023-11-04,1.0
FIR_0218,Firozpur,30.831405,74.477675,wheat,2023-11-03,2.15
FIR_0219,Firozpur,31.055599,74.577101,wheat,2023-11-22,2.72
FIR_0220,Firozpur,30.868375,74.659686,wheat,2023-10-26,3.99
FIR_0221,Firozpur,30.791656,74.61417,wheat,2023-11-15,4.23
FIR_0222,Firozpur,31.046026,74.725097,wheat,2023-10-16,1.63
FIR_0223,Firozpur,30.991941,74.693058,wheat,2023-11-03,1.93
FIR_0224,Firozpur,30.910234,74.533021,wheat,2023-11-23,0.63
FIR_0225,Firozpur,30.968524,74.59181,wheat,2023-11-11,5.16
FIR_0226,Firozpur,30.922791,74.749504,wheat,2023-10-26,4.86
FIR_0227,Firozpur,31.027379,74.687533,wheat,2023-11-21,0.86
FIR_0228,Firozpur,31.040222,74.509695,wheat,2023-10-19,2.65
FIR_0229,Firozpur,30.954775,74.530332,wheat,2023-10-15,3.06
FIR_0230,Firozpur,30.885051,74.660441,wheat,2023-10-25,0.91
FIR_0231,Firozpur,30.920852,74.519793,wheat,2023-10-29,1.14
FIR_0232,Firozpur,30.839337,74.696089,wheat,2023-11-11,1.79
FIR_0233,Firozpur,30.990378,74.547458,wheat,2023-11-13,2.15
FIR_0234,Firozpur,31.030661,74.582206,wheat,2023-10-25,1.84
FIR_0235,Firozpur,30.934259,74.57898,wheat,2023-11-20,5.95
FIR_0236,Firozpur,30.931441,74.59749,wheat,2023-11-20,2.39
FIR_0237,Firozpur,31.056535,74.606319,wheat,2023-10-24,5.83
FIR_0238,Firozpur,31.053047,74.593003,wheat,2023-10-23,2.42
FIR_0239,Firozpur,30.974522,74.703099,wheat,2023-10-22,2.32
FIR_0240,Firozpur,30.86839,74.562448,wheat,2023-11-06,1.15
FIR_0241,Firozpur,31.002014,74.500389,wheat,2023-10-27,5.09
FIR_0242,Firozpur,30.89715,74.553533,wheat,2023-11-02,5.72
FIR_0243,Firozpur,30.819432,74.718759,wheat,2023-11-03,2.77
FIR_0244,Firozpur,30.960882,74.574611,wheat,2023-10-17,3.44
FIR_0245,Firozpur,30.84112,74.63033,wheat,2023-11-05,4.88
FIR_0246,Firozpur,30.947461,74.605941,wheat,2023-10-21,0.8
FIR_0247,Firozpur,30.923937,74.628799,wheat,2023-11-15,4.23
FIR_0248,Firozpur,30.805494,74.529433,wheat,2023-10-27,4.56
FIR_0249,Firozpur,30.825222,74.539754,wheat,2023-11-15,4.51
FIR_0250,Firozpur,30.798417,74.506445,wheat,2023-11-13,2.95
FIR_0251,Firozpur,30.949983,74.598059,wheat,2023-10-31,4.66
FIR_0252,Firozpur,31.049872,74.568967,wheat,2023-11-13,1.4
FIR_0253,Firozpur,30.857944,74.512486,wheat,2023-11-23,5.3
FIR_0254,Firozpur,30.881177,74.51267,wheat,2023-11-02,3.37
FIR_0255,Firozpur,31.061744,74.523691,wheat,2023-10-22,5.03
FIR_0256,Firozpur,30.896375,74.644474,wheat,2023-11-19,2.88
FIR_0257,Firozpur,30.857452,74.590313,wheat,2023-11-05,4.39
FIR_0258,Firozpur,31.016174,74.557072,wheat,2023-10-19,3.62
FIR_0259,Firozpur,30.849002,74.506689,wheat,2023-10-23,1.24
FIR_0260,Firozpur,31.002954,74.547091,wheat,2023-11-14,5.0
FIR_0261,Firozpur,30.887181,74.574276,wheat,2023-10-31,3.31
FIR_0262,Firozpur,30.840274,74.709114,wheat,2023-11-18,2.37
FIR_0263,Firozpur,30.812777,74.58748,wheat,2023-11-28,3.85
FIR_0264,Firozpur,31.01797,74.622594,wheat,2023-11-10,1.73
FIR_0265,Firozpur,30.857267,74.499235,wheat,2023-11-11,1.08
FIR_0266,Firozpur,30.953628,74.638145,wheat,2023-11-17,4.82
FIR_0267,Firozpur,30.804896,74.527815,wheat,2023-11-29,3.65
FIR_0268,Firozpur,30.912153,74.680349,wheat,2023-11-25,5.46
FIR_0269,Firozpur,30.857643,74.723413,wheat,2023-10-19,5.88
FIR_0270,Firozpur,30.830159,74.545546,wheat,2023-10-19,1.03
FIR_0271,Firozpur,31.009029,74.746585,wheat,2023-11-29,2.29
FIR_0272,Firozpur,30.862114,74.514352,wheat,2023-10-28,4.83
FIR_0273,Firozpur,30.801002,74.741977,wheat,2023-11-22,1.15
FIR_0274,Firozpur,30.932267,74.748998,wheat,2023-11-26,5.19
FIR_0275,Firozpur,30.984237,74.477289,wheat,2023-11-13,4.87
FIR_0276,Firozpur,30.889405,74.658161,wheat,2023-10-18,4.57
FIR_0277,Firozpur,30.902212,74.511147,wheat,2023-10-27,5.29
FIR_0278,Firozpur,30.876704,74.488542,wheat,2023-11-01,5.78
FIR_0279,Firozpur,30.97459,74.62244,wheat,2023-11-23,2.76
FIR_0280,Firozpur,31.059832,74.71112,wheat,2023-11-22,2.04
FIR_0281,Firozpur,30.887893,74.548208,wheat,2023-11-27,4.02
FIR_0282,Firozpur,30.930302,74.741435,wheat,2023-11-14,3.1
FIR_0283,Firozpur,31.003442,74.655267,wheat,2023-10-24,0.73
FIR_0284,Firozpur,30.968099,74.650927,wheat,2023-11-07,1.19
FIR_0285,Firozpur,31.006856,74.601758,wheat,2023-11-29,5.03
FIR_0286,Firozpur,30.880144,74.645118,wheat,2023-10-29,3.9
FIR_0287,Firozpur,30.798786,74.589393,wheat,2023-10-24,1.6
FIR_0288,Firozpur,30.967389,74.474195,wheat,2023-10-25,5.83
FIR_0289,Firozpur,30.894709,74.554665,wheat,2023-11-24,3.18
FIR_0290,Firozpur,30.956011,74.665838,wheat,2023-11-26,5.29
FIR_0291,Firozpur,30.820328,74.493863,wheat,2023-11-02,0.55
FIR_0292,Firozpur,30.982295,74.642098,wheat,2023-11-29,3.54
FIR_0293,Firozpur,31.004032,74.748892,wheat,2023-11-28,3.88
FIR_0294,Firozpur,30.984698,74.556663,wheat,2023-10-17,5.41
FIR_0295,Firozpur,30.911958,74.517054,wheat,2023-10-26,5.69
FIR_0296,Firozpur,30.811864,74.681471,wheat,2023-11-23,1.68
FIR_0297,Firozpur,30.785882,74.543972,wheat,2023-10-28,1.28
FIR_0298,Firozpur,30.820587,74.677933,wheat,2023-11-23,2.73
FIR_0299,Firozpur,30.825576,74.5354,wheat,2023-10-21,3.93
FIR_0300,Firozpur,30.99706,74.498377,wheat,2023-11-20,3.02
FIR_0301,Firozpur,31.00719,74.545422,wheat,2023-10-15,2.6
FIR_0302,Firozpur,30.877346,74.522932,wheat,2023-10-22,5.75
FIR_0303,Firozpur,30.919268,74.641261,wheat,2023-11-02,3.86
FIR_0304,Firozpur,30.93949,74.73194,wheat,2023-10-20,2.77
FIR_0305,Firozpur,31.002977,74.556171,wheat,2023-11-19,5.6
FIR_0306,Firozpur,30.95902,74.670124,wheat,2023-11-10,5.32
FIR_0307,Firozpur,31.043119,74.529317,wheat,2023-10-22,3.53
FIR_0308,Firozpur,31.062745,74.608243,wheat,2023-10-24,2.32
FIR_0309,Firozpur,30.934433,74.489031,wheat,2023-10-20,1.32
FIR_0310,Firozpur,30.791816,74.673219,wheat,2023-10-23,2.29
FIR_0311,Firozpur,30.83119,74.614428,wheat,2023-11-17,2.66
FIR_0312,Firozpur,30.872349,74.472115,wheat,2023-10-29,4.29
FIR_0313,Firozpur,30.814993,74.53236,wheat,2023-11-28,2.32
FIR_0314,Firozpur,30.828855,74.568147,wheat,2023-10-23,1.84
FIR_0315,Firozpur,30.80114,74.714758,wheat,2023-10-27,1.02
FIR_0316,Firozpur,30.930027,74.505517,wheat,2023-10-29,4.75
FIR_0317,Firozpur,30.801242,74.601098,wheat,2023-11-27,1.37
FIR_0318,Firozpur,30.840383,74.63913,wheat,2023-11-27,5.89
FIR_0319,Firozpur,30.892034,74.652621,wheat,2023-10-27,4.03
FIR_0320,Firozpur,30.854745,74.642721,wheat,2023-10-22,0.99
FIR_0321,Firozpur,30.930991,74.537473,wheat,2023-10-24,4.61
FIR_0322,Firozpur,31.02148,74.748871,wheat,2023-11-15,3.03
FIR_0323,Firozpur,30.971766,74.476159,wheat,2023-10-18,3.89
FIR_0324,Firozpur,30.901977,74.592608,wheat,2023-11-25,4.67
FIR_0325,Firozpur,31.017372,74.697213,wheat,2023-11-15,2.54
FIR_0326,Firozpur,31.048751,74.648576,wheat,2023-11-07,3.49
FIR_0327,Firozpur,30.951529,74.647363,wheat,2023-11-25,3.54
FIR_0328,Firozpur,31.029099,74.71172,wheat,2023-11-16,2.93
FIR_0329,Firozpur,30.83119,74.632464,wheat,2023-11-24,3.38
FIR_0330,Firozpur,31.033362,74.497046,wheat,2023-11-12,2.08
FIR_0331,Firozpur,31.026421,74.734036,wheat,2023-11-02,1.56
FIR_0332,Firozpur,30.901692,74.598727,wheat,2023-11-03,3.36
FIR_0333,Firozpur,30.860819,74.558536,wheat,2023-10-28,3.92
FIR_0334,Firozpur,30.969389,74.57664,wheat,2023-11-14,2.35
FIR_0335,Firozpur,30.882431,74.737329,wheat,2023-11-25,3.83
FIR_0336,Firozpur,30.930396,74.716342,wheat,2023-11-02,2.53
FIR_0337,Firozpur,30.90556,74.706982,wheat,2023-10-28,3.77
FIR_0338,Firozpur,30.895974,74.747022,wheat,2023-10-22,4.47
FIR_0339,Firozpur,30.786956,74.706053,wheat,2023-11-07,3.59
FIR_0340,Firozpur,30.850116,74.512809,wheat,2023-11-16,3.96
FIR_0341,Firozpur,30.907183,74.712254,wheat,2023-11-15,4.01
FIR_0342,Firozpur,30.853676,74.649169,wheat,2023-10-27,0.77
FIR_0343,Firozpur,30.893678,74.519352,wheat,2023-10-29,2.24
FIR_0344,Firozpur,31.000029,74.503086,wheat,2023-11-11,3.56
FIR_0345,Firozpur,30.95023,74.477189,wheat,2023-10-25,2.2
FIR_0346,Firozpur,30.954541,74.740536,wheat,2023-10-16,1.0
FIR_0347,Firozpur,30.980886,74.664961,wheat,2023-10-31,3.34
FIR_0348,Firozpur,31.054711,74.611497,wheat,2023-11-14,5.11
FIR_0349,Firozpur,30.857506,74.696766,wheat,2023-10-25,5.51
FIR_0350,Firozpur,30.86914,74.707924,wheat,2023-11-29,1.02
FIR_0351,Firozpur,30.973758,74.566801,wheat,2023-11-14,2.77
FIR_0352,Firozpur,30.786529,74.535757,wheat,2023-11-14,0.73
FIR_0353,Firozpur,30.903636,74.70622,wheat,2023-10-31,4.84
FIR_0354,Firozpur,31.010016,74.575143,wheat,2023-11-17,3.28
FIR_0355,Firozpur,30.926366,74.502698,wheat,2023-11-25,4.46
FIR_0356,Firozpur,30.955071,74.67987,wheat,2023-11-11,1.15
FIR_0357,Firozpur,30.997195,74.529279,wheat,2023-10-31,1.85
FIR_0358,Firozpur,30.921758,74.607435,wheat,2023-11-24,1.98
FIR_0359,Firozpur,30.885279,74.522967,wheat,2023-10-15,5.52
FIR_0360,Firozpur,30.87265,74.613258,wheat,2023-11-10,5.24
FIR_0361,Firozpur,30.9107,74.703753,wheat,2023-10-21,2.92
FIR_0362,Firozpur,30.828027,74.505994,wheat,2023-11-04,3.86
FIR_0363,Firozpur,31.015653,74.508914,wheat,2023-11-21,2.47
FIR_0364,Firozpur,30.903072,74.721447,wheat,2023-11-25,5.43
FIR_0365,Firozpur,30.93096,74.548494,wheat,2023-11-10,1.99
FIR_0366,Firozpur,31.002576,74.561885,wheat,2023-10-22,4.32
FIR_0367,Firozpur,30.838656,74.604981,wheat,2023-11-15,3.27
FIR_0368,Firozpur,30.943585,74.748462,wheat,2023-10-31,5.45
FIR_0369,Firozpur,30.978843,74.514048,wheat,2023-11-10,5.41
FIR_0370,Firozpur,31.032277,74.605125,wheat,2023-11-26,1.44
FIR_0371,Firozpur,30.995233,74.579784,wheat,2023-11-05,2.65
FIR_0372,Firozpur,30.94054,74.564385,wheat,2023-10-30,4.29
FIR_0373,Firozpur,30.965363,74.613482,wheat,2023-11-27,5.65
FIR_0374,Firozpur,30.899275,74.596847,wheat,2023-10-17,3.01
FIR_0375,Firozpur,30.886208,74.659885,wheat,2023-11-02,5.3
FIR_0376,Firozpur,30.812683,74.75092,wheat,2023-10-15,3.95
FIR_0377,Firozpur,30.802549,74.628482,wheat,2023-11-09,5.74
FIR_0378,Firozpur,30.995532,74.612964,wheat,2023-10-30,2.86
FIR_0379,Firozpur,31.062843,74.657868,wheat,2023-10-15,2.69
FIR_0380,Firozpur,30.874883,74.668517,wheat,2023-11-07,3.73
FIR_0381,Firozpur,31.021492,74.625997,wheat,2023-10-17,3.13
FIR_0382,Firozpur,30.997534,74.587198,wheat,2023-11-10,5.19
FIR_0383,Firozpur,30.875573,74.664935,wheat,2023-11-25,4.73
FIR_0384,Firozpur,30.87993,74.668775,wheat,2023-11-25,1.64
FIR_0385,Firozpur,30.800286,74.692587,wheat,2023-11-20,0.63
FIR_0386,Firozpur,31.049383,74.595852,wheat,2023-11-21,5.48
FIR_0387,Firozpur,31.004689,74.723183,wheat,2023-11-07,5.86
FIR_0388,Firozpur,30.960148,74.534632,wheat,2023-11-22,2.64
FIR_0389,Firozpur,30.994526,74.514951,wheat,2023-10-29,1.63
FIR_0390,Firozpur,31.029273,74.606443,wheat,2023-11-26,5.12
FIR_0391,Firozpur,31.052323,74.589201,wheat,2023-11-06,1.75
FIR_0392,Firozpur,31.00822,74.700579,wheat,2023-11-16,2.12
FIR_0393,Firozpur,30.790759,74.591737,wheat,2023-11-24,5.0
FIR_0394,Firozpur,30.857107,74.735234,wheat,2023-10-22,5.84
FIR_0395,Firozpur,31.038474,74.638892,wheat,2023-10-22,4.94
FIR_0396,Firozpur,30.980447,74.744607,wheat,2023-10-27,2.57
FIR_0397,Firozpur,30.800455,74.750548,wheat,2023-11-21,1.72
FIR_0398,Firozpur,30.987176,74.471193,wheat,2023-11-22,3.57
FIR_0399,Firozpur,30.885595,74.577773,wheat,2023-11-17,2.01
FIR_0400,Firozpur,30.911307,74.540481,wheat,2023-10-26,3.07
FIR_0401,Firozpur,30.945657,74.670111,wheat,2023-10-29,1.83
FIR_0402,Firozpur,30.794973,74.704151,wheat,2023-11-15,5.3
FIR_0403,Firozpur,31.058089,74.739719,wheat,2023-11-02,5.42
FIR_0404,Firozpur,30.909442,74.691454,wheat,2023-11-13,5.75
FIR_0405,Firozpur,31.006958,74.587414,wheat,2023-11-26,2.1
FIR_0406,Firozpur,30.886778,74.700761,wheat,2023-11-01,4.36
FIR_0407,Firozpur,30.853966,74.67023,wheat,2023-11-25,3.57
FIR_0408,Firozpur,30.887703,74.617056,wheat,2023-11-01,4.51
FIR_0409,Firozpur,30.988717,74.681891,wheat,2023-10-19,4.3
FIR_0410,Firozpur,30.850839,74.60468,wheat,2023-11-01,3.71
FIR_0411,Firozpur,30.976215,74.726359,wheat,2023-11-20,5.15
FIR_0412,Firozpur,30.871115,74.625535,wheat,2023-10-29,5.05
FIR_0413,Firozpur,30.986482,74.712604,wheat,2023-11-29,2.02
FIR_0414,Firozpur,31.062022,74.73336,wheat,2023-11-21,2.87
FIR_0415,Firozpur,30.797219,74.555979,wheat,2023-11-01,5.73
FIR_0416,Firozpur,31.016868,74.582088,wheat,2023-11-22,0.81
FIR_0417,Firozpur,30.928923,74.576387,wheat,2023-10-26,1.08
FIR_0418,Firozpur,30.82685,74.528631,wheat,2023-10-20,4.65
FIR_0419,Firozpur,30.890877,74.593343,wheat,2023-10-28,5.78
FIR_0420,Firozpur,30.995811,74.6518,wheat,2023-11-11,4.59
FIR_0421,Firozpur,30.985402,74.66427,wheat,2023-11-18,3.62
FIR_0422,Firozpur,30.913218,74.581588,wheat,2023-11-06,1.99
FIR_0423,Firozpur,30.88346,74.590988,wheat,2023-11-01,3.25
FIR_0424,Firozpur,30.814226,74.566193,wheat,2023-11-10,2.57
FIR_0425,Firozpur,30.981939,74.56421,wheat,2023-11-18,0.96
FIR_0426,Firozpur,30.92316,74.523779,wheat,2023-10-15,3.22
FIR_0427,Firozpur,30.944778,74.732363,wheat,2023-11-29,0.67
FIR_0428,Firozpur,30.890605,74.693168,wheat,2023-11-14,1.93
FIR_0429,Firozpur,31.042992,74.619123,wheat,2023-11-28,1.83
FIR_0430,Firozpur,31.037764,74.748609,wheat,2023-10-19,5.25
FIR_0431,Firozpur,30.873789,74.686269,wheat,2023-11-07,2.61
FIR_0432,Firozpur,30.979207,74.742292,wheat,2023-10-25,2.92
FIR_0433,Firozpur,30.922834,74.532647,wheat,2023-10-20,0.85
FIR_0434,Firozpur,31.024404,74.477534,wheat,2023-11-02,4.26
FIR_0435,Firozpur,30.860502,74.604311,wheat,2023-10-21,2.7
FIR_0436,Firozpur,30.937098,74.65045,wheat,2023-10-27,5.67
FIR_0437,Firozpur,30.877016,74.63476,wheat,2023-10-30,2.1
FIR_0438,Firozpur,31.026214,74.739115,wheat,2023-11-25,5.16
FIR_0439,Firozpur,30.943561,74.673192,wheat,2023-11-13,3.78
FIR_0440,Firozpur,31.056853,74.541314,wheat,2023-11-06,4.86
FIR_0441,Firozpur,30.925745,74.520525,wheat,2023-11-27,4.86
FIR_0442,Firozpur,30.943252,74.705481,wheat,2023-11-13,2.51
FIR_0443,Firozpur,31.039855,74.65253,wheat,2023-10-17,2.0
FIR_0444,Firozpur,30.908916,74.725693,wheat,2023-11-20,0.78
FIR_0445,Firozpur,30.897115,74.689489,wheat,2023-11-11,5.18
FIR_0446,Firozpur,30.991029,74.736186,wheat,2023-11-18,3.24
FIR_0447,Firozpur,30.958801,74.708358,wheat,2023-11-08,1.06
FIR_0448,Firozpur,30.886759,74.625725,wheat,2023-11-16,4.65
FIR_0449,Firozpur,30.936199,74.688714,wheat,2023-10-25,1.96
FIR_0450,Firozpur,30.956507,74.626991,wheat,2023-11-22,1.75
FIR_0451,Firozpur,30.921166,74.624599,wheat,2023-11-17,3.04
FIR_0452,Firozpur,30.806656,74.607443,wheat,2023-11-21,5.11
FIR_0453,Firozpur,30.943952,74.560282,wheat,2023-10-22,1.36
FIR_0454,Firozpur,30.875526,74.593398,wheat,2023-11-26,4.56
FIR_0455,Firozpur,31.018009,74.487397,wheat,2023-10-21,4.46
FIR_0456,Firozpur,31.034503,74.723124,wheat,2023-11-20,4.78
FIR_0457,Firozpur,30.837257,74.558884,wheat,2023-10-22,3.79
FIR_0458,Firozpur,30.934853,74.727399,wheat,2023-11-27,5.31
FIR_0459,Firozpur,30.987699,74.718031,wheat,2023-10-23,4.67
FIR_0460,Firozpur,31.054379,74.484714,wheat,2023-10-20,1.73
FIR_0461,Firozpur,31.006311,74.616613,wheat,2023-11-29,1.97
FIR_0462,Firozpur,30.874737,74.560898,wheat,2023-10-18,5.33
FIR_0463,Firozpur,30.96937,74.676777,wheat,2023-11-29,2.85
FIR_0464,Firozpur,30.87299,74.709539,wheat,2023-10-15,5.75
FIR_0465,Firozpur,30.902535,74.743457,wheat,2023-11-19,2.29
FIR_0466,Firozpur,31.000981,74.571828,wheat,2023-10-15,5.57
FIR_0467,Firozpur,30.84517,74.693787,wheat,2023-11-11,1.58
FIR_0468,Firozpur,30.90881,74.735583,wheat,2023-10-24,3.72
FIR_0469,Firozpur,30.961809,74.473725,wheat,2023-10-31,0.87
FIR_0470,Firozpur,31.0135,74.537319,wheat,2023-10-17,2.31
FIR_0471,Firozpur,30.954787,74.634507,wheat,2023-10-19,0.52
FIR_0472,Firozpur,30.909889,74.677887,wheat,2023-11-02,1.79
FIR_0473,Firozpur,30.98234,74.475243,wheat,2023-10-17,5.73
FIR_0474,Firozpur,30.784689,74.599189,wheat,2023-11-25,2.78
FIR_0475,Firozpur,31.019727,74.622402,wheat,2023-10-27,1.61
FIR_0476,Firozpur,30.805578,74.664853,wheat,2023-11-12,3.91
FIR_0477,Firozpur,31.017052,74.707511,wheat,2023-10-30,3.46
FIR_0478,Firozpur,31.039922,74.695354,wheat,2023-11-13,5.35
FIR_0479,Firozpur,31.062835,74.583982,wheat,2023-11-25,4.28
FIR_0480,Firozpur,30.83276,74.649234,wheat,2023-11-16,2.85
FIR_0481,Firozpur,30.910178,74.521439,wheat,2023-11-16,4.34
FIR_0482,Firozpur,30.933041,74.514881,wheat,2023-11-18,3.56
FIR_0483,Firozpur,30.812037,74.566024,wheat,2023-10-24,5.36
FIR_0484,Firozpur,30.900357,74.638572,wheat,2023-11-01,5.31
FIR_0485,Firozpur,30.903213,74.718437,wheat,2023-11-05,2.51
FIR_0486,Firozpur,30.810524,74.62806,wheat,2023-10-21,5.77
FIR_0487,Firozpur,30.967947,74.646301,wheat,2023-11-10,5.62
FIR_0488,Firozpur,30.91603,74.545761,wheat,2023-10-27,5.93
FIR_0489,Firozpur,30.902475,74.57502,wheat,2023-11-15,1.48
FIR_0490,Firozpur,31.010574,74.606155,wheat,2023-10-16,5.75
FIR_0491,Firozpur,30.807488,74.643464,wheat,2023-10-30,3.92
FIR_0492,Firozpur,30.932366,74.632924,wheat,2023-11-17,4.29
FIR_0493,Firozpur,31.025714,74.565177,wheat,2023-11-28,4.0
FIR_0494,Firozpur,30.87198,74.521059,wheat,2023-11-05,5.81
FIR_0495,Firozpur,30.838524,74.536165,wheat,2023-10-17,0.93
FIR_0496,Firozpur,30.793533,74.488924,wheat,2023-11-12,1.18
FIR_0497,Firozpur,30.904175,74.703193,wheat,2023-11-29,2.85
FIR_0498,Firozpur,30.95207,74.5556,wheat,2023-10-30,2.88
FIR_0499,Firozpur,30.892167,74.566727,wheat,2023-11-26,0.56
FIR_0500,Firozpur,31.032153,74.744657,wheat,2023-11-01,5.24
FIR_0501,Firozpur,30.785608,74.681248,wheat,2023-11-11,1.02
FIR_0502,Firozpur,31.045201,74.688341,wheat,2023-11-10,1.3
FIR_0503,Firozpur,31.053932,74.506336,wheat,2023-10-30,1.37
FIR_0504,Firozpur,30.826053,74.741986,wheat,2023-11-04,3.65
FIR_0505,Firozpur,30.856569,74.688392,wheat,2023-10-15,5.55
FIR_0506,Firozpur,31.045236,74.724563,wheat,2023-11-24,4.01
FIR_0507,Firozpur,30.879891,74.730159,wheat,2023-11-13,1.43
FIR_0508,Firozpur,30.905472,74.550426,wheat,2023-10-20,3.89
FIR_0509,Firozpur,31.037485,74.608489,wheat,2023-11-27,2.83
FIR_0510,Firozpur,30.982119,74.499193,wheat,2023-11-09,0.77
FIR_0511,Firozpur,30.963575,74.620766,wheat,2023-11-02,2.34
FIR_0512,Firozpur,30.798506,74.661556,wheat,2023-11-02,2.82
FIR_0513,Firozpur,30.908675,74.721165,wheat,2023-11-14,1.71
FIR_0514,Firozpur,30.968007,74.508031,wheat,2023-11-17,1.57
FIR_0515,Firozpur,30.983962,74.506249,wheat,2023-11-15,5.44
FIR_0516,Firozpur,30.990728,74.731249,wheat,2023-10-27,5.35
FIR_0517,Firozpur,30.871522,74.648066,wheat,2023-11-14,4.33
FIR_0518,Firozpur,30.881568,74.471369,wheat,2023-11-01,1.02
FIR_0519,Firozpur,30.999883,74.494521,wheat,2023-11-29,5.22
FIR_0520,Firozpur,30.991508,74.586763,wheat,2023-11-11,1.65
FIR_0521,Firozpur,31.04231,74.629592,wheat,2023-11-15,5.68
FIR_0522,Firozpur,30.844205,74.594839,wheat,2023-11-02,1.1
FIR_0523,Firozpur,30.818966,74.582607,wheat,2023-10-27,2.36
FIR_0524,Firozpur,30.977087,74.696453,wheat,2023-11-16,5.33
FIR_0525,Firozpur,30.796521,74.687645,wheat,2023-11-21,4.34
FIR_0526,Firozpur,30.888065,74.669182,wheat,2023-10-21,1.68
FIR_0527,Firozpur,30.964597,74.506144,wheat,2023-11-22,3.88
FIR_0528,Firozpur,30.878296,74.668058,wheat,2023-10-22,4.27
FIR_0529,Firozpur,30.958058,74.675551,wheat,2023-11-20,5.51
FIR_0530,Firozpur,30.806544,74.631034,wheat,2023-11-20,4.62
FIR_0531,Firozpur,30.844744,74.544814,wheat,2023-10-20,3.65
FIR_0532,Firozpur,30.886528,74.657507,wheat,2023-10-27,3.86
FIR_0533,Firozpur,30.967991,74.541649,wheat,2023-10-17,4.15
FIR_0534,Firozpur,30.820582,74.527048,wheat,2023-11-19,2.16
FIR_0535,Firozpur,31.046092,74.562378,wheat,2023-11-26,1.28
FIR_0536,Firozpur,30.793008,74.583795,wheat,2023-10-15,4.88
FIR_0537,Firozpur,30.910122,74.705918,wheat,2023-11-22,3.08
FIR_0538,Firozpur,31.004381,74.659922,wheat,2023-10-17,5.19
FIR_0539,Firozpur,30.860674,74.611238,wheat,2023-10-30,1.43
FIR_0540,Firozpur,31.012426,74.558212,wheat,2023-11-15,1.01
FIR_0541,Firozpur,30.998396,74.668405,wheat,2023-11-06,5.41
FIR_0542,Firozpur,30.861987,74.650582,wheat,2023-11-24,6.0
FIR_0543,Firozpur,30.852266,74.603405,wheat,2023-10-17,1.07
FIR_0544,Firozpur,31.04391,74.607684,wheat,2023-11-25,5.41
FIR_0545,Firozpur,30.957984,74.659002,wheat,2023-11-14,0.87
FIR_0546,Firozpur,30.959775,74.729702,wheat,2023-11-19,5.76
FIR_0547,Firozpur,31.05513,74.651833,wheat,2023-11-15,3.54
FIR_0548,Firozpur,30.954115,74.642393,wheat,2023-11-13,0.73
FIR_0549,Firozpur,30.808884,74.644437,wheat,2023-11-24,2.16
FIR_0550,Firozpur,30.838163,74.6953,wheat,2023-10-29,5.8
FIR_0551,Firozpur,30.959772,74.735718,wheat,2023-11-14,1.7
FIR_0552,Firozpur,30.826987,74.530244,wheat,2023-11-24,1.03
FIR_0553,Firozpur,30.947206,74.550142,wheat,2023-11-26,3.87
FIR_0554,Firozpur,30.884691,74.746699,wheat,2023-11-25,5.74
FIR_0555,Firozpur,31.002012,74.692671,wheat,2023-10-26,3.8
FIR_0556,Firozpur,31.030406,74.489152,wheat,2023-11-28,3.55
FIR_0557,Firozpur,30.924705,74.481563,wheat,2023-10-28,0.62
FIR_0558,Firozpur,30.866324,74.485983,wheat,2023-10-18,2.83
FIR_0559,Firozpur,31.011569,74.642872,wheat,2023-11-15,0.67
FIR_0560,Firozpur,31.019067,74.511933,wheat,2023-11-14,2.16
FIR_0561,Firozpur,30.928702,74.731398,wheat,2023-11-15,4.8
FIR_0562,Firozpur,30.988208,74.618751,wheat,2023-11-29,4.16
FIR_0563,Firozpur,30.824439,74.546375,wheat,2023-11-28,5.89
FIR_0564,Firozpur,30.874432,74.538494,wheat,2023-11-29,1.76
FIR_0565,Firozpur,30.919762,74.533655,wheat,2023-11-01,0.91
FIR_0566,Firozpur,30.81303,74.548542,wheat,2023-11-13,4.78
FIR_0567,Firozpur,30.874521,74.602829,wheat,2023-11-04,4.84
FIR_0568,Firozpur,30.869991,74.675671,wheat,2023-11-14,2.07
FIR_0569,Firozpur,30.964451,74.597246,wheat,2023-11-15,5.9
FIR_0570,Firozpur,31.000754,74.72733,wheat,2023-11-26,1.25
FIR_0571,Firozpur,30.96725,74.526543,wheat,2023-11-24,3.38
FIR_0572,Firozpur,30.991756,74.673018,wheat,2023-10-27,5.28
FIR_0573,Firozpur,30.940597,74.730376,wheat,2023-11-28,5.17
FIR_0574,Firozpur,30.848266,74.619805,wheat,2023-11-24,4.55
FIR_0575,Firozpur,31.057309,74.474261,wheat,2023-10-30,2.38
FIR_0576,Firozpur,30.86479,74.699879,wheat,2023-10-30,0.75
FIR_0577,Firozpur,30.884642,74.670272,wheat,2023-11-09,1.29
FIR_0578,Firozpur,30.955039,74.617331,wheat,2023-11-02,5.9
FIR_0579,Firozpur,30.993587,74.747129,wheat,2023-10-20,4.69
FIR_0580,Firozpur,30.938459,74.670503,wheat,2023-10-23,3.07
FIR_0581,Firozpur,30.843469,74.483806,wheat,2023-11-22,4.98
FIR_0582,Firozpur,30.829511,74.651651,wheat,2023-11-22,4.56
FIR_0583,Firozpur,30.940135,74.559824,wheat,2023-11-03,4.03
FIR_0584,Firozpur,30.985661,74.653592,wheat,2023-11-24,4.47
FIR_0585,Firozpur,30.824619,74.729326,wheat,2023-10-18,5.1
FIR_0586,Firozpur,31.034148,74.653343,wheat,2023-10-28,3.79
FIR_0587,Firozpur,30.814533,74.593142,wheat,2023-11-22,0.95
FIR_0588,Firozpur,30.815209,74.749175,wheat,2023-11-12,2.33
FIR_0589,Firozpur,30.881925,74.541428,wheat,2023-11-09,3.1
FIR_0590,Firozpur,31.005321,74.614499,wheat,2023-11-13,0.58
FIR_0591,Firozpur,30.919152,74.486452,wheat,2023-11-27,1.13
FIR_0592,Firozpur,30.844747,74.59979,wheat,2023-11-22,1.57
FIR_0593,Firozpur,30.934982,74.599996,wheat,2023-11-11,0.99
FIR_0594,Firozpur,30.945485,74.672712,wheat,2023-11-27,1.2
FIR_0595,Firozpur,30.962209,74.712987,wheat,2023-10-28,5.64
FIR_0596,Firozpur,30.985764,74.581316,wheat,2023-11-20,5.56
FIR_0597,Firozpur,30.8471,74.634437,wheat,2023-10-19,5.3
FIR_0598,Firozpur,31.040632,74.494793,wheat,2023-11-19,4.49
FIR_0599,Firozpur,30.841149,74.689153,wheat,2023-10-28,1.5
FIR_0600,Firozpur,31.017192,74.600301,wheat,2023-11-16,3.49
MOG_0001,Moga,30.948993,75.215855,rice,2023-11-07,0.59
MOG_0002,Moga,30.73278,75.039438,rice,2023-11-11,2.33
MOG_0003,Moga,30.773462,75.180492,rice,2023-11-13,1.49
MOG_0004,Moga,30.845463,75.288753,rice,2023-11-15,1.52
MOG_0005,Moga,30.861545,75.044765,rice,2023-11-12,4.58
MOG_0006,Moga,30.686532,75.125426,rice,2023-11-08,5.33
MOG_0007,Moga,30.740134,75.234405,rice,2023-11-24,1.4
MOG_0008,Moga,30.884678,75.180983,rice,2023-11-12,1.12
MOG_0009,Moga,30.942824,75.169749,rice,2023-10-31,1.7
MOG_0010,Moga,30.715411,75.239566,rice,2023-11-18,4.21
MOG_0011,Moga,30.75375,75.240959,rice,2023-11-21,2.42
MOG_0012,Moga,30.89733,75.204699,rice,2023-11-07,3.29
MOG_0013,Moga,30.89347,75.184552,rice,2023-11-12,5.0
MOG_0014,Moga,30.777293,75.162177,rice,2023-11-27,5.77
MOG_0015,Moga,30.927657,75.085532,rice,2023-10-21,2.5
MOG_0016,Moga,30.923358,75.291677,rice,2023-10-27,4.91
MOG_0017,Moga,30.754198,75.280378,rice,2023-11-10,2.83
MOG_0018,Moga,30.782736,75.181867,rice,2023-10-16,3.58
MOG_0019,Moga,30.740113,75.089276,rice,2023-11-25,0.92
MOG_0020,Moga,30.81512,75.085661,rice,2023-11-20,2.26
MOG_0021,Moga,30.754642,75.230386,rice,2023-11-04,2.15
MOG_0022,Moga,30.909779,75.056023,rice,2023-11-04,4.71
MOG_0023,Moga,30.746528,75.289045,rice,2023-11-23,3.56
MOG_0024,Moga,30.851234,75.193644,rice,2023-10-15,4.98
MOG_0025,Moga,30.708406,75.148356,rice,2023-11-05,5.39
MOG_0026,Moga,30.816536,75.188231,rice,2023-11-23,4.7
MOG_0027,Moga,30.895291,75.280663,rice,2023-11-29,2.78
MOG_0028,Moga,30.858931,75.167306,rice,2023-11-22,1.15
MOG_0029,Moga,30.907071,75.200494,rice,2023-10-30,4.22
MOG_0030,Moga,30.756268,75.051394,rice,2023-10-17,3.84
MOG_0031,Moga,30.882018,75.17684,rice,2023-10-27,3.67
MOG_0032,Moga,30.678851,75.291394,rice,2023-10-15,1.97
MOG_0033,Moga,30.920882,75.035391,rice,2023-10-23,2.98
MOG_0034,Moga,30.88941,75.295917,rice,2023-10-19,3.37
MOG_0035,Moga,30.776529,75.044475,rice,2023-11-06,2.59
MOG_0036,Moga,30.931557,75.166417,rice,2023-11-10,4.71
MOG_0037,Moga,30.914499,75.059518,rice,2023-11-01,5.42
MOG_0038,Moga,30.795847,75.190243,rice,2023-11-04,5.3
MOG_0039,Moga,30.742126,75.282483,rice,2023-11-11,3.76
MOG_0040,Moga,30.768851,75.179593,rice,2023-11-02,0.77
MOG_0041,Moga,30.695273,75.148122,rice,2023-11-24,3.89
MOG_0042,Moga,30.687615,75.078947,rice,2023-10-30,1.65
MOG_0043,Moga,30.800338,75.101114,rice,2023-11-03,3.79
MOG_0044,Moga,30.885284,75.223875,rice,2023-10-21,2.02
MOG_0045,Moga,30.916245,75.20331,rice,2023-11-19,1.67
MOG_0046,Moga,30.74482,75.16493,rice,2023-11-12,1.81
MOG_0047,Moga,30.869662,75.118395,rice,2023-11-29,1.33
MOG_0048,Moga,30.712624,75.15513,rice,2023-10-21,0.52
MOG_0049,Moga,30.828864,75.115525,rice,2023-11-16,5.64
MOG_0050,Moga,30.920333,75.1934,rice,2023-11-09,2.8
MOG_0051,Moga,30.872542,75.290479,rice,2023-11-14,1.05
MOG_0052,Moga,30.891505,75.034934,rice,2023-11-06,4.71
MOG_0053,Moga,30.700777,75.061853,rice,2023-11-18,4.29
MOG_0054,Moga,30.834333,75.261764,rice,2023-11-19,5.18
MOG_0055,Moga,30.805103,75.310964,rice,2023-11-04,1.44
MOG_0056,Moga,30.913873,75.14836,rice,2023-10-31,5.31
MOG_0057,Moga,30.694127,75.063095,rice,2023-11-24,3.81
MOG_0058,Moga,30.909922,75.144745,rice,2023-10-16,1.0
MOG_0059,Moga,30.781571,75.129453,rice,2023-11-18,4.09
MOG_0060,Moga,30.705847,75.149649,rice,2023-11-13,4.03
MOG_0061,Moga,30.749481,75.145982,rice,2023-10-21,2.72
MOG_0062,Moga,30.685641,75.094332,rice,2023-11-12,4.77
MOG_0063,Moga,30.746581,75.260959,rice,2023-11-13,3.1
MOG_0064,Moga,30.892745,75.139322,rice,2023-11-05,1.81
MOG_0065,Moga,30.706409,75.220135,rice,2023-11-02,4.95
MOG_0066,Moga,30.805149,75.148147,rice,2023-11-05,2.14
MOG_0067,Moga,30.73284,75.264522,rice,2023-11-03,5.46
MOG_0068,Moga,30.684535,75.178231,rice,2023-10-19,0.82
MOG_0069,Moga,30.89529,75.091219,rice,2023-10-15,5.54
MOG_0070,Moga,30.858793,75.08193,rice,2023-11-10,4.88
MOG_0071,Moga,30.800614,75.035689,rice,2023-11-04,4.97
MOG_0072,Moga,30.797388,75.24436,rice,2023-11-06,4.38
MOG_0073,Moga,30.804935,75.122519,rice,2023-11-27,2.53
MOG_0074,Moga,30.724624,75.121842,rice,2023-11-17,5.32
MOG_0075,Moga,30.756349,75.097789,rice,2023-11-03,0.8
MOG_0076,Moga,30.950474,75.182298,rice,2023-10-21,4.51
MOG_0077,Moga,30.893433,75.130649,rice,2023-11-17,5.79
MOG_0078,Moga,30.884693,75.231285,rice,2023-11-20,2.88
MOG_0079,Moga,30.91257,75.056874,rice,2023-11-03,2.49
MOG_0080,Moga,30.835473,75.28203,rice,2023-11-18,3.83
MOG_0081,Moga,30.684163,75.234329,rice,2023-10-30,4.03
MOG_0082,Moga,30.918198,75.263083,rice,2023-11-26,5.24
MOG_0083,Moga,30.773348,75.164766,rice,2023-10-15,5.51
MOG_0084,Moga,30.718116,75.082829,rice,2023-11-23,2.41
MOG_0085,Moga,30.892683,75.276995,rice,2023-10-22,1.12
MOG_0086,Moga,30.76205,75.271966,rice,2023-11-10,2.41
MOG_0087,Moga,30.705786,75.116579,rice,2023-11-11,3.21
MOG_0088,Moga,30.72504,75.119537,rice,2023-11-21,5.74
MOG_0089,Moga,30.797948,75.155648,rice,2023-11-20,2.18
MOG_0090,Moga,30.905112,75.252136,rice,2023-10-22,2.9
MOG_0091,Moga,30.927223,75.138472,rice,2023-10-28,0.67
MOG_0092,Moga,30.774224,75.271419,rice,2023-11-23,5.46
MOG_0093,Moga,30.888799,75.219562,rice,2023-11-23,4.39
MOG_0094,Moga,30.748182,75.162546,rice,2023-11-21,4.13
MOG_0095,Moga,30.841585,75.279827,rice,2023-11-23,1.48
MOG_0096,Moga,30.737083,75.268896,rice,2023-11-05,0.55
MOG_0097,Moga,30.920357,75.047565,rice,2023-11-13,4.9
MOG_0098,Moga,30.791132,75.262257,rice,2023-11-02,1.05
MOG_0099,Moga,30.820232,75.195093,rice,2023-10-22,1.01
MOG_0100,Moga,30.771808,75.216617,rice,2023-11-24,5.89
MOG_0101,Moga,30.914517,75.269019,rice,2023-11-27,3.6
MOG_0102,Moga,30.917402,75.275495,rice,2023-11-07,4.91
MOG_0103,Moga,30.9062,75.278296,rice,2023-11-26,2.11
MOG_0104,Moga,30.950312,75.184537,rice,2023-10-20,1.47
MOG_0105,Moga,30.817856,75.21282,rice,2023-11-22,4.97
MOG_0106,Moga,30.690788,75.158987,rice,2023-11-22,0.61
MOG_0107,Moga,30.925684,75.080694,rice,2023-11-22,3.64
MOG_0108,Moga,30.852148,75.189757,rice,2023-11-12,4.44
MOG_0109,Moga,30.852311,75.057284,rice,2023-11-20,3.51
MOG_0110,Moga,30.768055,75.244893,rice,2023-10-31,2.25
MOG_0111,Moga,30.909032,75.073085,rice,2023-11-02,1.51
MOG_0112,Moga,30.824844,75.121747,rice,2023-11-19,4.01
MOG_0113,Moga,30.736567,75.254715,rice,2023-11-09,5.77
MOG_0114,Moga,30.876296,75.202071,rice,2023-11-10,5.06
MOG_0115,Moga,30.738511,75.209168,rice,2023-10-26,4.59
MOG_0116,Moga,30.683851,75.151759,rice,2023-11-01,4.08
MOG_0117,Moga,30.805979,75.098632,rice,2023-11-24,5.17
MOG_0118,Moga,30.734915,75.134808,rice,2023-11-05,5.95
MOG_0119,Moga,30.932589,75.041511,rice,2023-11-24,0.86
MOG_0120,Moga,30.935693,75.155633,rice,2023-11-08,2.8
MOG_0121,Moga,30.753425,75.191269,rice,2023-10-25,4.89
MOG_0122,Moga,30.814539,75.19061,rice,2023-10-21,5.12
MOG_0123,Moga,30.728842,75.081051,rice,2023-10-18,4.82
MOG_0124,Moga,30.693393,75.254648,rice,2023-11-03,3.25
MOG_0125,Moga,30.834294,75.190028,rice,2023-11-15,1.87
MOG_0126,Moga,30.888483,75.147435,rice,2023-10-17,3.58
MOG_0127,Moga,30.941563,75.044956,rice,2023-10-25,2.49
MOG_0128,Moga,30.706806,75.298222,rice,2023-11-04,5.79
MOG_0129,Moga,30.764217,75.297081,rice,2023-11-09,5.89
MOG_0130,Moga,30.911061,75.092012,rice,2023-10-16,3.8
MOG_0131,Moga,30.900524,75.121404,rice,2023-11-27,3.96
MOG_0132,Moga,30.718186,75.065099,rice,2023-10-31,1.87
MOG_0133,Moga,30.884553,75.134648,rice,2023-10-31,1.57
MOG_0134,Moga,30.73135,75.214126,rice,2023-11-07,1.1
MOG_0135,Moga,30.863995,75.144197,rice,2023-11-18,2.6
MOG_0136,Moga,30.913895,75.047556,rice,2023-11-14,5.41
MOG_0137,Moga,30.752225,75.043912,rice,2023-10-20,1.73
MOG_0138,Moga,30.805577,75.256648,rice,2023-11-09,4.85
MOG_0139,Moga,30.845108,75.305804,rice,2023-11-10,0.72
MOG_0140,Moga,30.906439,75.093962,rice,2023-11-05,1.47
MOG_0141,Moga,30.696603,75.123812,rice,2023-11-20,2.17
MOG_0142,Moga,30.843094,75.242432,rice,2023-10-30,5.66
MOG_0143,Moga,30.703334,75.074107,rice,2023-11-06,1.04
MOG_0144,Moga,30.780814,75.206875,rice,2023-11-11,4.79
MOG_0145,Moga,30.737928,75.219036,rice,2023-10-28,5.23
MOG_0146,Moga,30.764849,75.242026,rice,2023-11-13,4.64
MOG_0147,Moga,30.743974,75.205924,rice,2023-10-16,2.01
MOG_0148,Moga,30.803504,75.154018,rice,2023-11-15,4.75
MOG_0149,Moga,30.677194,75.172287,rice,2023-11-10,4.06
MOG_0150,Moga,30.867503,75.172315,rice,2023-10-23,3.48
MOG_0151,Moga,30.765216,75.11973,rice,2023-11-18,1.22
MOG_0152,Moga,30.893021,75.215404,rice,2023-11-18,5.36
MOG_0153,Moga,30.749841,75.17373,rice,2023-11-25,5.52
MOG_0154,Moga,30.86611,75.206405,rice,2023-10-16,4.53
MOG_0155,Moga,30.756612,75.201081,rice,2023-11-22,1.0
MOG_0156,Moga,30.945469,75.281728,rice,2023-11-20,5.8
MOG_0157,Moga,30.903338,75.114407,rice,2023-10-28,1.16
MOG_0158,Moga,30.888167,75.075019,rice,2023-11-10,5.27
MOG_0159,Moga,30.744356,75.076915,rice,2023-10-24,4.41
MOG_0160,Moga,30.729137,75.087347,rice,2023-10-18,1.43
MOG_0161,Moga,30.762623,75.295539,rice,2023-10-24,1.93
MOG_0162,Moga,30.724709,75.037292,rice,2023-11-06,2.51
MOG_0163,Moga,30.707817,75.039563,rice,2023-10-21,2.25
MOG_0164,Moga,30.887242,75.050756,rice,2023-10-19,4.23
MOG_0165,Moga,30.850752,75.278957,rice,2023-10-27,4.87
MOG_0166,Moga,30.919162,75.305416,rice,2023-10-23,4.95
MOG_0167,Moga,30.711655,75.297196,rice,2023-10-28,1.67
MOG_0168,Moga,30.723255,75.294196,rice,2023-11-21,1.36
MOG_0169,Moga,30.894589,75.145473,rice,2023-11-28,1.01
MOG_0170,Moga,30.880016,75.175335,rice,2023-11-17,5.45
MOG_0171,Moga,30.729752,75.06262,rice,2023-11-20,0.93
MOG_0172,Moga,30.951442,75.0664,rice,2023-10-24,1.6
MOG_0173,Moga,30.903712,75.101091,rice,2023-10-25,4.2
MOG_0174,Moga,30.788654,75.265934,rice,2023-10-25,4.01
MOG_0175,Moga,30.7577,75.199419,rice,2023-11-20,2.5
MOG_0176,Moga,30.883212,75.148433,rice,2023-11-23,3.49
MOG_0177,Moga,30.882436,75.048948,rice,2023-11-20,1.02
MOG_0178,Moga,30.880002,75.202186,rice,2023-11-04,2.3
MOG_0179,Moga,30.698359,75.291225,rice,2023-11-24,2.01
MOG_0180,Moga,30.705281,75.193659,rice,2023-10-29,1.96
MOG_0181,Moga,30.912999,75.223175,rice,2023-11-03,3.61
MOG_0182,Moga,30.741914,75.036303,rice,2023-10-15,3.91
MOG_0183,Moga,30.734376,75.283898,rice,2023-11-09,1.65
MOG_0184,Moga,30.951156,75.185004,rice,2023-11-10,1.41
MOG_0185,Moga,30.821828,75.300618,rice,2023-10-19,2.84
MOG_0186,Moga,30.806115,75.110429,rice,2023-11-03,1.39
MOG_0187,Moga,30.8391,75.282376,rice,2023-10-22,1.03
MOG_0188,Moga,30.789238,75.033483,rice,2023-11-17,2.19
MOG_0189,Moga,30.864425,75.113266,rice,2023-11-25,3.13
MOG_0190,Moga,30.864367,75.279482,rice,2023-11-22,4.26
MOG_0191,Moga,30.928251,75.258258,rice,2023-11-16,2.13
MOG_0192,Moga,30.76048,75.277093,rice,2023-11-10,0.8
MOG_0193,Moga,30.940602,75.123577,rice,2023-11-23,2.32
MOG_0194,Moga,30.943924,75.042213,rice,2023-11-17,2.44
MOG_0195,Moga,30.919889,75.108736,rice,2023-10-20,5.44
MOG_0196,Moga,30.909563,75.061616,rice,2023-10-27,3.69
MOG_0197,Moga,30.739551,75.092239,rice,2023-11-10,1.18
MOG_0198,Moga,30.808538,75.10363,rice,2023-11-12,5.2
MOG_0199,Moga,30.832258,75.09223,rice,2023-10-29,5.03
MOG_0200,Moga,30.751282,75.301094,rice,2023-11-26,1.97
MOG_0201,Moga,30.75894,75.14007,rice,2023-10-17,4.28
MOG_0202,Moga,30.833054,75.282449,rice,2023-10-22,1.82
MOG_0203,Moga,30.724665,75.132415,rice,2023-10-30,5.7
MOG_0204,Moga,30.877885,75.254934,rice,2023-10-21,4.61
MOG_0205,Moga,30.744989,75.071384,rice,2023-11-22,5.06
MOG_0206,Moga,30.769544,75.034678,rice,2023-11-03,4.13
MOG_0207,Moga,30.733018,75.183994,rice,2023-10-25,3.3
MOG_0208,Moga,30.78721,75.278515,rice,2023-10-15,4.47
MOG_0209,Moga,30.687088,75.253066,rice,2023-10-26,4.15
MOG_0210,Moga,30.937203,75.256911,rice,2023-11-20,1.7
MOG_0211,Moga,30.783833,75.129979,rice,2023-10-19,5.75
MOG_0212,Moga,30.849368,75.119623,rice,2023-11-07,5.68
MOG_0213,Moga,30.873076,75.106503,rice,2023-11-02,2.39
MOG_0214,Moga,30.821539,75.166182,rice,2023-11-25,5.58
MOG_0215,Moga,30.751386,75.125326,rice,2023-11-09,5.38
MOG_0216,Moga,30.709168,75.090767,rice,2023-11-14,5.71
MOG_0217,Moga,30.894643,75.1289,rice,2023-11-12,3.08
MOG_0218,Moga,30.865664,75.189092,rice,2023-10-31,4.77
MOG_0219,Moga,30.692167,75.261331,rice,2023-10-27,5.35
MOG_0220,Moga,30.689111,75.067793,rice,2023-10-17,1.49
MOG_0221,Moga,30.739454,75.144493,rice,2023-11-14,5.41
MOG_0222,Moga,30.823861,75.181097,rice,2023-11-14,2.26
MOG_0223,Moga,30.901191,75.062936,rice,2023-11-13,1.03
MOG_0224,Moga,30.736971,75.196247,rice,2023-10-28,1.19
MOG_0225,Moga,30.705173,75.263255,rice,2023-10-29,3.84
MOG_0226,Moga,30.775563,75.282983,rice,2023-10-20,4.39
MOG_0227,Moga,30.69364,75.282731,rice,2023-11-24,2.14
MOG_0228,Moga,30.865379,75.233033,rice,2023-11-03,2.17
MOG_0229,Moga,30.775464,75.075773,rice,2023-11-24,5.76
MOG_0230,Moga,30.793655,75.310938,rice,2023-11-11,1.47
MOG_0231,Moga,30.899908,75.29187,rice,2023-11-09,1.1
MOG_0232,Moga,30.768432,75.055986,rice,2023-11-15,3.81
MOG_0233,Moga,30.956482,75.136931,rice,2023-11-15,1.98
MOG_0234,Moga,30.836825,75.191309,rice,2023-10-22,1.76
MOG_0235,Moga,30.887197,75.056643,rice,2023-11-09,2.84
MOG_0236,Moga,30.712609,75.209628,rice,2023-11-12,4.2
MOG_0237,Moga,30.800206,75.255438,rice,2023-10-31,2.07
MOG_0238,Moga,30.944008,75.296332,rice,2023-11-07,1.03
MOG_0239,Moga,30.941903,75.249135,rice,2023-11-06,3.36
MOG_0240,Moga,30.686786,75.19688,rice,2023-10-19,5.63
MOG_0241,Moga,30.780099,75.174415,rice,2023-11-12,3.48
MOG_0242,Moga,30.901721,75.092272,rice,2023-10-25,3.54
MOG_0243,Moga,30.7763,75.241404,rice,2023-11-13,4.34
MOG_0244,Moga,30.782785,75.199798,rice,2023-11-16,4.08
MOG_0245,Moga,30.867628,75.193072,rice,2023-11-12,1.87
MOG_0246,Moga,30.692626,75.301501,rice,2023-11-23,0.83
MOG_0247,Moga,30.929828,75.20344,rice,2023-11-04,3.61
MOG_0248,Moga,30.906882,75.233961,rice,2023-11-26,3.39
MOG_0249,Moga,30.778731,75.032801,rice,2023-11-14,5.73
MOG_0250,Moga,30.754129,75.242519,rice,2023-10-26,3.3
MOG_0251,Moga,30.763384,75.309506,rice,2023-10-25,3.7
MOG_0252,Moga,30.806225,75.053427,rice,2023-10-17,1.68
MOG_0253,Moga,30.871388,75.062332,rice,2023-10-18,3.94
MOG_0254,Moga,30.70524,75.112308,rice,2023-11-20,1.25
MOG_0255,Moga,30.900328,75.181229,rice,2023-11-13,3.49
MOG_0256,Moga,30.812185,75.212061,rice,2023-10-15,0.69
MOG_0257,Moga,30.686919,75.129823,rice,2023-10-17,4.17
MOG_0258,Moga,30.754914,75.092499,rice,2023-11-15,4.26
MOG_0259,Moga,30.684592,75.187899,rice,2023-11-23,1.81
MOG_0260,Moga,30.822683,75.092807,rice,2023-11-03,3.6
MOG_0261,Moga,30.718713,75.145594,rice,2023-10-21,0.67
MOG_0262,Moga,30.848001,75.242088,rice,2023-11-07,5.76
MOG_0263,Moga,30.733875,75.090435,rice,2023-11-24,5.4
MOG_0264,Moga,30.79092,75.116502,rice,2023-10-29,4.58
MOG_0265,Moga,30.687637,75.185668,rice,2023-11-14,3.94
MOG_0266,Moga,30.881708,75.122997,rice,2023-11-04,4.0
MOG_0267,Moga,30.823812,75.069511,rice,2023-11-03,4.65
MOG_0268,Moga,30.935063,75.233713,rice,2023-11-24,1.85
MOG_0269,Moga,30.797547,75.140323,rice,2023-10-21,2.76
MOG_0270,Moga,30.773759,75.033099,rice,2023-10-16,5.16
MOG_0271,Moga,30.717285,75.172267,rice,2023-10-26,3.82
MOG_0272,Moga,30.724418,75.205099,rice,2023-11-20,4.67
MOG_0273,Moga,30.916334,75.121223,rice,2023-11-27,3.84
MOG_0274,Moga,30.740215,75.250651,rice,2023-10-16,4.24
MOG_0275,Moga,30.893492,75.302909,rice,2023-10-20,5.47
MOG_0276,Moga,30.85673,75.082888,rice,2023-11-10,4.9
MOG_0277,Moga,30.871236,75.305823,rice,2023-10-28,2.33
MOG_0278,Moga,30.907017,75.049609,rice,2023-10-26,3.98
MOG_0279,Moga,30.826933,75.07927,rice,2023-10-21,4.96
MOG_0280,Moga,30.681325,75.241116,rice,2023-10-22,4.53
MOG_0281,Moga,30.85891,75.146665,rice,2023-11-08,4.91
MOG_0282,Moga,30.712198,75.11062,rice,2023-10-16,5.71
MOG_0283,Moga,30.761521,75.103439,rice,2023-10-26,0.97
MOG_0284,Moga,30.721993,75.154729,rice,2023-11-28,4.83
MOG_0285,Moga,30.924621,75.243578,rice,2023-11-25,0.59
MOG_0286,Moga,30.850462,75.064577,rice,2023-11-28,5.51
MOG_0287,Moga,30.938886,75.116848,rice,2023-10-25,3.97
MOG_0288,Moga,30.705137,75.200775,rice,2023-11-22,5.87
MOG_0289,Moga,30.763266,75.032319,rice,2023-11-11,2.78
MOG_0290,Moga,30.797661,75.231531,rice,2023-11-28,3.82
MOG_0291,Moga,30.761556,75.059994,rice,2023-10-20,3.16
MOG_0292,Moga,30.865293,75.272941,rice,2023-11-22,0.6
MOG_0293,Moga,30.917628,75.242503,rice,2023-10-30,1.78
MOG_0294,Moga,30.767278,75.217214,rice,2023-11-27,5.59
MOG_0295,Moga,30.954947,75.148687,rice,2023-10-26,1.44
MOG_0296,Moga,30.871313,75.266464,rice,2023-11-08,4.89
MOG_0297,Moga,30.773836,75.301714,rice,2023-11-07,3.22
MOG_0298,Moga,30.832287,75.182224,rice,2023-10-20,4.67
MOG_0299,Moga,30.84769,75.053596,rice,2023-11-13,3.43
MOG_0300,Moga,30.871473,75.175969,rice,2023-10-23,2.46
MOG_0301,Moga,30.691318,75.252047,rice,2023-10-20,3.46
MOG_0302,Moga,30.808308,75.106297,rice,2023-11-06,2.02
MOG_0303,Moga,30.69478,75.230128,rice,2023-11-19,2.14
MOG_0304,Moga,30.95518,75.140028,rice,2023-10-27,3.31
MOG_0305,Moga,30.785212,75.113254,rice,2023-11-03,5.2
MOG_0306,Moga,30.809483,75.233569,rice,2023-10-15,5.77
MOG_0307,Moga,30.677793,75.221011,rice,2023-11-20,3.02
MOG_0308,Moga,30.914099,75.052019,rice,2023-10-20,5.94
MOG_0309,Moga,30.839634,75.142598,rice,2023-11-09,3.73
MOG_0310,Moga,30.815569,75.092289,rice,2023-10-15,3.2
MOG_0311,Moga,30.680581,75.311854,rice,2023-10-30,3.14
MOG_0312,Moga,30.896738,75.231578,rice,2023-10-30,5.39
MOG_0313,Moga,30.940571,75.08497,rice,2023-11-25,4.28
MOG_0314,Moga,30.689607,75.232745,rice,2023-11-01,0.53
MOG_0315,Moga,30.932945,75.233087,rice,2023-11-13,2.86
MOG_0316,Moga,30.953647,75.238223,rice,2023-11-10,4.94
MOG_0317,Moga,30.908108,75.038125,rice,2023-11-04,1.59
MOG_0318,Moga,30.860461,75.206706,rice,2023-10-17,2.29
MOG_0319,Moga,30.94944,75.05807,rice,2023-11-04,3.14
MOG_0320,Moga,30.794274,75.039158,rice,2023-11-19,4.5
MOG_0321,Moga,30.893041,75.121308,rice,2023-11-04,3.84
MOG_0322,Moga,30.779941,75.204363,rice,2023-11-07,2.89
MOG_0323,Moga,30.92286,75.233184,rice,2023-11-21,4.9
MOG_0324,Moga,30.771502,75.293959,rice,2023-10-20,3.82
MOG_0325,Moga,30.684722,75.237622,rice,2023-10-23,5.32
MOG_0326,Moga,30.942532,75.226672,rice,2023-10-21,3.43
MOG_0327,Moga,30.845578,75.152079,rice,2023-10-27,5.61
MOG_0328,Moga,30.769172,75.119597,rice,2023-10-18,1.55
MOG_0329,Moga,30.954874,75.295918,rice,2023-11-15,1.93
MOG_0330,Moga,30.902503,75.150331,rice,2023-10-31,5.82
MOG_0331,Moga,30.929341,75.244646,rice,2023-10-22,4.36
MOG_0332,Moga,30.953431,75.136522,rice,2023-10-19,5.35
MOG_0333,Moga,30.79128,75.303971,rice,2023-11-26,1.03
MOG_0334,Moga,30.811133,75.045924,rice,2023-11-14,2.67
MOG_0335,Moga,30.933307,75.097017,rice,2023-11-06,1.05
MOG_0336,Moga,30.863147,75.302392,rice,2023-11-27,4.1
MOG_0337,Moga,30.928721,75.309489,rice,2023-11-27,4.8
MOG_0338,Moga,30.685956,75.151647,rice,2023-11-13,2.09
MOG_0339,Moga,30.907772,75.221722,rice,2023-10-29,5.62
MOG_0340,Moga,30.701883,75.299076,rice,2023-11-12,1.05
MOG_0341,Moga,30.774165,75.208477,rice,2023-11-28,4.25
MOG_0342,Moga,30.894117,75.263982,rice,2023-10-30,1.49
MOG_0343,Moga,30.727981,75.046648,rice,2023-10-28,1.26
MOG_0344,Moga,30.766207,75.267322,rice,2023-11-06,5.72
MOG_0345,Moga,30.907181,75.032182,rice,2023-11-24,1.42
MOG_0346,Moga,30.782209,75.151817,rice,2023-11-10,5.69
MOG_0347,Moga,30.854447,75.106943,rice,2023-11-09,5.74
MOG_0348,Moga,30.693565,75.260477,rice,2023-11-13,1.69
MOG_0349,Moga,30.71987,75.283683,rice,2023-10-29,4.58
MOG_0350,Moga,30.701424,75.205039,rice,2023-10-15,3.91
MOG_0351,Moga,30.918577,75.26233,rice,2023-11-27,2.59
MOG_0352,Moga,30.723594,75.209991,rice,2023-11-15,3.23
MOG_0353,Moga,30.698824,75.299557,rice,2023-10-26,0.51
MOG_0354,Moga,30.929473,75.193574,rice,2023-10-29,4.53
MOG_0355,Moga,30.719747,75.14529,rice,2023-11-28,1.88
MOG_0356,Moga,30.87342,75.097412,rice,2023-11-13,1.65
MOG_0357,Moga,30.680255,75.110934,rice,2023-11-06,4.7
MOG_0358,Moga,30.836519,75.081791,rice,2023-10-26,3.62
MOG_0359,Moga,30.740124,75.151141,rice,2023-10-20,4.46
MOG_0360,Moga,30.859308,75.110815,rice,2023-11-24,1.19
MOG_0361,Moga,30.887826,75.191009,rice,2023-11-13,5.86
MOG_0362,Moga,30.77453,75.256209,rice,2023-11-12,3.57
MOG_0363,Moga,30.742873,75.046809,rice,2023-10-18,2.14
MOG_0364,Moga,30.871734,75.228204,rice,2023-11-12,3.01
MOG_0365,Moga,30.827191,75.207433,rice,2023-10-31,5.33
MOG_0366,Moga,30.698262,75.306349,rice,2023-11-05,0.68
MOG_0367,Moga,30.735267,75.230326,rice,2023-10-30,1.94
MOG_0368,Moga,30.720113,75.2346,rice,2023-10-18,3.68
MOG_0369,Moga,30.695054,75.160838,rice,2023-11-27,5.82
MOG_0370,Moga,30.707217,75.199455,rice,2023-10-24,3.15
MOG_0371,Moga,30.838864,75.299818,rice,2023-11-27,4.62
MOG_0372,Moga,30.802291,75.217013,rice,2023-10-30,2.51
MOG_0373,Moga,30.740594,75.055413,rice,2023-11-18,5.78
MOG_0374,Moga,30.897768,75.100589,rice,2023-10-19,3.41
MOG_0375,Moga,30.876985,75.130711,rice,2023-11-03,4.45
MOG_0376,Moga,30.740687,75.179376,rice,2023-11-04,1.66
MOG_0377,Moga,30.677862,75.225274,rice,2023-11-15,5.98
MOG_0378,Moga,30.727684,75.239082,rice,2023-11-16,5.71
MOG_0379,Moga,30.857482,75.301679,rice,2023-11-10,4.91
MOG_0380,Moga,30.9568,75.207231,rice,2023-11-29,3.23
MOG_0381,Moga,30.933938,75.264668,rice,2023-11-25,2.16
MOG_0382,Moga,30.749981,75.271473,rice,2023-10-20,1.78
MOG_0383,Moga,30.762133,75.177261,rice,2023-10-16,5.79
MOG_0384,Moga,30.814498,75.085321,rice,2023-10-18,1.99
MOG_0385,Moga,30.900463,75.209522,rice,2023-11-25,2.32
MOG_0386,Moga,30.929192,75.248318,rice,2023-11-05,4.45
MOG_0387,Moga,30.80188,75.306725,rice,2023-11-09,2.83
MOG_0388,Moga,30.945955,75.282803,rice,2023-11-16,4.57
MOG_0389,Moga,30.891759,75.150616,rice,2023-11-16,1.55
MOG_0390,Moga,30.843711,75.135577,rice,2023-11-07,2.41
MOG_0391,Moga,30.942504,75.078139,rice,2023-10-25,2.05
MOG_0392,Moga,30.685024,75.04333,rice,2023-11-22,2.86
MOG_0393,Moga,30.804249,75.12167,rice,2023-10-21,3.17
MOG_0394,Moga,30.697752,75.12946,rice,2023-11-14,1.06
MOG_0395,Moga,30.694616,75.090326,rice,2023-10-18,4.33
MOG_0396,Moga,30.918189,75.243797,rice,2023-11-16,3.45
MOG_0397,Moga,30.764531,75.033627,rice,2023-10-21,2.09
MOG_0398,Moga,30.747028,75.304951,rice,2023-11-13,1.46
MOG_0399,Moga,30.686082,75.297829,rice,2023-11-11,2.66
MOG_0400,Moga,30.699662,75.145138,rice,2023-10-29,5.85
MOG_0401,Moga,30.871326,75.164671,rice,2023-10-18,2.51
MOG_0402,Moga,30.848144,75.103246,rice,2023-10-29,1.34
MOG_0403,Moga,30.871944,75.275452,rice,2023-11-17,5.13
MOG_0404,Moga,30.825568,75.252873,rice,2023-11-25,5.59
MOG_0405,Moga,30.683542,75.147388,rice,2023-10-16,5.98
MOG_0406,Moga,30.937278,75.256612,rice,2023-10-24,2.13
MOG_0407,Moga,30.943589,75.04019,rice,2023-11-22,3.89
MOG_0408,Moga,30.899042,75.279417,rice,2023-10-23,2.15
MOG_0409,Moga,30.786425,75.159352,rice,2023-11-04,5.25
MOG_0410,Moga,30.771626,75.087798,rice,2023-10-16,2.75
MOG_0411,Moga,30.875958,75.275856,rice,2023-11-17,1.45
MOG_0412,Moga,30.941259,75.18625,rice,2023-10-24,2.51
MOG_0413,Moga,30.732809,75.310669,rice,2023-11-23,1.7
MOG_0414,Moga,30.702553,75.087799,rice,2023-11-17,1.86
MOG_0415,Moga,30.708104,75.096302,rice,2023-11-08,2.58
MOG_0416,Moga,30.813135,75.15948,rice,2023-10-20,5.06
MOG_0417,Moga,30.748119,75.280386,rice,2023-10-30,5.78
MOG_0418,Moga,30.727675,75.10081,rice,2023-11-25,3.93
MOG_0419,Moga,30.71645,75.055974,rice,2023-11-06,3.83
MOG_0420,Moga,30.90231,75.104488,rice,2023-10-18,5.63
MOG_0421,Moga,30.898742,75.053689,rice,2023-11-10,0.87
MOG_0422,Moga,30.933254,75.239985,rice,2023-11-02,4.28
MOG_0423,Moga,30.868157,75.111851,rice,2023-10-20,5.58
MOG_0424,Moga,30.884057,75.1633,rice,2023-11-26,0.76
MOG_0425,Moga,30.684927,75.070678,rice,2023-11-08,4.89
MOG_0426,Moga,30.94257,75.081101,rice,2023-11-11,2.02
MOG_0427,Moga,30.692148,75.308933,rice,2023-10-22,3.14
MOG_0428,Moga,30.838158,75.189409,rice,2023-11-19,1.9
MOG_0429,Moga,30.728909,75.115153,rice,2023-11-05,3.57
MOG_0430,Moga,30.763297,75.236105,rice,2023-10-26,3.62
MOG_0431,Moga,30.826034,75.298362,rice,2023-11-01,3.99
MOG_0432,Moga,30.677014,75.238339,rice,2023-10-29,3.26
MOG_0433,Moga,30.735348,75.032423,rice,2023-11-07,4.14
MOG_0434,Moga,30.863314,75.154487,rice,2023-11-16,4.02
MOG_0435,Moga,30.836974,75.098891,rice,2023-10-29,3.33
MOG_0436,Moga,30.907614,75.153377,rice,2023-11-07,2.9
MOG_0437,Moga,30.952633,75.28245,rice,2023-11-07,5.51
MOG_0438,Moga,30.715631,75.270949,rice,2023-10-26,1.51
MOG_0439,Moga,30.796169,75.307498,rice,2023-11-11,5.12
MOG_0440,Moga,30.815526,75.063078,rice,2023-10-19,5.74
MOG_0441,Moga,30.830785,75.278579,rice,2023-11-09,0.58
MOG_0442,Moga,30.751155,75.126338,rice,2023-11-23,3.44
MOG_0443,Moga,30.697122,75.140911,rice,2023-10-16,1.45
MOG_0444,Moga,30.873357,75.160892,rice,2023-11-21,0.89
MOG_0445,Moga,30.726665,75.071489,rice,2023-11-15,0.98
MOG_0446,Moga,30.907453,75.257865,rice,2023-11-12,0.94
MOG_0447,Moga,30.925695,75.300565,rice,2023-10-19,5.73
MOG_0448,Moga,30.755249,75.218133,rice,2023-10-16,1.46
MOG_0449,Moga,30.905888,75.267736,rice,2023-11-13,5.96
MOG_0450,Moga,30.69824,75.21623,rice,2023-11-29,2.0
MOG_0451,Moga,30.712162,75.073663,rice,2023-11-27,4.26
MOG_0452,Moga,30.691129,75.307584,rice,2023-11-27,4.94
MOG_0453,Moga,30.76357,75.163843,rice,2023-11-17,4.22
MOG_0454,Moga,30.806663,75.175469,rice,2023-11-17,0.74
MOG_0455,Moga,30.817177,75.127269,rice,2023-11-17,1.98
MOG_0456,Moga,30.858705,75.152192,rice,2023-10-28,2.84
MOG_0457,Moga,30.721572,75.301322,rice,2023-10-26,2.73
MOG_0458,Moga,30.730257,75.22888,rice,2023-10-25,2.9
MOG_0459,Moga,30.792822,75.277027,rice,2023-11-22,3.36
MOG_0460,Moga,30.808205,75.300772,rice,2023-11-18,5.76
MOG_0461,Moga,30.874336,75.244841,rice,2023-11-10,5.8
MOG_0462,Moga,30.700037,75.311255,rice,2023-11-25,4.37
MOG_0463,Moga,30.842969,75.147687,rice,2023-10-18,4.92
MOG_0464,Moga,30.860242,75.088197,rice,2023-10-30,3.85
MOG_0465,Moga,30.716527,75.171125,rice,2023-10-19,4.0
MOG_0466,Moga,30.717673,75.058768,rice,2023-11-10,1.92
MOG_0467,Moga,30.846968,75.292871,rice,2023-11-19,4.6
MOG_0468,Moga,30.769465,75.063278,rice,2023-11-19,5.41
MOG_0469,Moga,30.817239,75.060143,rice,2023-10-25,4.21
MOG_0470,Moga,30.766572,75.03459,rice,2023-11-08,3.92
MOG_0471,Moga,30.688227,75.153182,rice,2023-10-31,5.99
MOG_0472,Moga,30.780685,75.037636,rice,2023-11-21,3.21
MOG_0473,Moga,30.754357,75.281977,rice,2023-11-14,2.72
MOG_0474,Moga,30.890368,75.127538,rice,2023-11-16,3.37
MOG_0475,Moga,30.93538,75.088044,rice,2023-11-27,5.37
MOG_0476,Moga,30.806326,75.121009,rice,2023-10-29,0.71
MOG_0477,Moga,30.794307,75.172168,rice,2023-11-03,2.03
MOG_0478,Moga,30.780356,75.211885,rice,2023-11-02,5.4
MOG_0479,Moga,30.858909,75.212925,rice,2023-10-21,1.41
MOG_0480,Moga,30.761307,75.046165,rice,2023-11-21,2.42
MOG_0481,Moga,30.956671,75.124207,rice,2023-11-26,0.97
MOG_0482,Moga,30.805719,75.13041,rice,2023-11-23,1.61
MOG_0483,Moga,30.781302,75.214358,rice,2023-11-12,5.14
MOG_0484,Moga,30.930385,75.16693,rice,2023-11-06,5.9
MOG_0485,Moga,30.697166,75.109375,rice,2023-10-27,3.7
MOG_0486,Moga,30.82986,75.191033,rice,2023-11-03,5.43
MOG_0487,Moga,30.754718,75.260719,rice,2023-10-20,3.2
MOG_0488,Moga,30.760836,75.117139,rice,2023-11-09,2.64
MOG_0489,Moga,30.890783,75.165485,rice,2023-10-24,4.68
MOG_0490,Moga,30.862746,75.297787,rice,2023-10-22,3.41
MOG_0491,Moga,30.860238,75.166212,rice,2023-10-29,2.9
MOG_0492,Moga,30.7156,75.308271,rice,2023-11-15,4.46
MOG_0493,Moga,30.847415,75.166798,rice,2023-11-22,1.2
MOG_0494,Moga,30.768312,75.066916,rice,2023-11-16,1.19
MOG_0495,Moga,30.682977,75.24365,rice,2023-11-23,5.08
MOG_0496,Moga,30.930242,75.079198,rice,2023-10-25,4.4
MOG_0497,Moga,30.805886,75.289309,rice,2023-11-29,2.58
MOG_0498,Moga,30.759478,75.285014,rice,2023-11-06,1.74
MOG_0499,Moga,30.90876,75.086372,rice,2023-10-31,2.98
MOG_0500,Moga,30.70629,75.067261,rice,2023-11-13,2.05
MOG_0501,Moga,30.891662,75.236103,rice,2023-11-08,3.12
MOG_0502,Moga,30.704156,75.232465,rice,2023-10-24,4.86
MOG_0503,Moga,30.927183,75.280009,rice,2023-11-19,1.9
MOG_0504,Moga,30.928045,75.072882,rice,2023-10-30,0.83
MOG_0505,Moga,30.764988,75.244884,rice,2023-10-24,5.93
MOG_0506,Moga,30.777669,75.109237,rice,2023-11-15,2.58
MOG_0507,Moga,30.896032,75.092004,rice,2023-10-23,3.32
MOG_0508,Moga,30.896281,75.263633,rice,2023-11-27,3.13
MOG_0509,Moga,30.884584,75.134114,rice,2023-11-16,5.03
MOG_0510,Moga,30.835538,75.093081,rice,2023-11-21,5.84
MOG_0511,Moga,30.942154,75.20555,rice,2023-11-07,3.27
MOG_0512,Moga,30.782136,75.160941,rice,2023-11-29,0.75
MOG_0513,Moga,30.830754,75.218545,rice,2023-11-03,1.91
MOG_0514,Moga,30.878932,75.254205,rice,2023-10-20,5.92
MOG_0515,Moga,30.747903,75.267603,rice,2023-11-16,1.22
MOG_0516,Moga,30.881177,75.156844,rice,2023-10-22,4.87
MOG_0517,Moga,30.756118,75.091694,rice,2023-11-21,1.13
MOG_0518,Moga,30.75505,75.078546,rice,2023-11-09,2.26
MOG_0519,Moga,30.89134,75.065808,rice,2023-10-27,3.72
MOG_0520,Moga,30.827677,75.167589,rice,2023-11-12,4.15
MOG_0521,Moga,30.915507,75.07737,rice,2023-10-25,0.84
MOG_0522,Moga,30.811995,75.17521,rice,2023-11-21,1.59
MOG_0523,Moga,30.702108,75.052975,rice,2023-10-17,3.65
MOG_0524,Moga,30.720533,75.258437,rice,2023-10-16,5.44
MOG_0525,Moga,30.758874,75.078051,rice,2023-11-22,5.35
MOG_0526,Moga,30.788949,75.062334,rice,2023-11-02,5.92
MOG_0527,Moga,30.816909,75.127864,rice,2023-11-02,5.6
MOG_0528,Moga,30.816105,75.117881,rice,2023-11-25,3.15
MOG_0529,Moga,30.738399,75.165907,rice,2023-11-09,3.92
MOG_0530,Moga,30.889769,75.30344,rice,2023-10-25,5.13
MOG_0531,Moga,30.701118,75.091226,rice,2023-10-21,1.92
MOG_0532,Moga,30.681022,75.243341,rice,2023-11-08,2.47
MOG_0533,Moga,30.695508,75.174474,rice,2023-10-30,4.23
MOG_0534,Moga,30.721455,75.176003,rice,2023-11-28,5.46
MOG_0535,Moga,30.692188,75.21061,rice,2023-11-11,4.37
MOG_0536,Moga,30.719048,75.286038,rice,2023-11-17,2.27
MOG_0537,Moga,30.691488,75.055302,rice,2023-10-25,0.72
MOG_0538,Moga,30.895275,75.274431,rice,2023-11-05,0.57
MOG_0539,Moga,30.903804,75.306738,rice,2023-11-20,4.49
MOG_0540,Moga,30.956746,75.255193,rice,2023-10-16,3.28
MOG_0541,Moga,30.92475,75.230221,rice,2023-11-01,1.73
MOG_0542,Moga,30.820512,75.136437,rice,2023-10-28,2.31
MOG_0543,Moga,30.726819,75.26868,rice,2023-11-05,2.32
MOG_0544,Moga,30.743547,75.067879,rice,2023-11-16,1.12
MOG_0545,Moga,30.852134,75.062469,rice,2023-10-23,2.04
MOG_0546,Moga,30.684225,75.271492,rice,2023-11-28,2.52
MOG_0547,Moga,30.77303,75.065214,rice,2023-11-11,2.47
MOG_0548,Moga,30.907438,75.208573,rice,2023-11-14,5.34
MOG_0549,Moga,30.851317,75.250198,rice,2023-10-17,3.04
MOG_0550,Moga,30.869829,75.217813,rice,2023-11-16,0.54
MOG_0551,Moga,30.872619,75.105405,rice,2023-11-16,1.11
MOG_0552,Moga,30.683446,75.036234,rice,2023-11-08,1.37
MOG_0553,Moga,30.68257,75.069071,rice,2023-11-20,2.7
MOG_0554,Moga,30.951609,75.258434,rice,2023-11-09,1.31
MOG_0555,Moga,30.793701,75.152672,rice,2023-11-26,3.23
MOG_0556,Moga,30.864565,75.211449,rice,2023-10-31,2.46
MOG_0557,Moga,30.874413,75.113056,rice,2023-11-21,5.8
MOG_0558,Moga,30.759526,75.251713,rice,2023-11-22,4.97
MOG_0559,Moga,30.814414,75.056569,rice,2023-11-15,2.74
MOG_0560,Moga,30.73526,75.207462,rice,2023-11-20,2.9
MOG_0561,Moga,30.70152,75.307429,rice,2023-10-27,3.31
MOG_0562,Moga,30.863841,75.064225,rice,2023-10-26,4.57
MOG_0563,Moga,30.858521,75.170251,rice,2023-11-16,5.75
MOG_0564,Moga,30.932051,75.063355,rice,2023-11-08,2.53
MOG_0565,Moga,30.821696,75.289593,rice,2023-10-20,2.63
MOG_0566,Moga,30.925139,75.137884,rice,2023-11-21,1.99
MOG_0567,Moga,30.84777,75.131652,rice,2023-11-13,2.75
MOG_0568,Moga,30.899815,75.299207,rice,2023-11-12,1.99
MOG_0569,Moga,30.819803,75.234841,rice,2023-11-16,4.88
MOG_0570,Moga,30.840232,75.073927,rice,2023-10-22,5.28
MOG_0571,Moga,30.796476,75.081453,rice,2023-11-11,4.82
MOG_0572,Moga,30.939001,75.13791,rice,2023-10-23,0.93
MOG_0573,Moga,30.70523,75.215254,rice,2023-11-26,2.84
MOG_0574,Moga,30.771373,75.162351,rice,2023-11-01,4.04
MOG_0575,Moga,30.828519,75.077988,rice,2023-11-29,3.03
MOG_0576,Moga,30.829806,75.062988,rice,2023-11-06,1.34
MOG_0577,Moga,30.825468,75.109122,rice,2023-10-22,2.55
MOG_0578,Moga,30.738806,75.215791,rice,2023-11-12,2.67
MOG_0579,Moga,30.721131,75.258467,rice,2023-11-09,5.53
MOG_0580,Moga,30.731152,75.277378,rice,2023-11-03,4.99
MOG_0581,Moga,30.706096,75.180871,rice,2023-10-28,3.23
MOG_0582,Moga,30.786274,75.296276,rice,2023-11-14,4.35
MOG_0583,Moga,30.947444,75.268944,rice,2023-11-24,4.49
MOG_0584,Moga,30.857902,75.280321,rice,2023-11-21,3.87
MOG_0585,Moga,30.698081,75.195118,rice,2023-11-27,5.72
MOG_0586,Moga,30.858067,75.187581,rice,2023-10-19,1.59
MOG_0587,Moga,30.821415,75.127909,rice,2023-11-19,3.82
MOG_0588,Moga,30.816806,75.102767,rice,2023-11-15,3.39
MOG_0589,Moga,30.806275,75.270354,rice,2023-11-18,4.68
MOG_0590,Moga,30.766499,75.042665,rice,2023-11-25,5.59
MOG_0591,Moga,30.954763,75.067566,rice,2023-11-19,2.84
MOG_0592,Moga,30.718586,75.311468,rice,2023-11-15,5.63
MOG_0593,Moga,30.95213,75.072291,rice,2023-10-31,5.43
MOG_0594,Moga,30.866044,75.153689,rice,2023-11-06,3.34
MOG_0595,Moga,30.687808,75.203225,rice,2023-10-19,0.52
MOG_0596,Moga,30.72179,75.177037,rice,2023-11-23,3.59
MOG_0597,Moga,30.773139,75.039822,rice,2023-11-15,1.84
MOG_0598,Moga,30.857482,75.188561,rice,2023-11-18,2.87
MOG_0599,Moga,30.842281,75.226611,rice,2023-11-25,3.57
MOG_0600,Moga,30.799102,75.15241,rice,2023-11-10,3.2
FAT_0001,Fatehgarh Sahib,30.635582,76.371927,wheat,2023-11-25,4.49
FAT_0002,Fatehgarh Sahib,30.546227,76.503439,wheat,2023-10-24,3.94
FAT_0003,Fatehgarh Sahib,30.522692,76.43352,wheat,2023-10-24,5.61
FAT_0004,Fatehgarh Sahib,30.771101,76.48586,wheat,2023-10-31,3.62
FAT_0005,Fatehgarh Sahib,30.76637,76.430946,wheat,2023-10-16,1.38
FAT_0006,Fatehgarh Sahib,30.76217,76.434245,wheat,2023-11-24,2.17
FAT_0007,Fatehgarh Sahib,30.788388,76.441328,wheat,2023-10-31,0.53
FAT_0008,Fatehgarh Sahib,30.663655,76.448509,wheat,2023-11-25,0.58
FAT_0009,Fatehgarh Sahib,30.722517,76.431405,wheat,2023-11-04,4.29
FAT_0010,Fatehgarh Sahib,30.545652,76.47973,wheat,2023-10-27,5.26
FAT_0011,Fatehgarh Sahib,30.644934,76.391084,wheat,2023-10-21,2.4
FAT_0012,Fatehgarh Sahib,30.753412,76.334364,wheat,2023-11-02,2.72
FAT_0013,Fatehgarh Sahib,30.592977,76.43288,wheat,2023-11-26,1.4
FAT_0014,Fatehgarh Sahib,30.580328,76.27815,wheat,2023-11-21,1.38
FAT_0015,Fatehgarh Sahib,30.622927,76.466245,wheat,2023-11-12,0.79
FAT_0016,Fatehgarh Sahib,30.684024,76.471685,wheat,2023-11-08,2.66
FAT_0017,Fatehgarh Sahib,30.577604,76.462903,wheat,2023-11-07,4.99
FAT_0018,Fatehgarh Sahib,30.734193,76.497636,wheat,2023-10-16,0.99
FAT_0019,Fatehgarh Sahib,30.539172,76.493371,wheat,2023-11-28,2.66
FAT_0020,Fatehgarh Sahib,30.669522,76.265403,wheat,2023-11-05,4.04
FAT_0021,Fatehgarh Sahib,30.773623,76.438202,wheat,2023-10-24,5.78
FAT_0022,Fatehgarh Sahib,30.701785,76.264949,wheat,2023-11-05,4.19
FAT_0023,Fatehgarh Sahib,30.525715,76.335024,wheat,2023-10-15,1.69
FAT_0024,Fatehgarh Sahib,30.519693,76.422027,wheat,2023-11-12,2.07
FAT_0025,Fatehgarh Sahib,30.65823,76.322121,wheat,2023-11-11,5.43
FAT_0026,Fatehgarh Sahib,30.533238,76.469169,wheat,2023-11-15,1.36
FAT_0027,Fatehgarh Sahib,30.601235,76.349062,wheat,2023-11-14,0.91
FAT_0028,Fatehgarh Sahib,30.724176,76.471216,wheat,2023-10-24,5.98
FAT_0029,Fatehgarh Sahib,30.770689,76.3707,wheat,2023-10-21,0.56
FAT_0030,Fatehgarh Sahib,30.657825,76.489959,wheat,2023-10-21,1.97
FAT_0031,Fatehgarh Sahib,30.564704,76.371907,wheat,2023-11-29,2.98
FAT_0032,Fatehgarh Sahib,30.71136,76.378507,wheat,2023-11-25,2.55
FAT_0033,Fatehgarh Sahib,30.632455,76.464152,wheat,2023-11-25,2.87
FAT_0034,Fatehgarh Sahib,30.583933,76.287956,wheat,2023-11-18,0.51
FAT_0035,Fatehgarh Sahib,30.540712,76.295103,wheat,2023-11-08,5.0
FAT_0036,Fatehgarh Sahib,30.715345,76.451505,wheat,2023-11-15,5.97
FAT_0037,Fatehgarh Sahib,30.778527,76.324277,wheat,2023-11-27,1.34
FAT_0038,Fatehgarh Sahib,30.75977,76.277657,wheat,2023-10-21,2.37
FAT_0039,Fatehgarh Sahib,30.657497,76.420766,wheat,2023-11-10,4.83
FAT_0040,Fatehgarh Sahib,30.669074,76.487293,wheat,2023-11-11,0.97
FAT_0041,Fatehgarh Sahib,30.74951,76.414201,wheat,2023-11-08,5.88
FAT_0042,Fatehgarh Sahib,30.772126,76.485803,wheat,2023-10-25,5.51
FAT_0043,Fatehgarh Sahib,30.616,76.312785,wheat,2023-10-21,5.31
FAT_0044,Fatehgarh Sahib,30.740457,76.523663,wheat,2023-10-23,5.17
FAT_0045,Fatehgarh Sahib,30.686062,76.288839,wheat,2023-10-17,3.11
FAT_0046,Fatehgarh Sahib,30.723983,76.297517,wheat,2023-10-22,5.54
FAT_0047,Fatehgarh Sahib,30.700461,76.336447,wheat,2023-11-04,3.79
FAT_0048,Fatehgarh Sahib,30.714284,76.356924,wheat,2023-11-24,2.66
FAT_0049,Fatehgarh Sahib,30.512533,76.399613,wheat,2023-11-28,5.83
FAT_0050,Fatehgarh Sahib,30.758824,76.273358,wheat,2023-11-18,5.89
FAT_0051,Fatehgarh Sahib,30.550855,76.260512,wheat,2023-10-30,5.48
FAT_0052,Fatehgarh Sahib,30.774939,76.479993,wheat,2023-11-18,1.63
FAT_0053,Fatehgarh Sahib,30.552121,76.265511,wheat,2023-11-03,3.18
FAT_0054,Fatehgarh Sahib,30.539599,76.379152,wheat,2023-11-10,3.62
FAT_0055,Fatehgarh Sahib,30.711427,76.364975,wheat,2023-11-20,4.16
FAT_0056,Fatehgarh Sahib,30.700583,76.32472,wheat,2023-10-29,0.61
FAT_0057,Fatehgarh Sahib,30.773793,76.46048,wheat,2023-11-11,3.61
FAT_0058,Fatehgarh Sahib,30.675585,76.284277,wheat,2023-10-24,1.55
FAT_0059,Fatehgarh Sahib,30.776878,76.391243,wheat,2023-10-31,4.89
FAT_0060,Fatehgarh Sahib,30.640761,76.427755,wheat,2023-10-23,2.14
FAT_0061,Fatehgarh Sahib,30.525213,76.295184,wheat,2023-11-21,3.93
FAT_0062,Fatehgarh Sahib,30.741704,76.255025,wheat,2023-11-28,4.71
FAT_0063,Fatehgarh Sahib,30.644787,76.435286,wheat,2023-11-08,3.91
FAT_0064,Fatehgarh Sahib,30.518974,76.261765,wheat,2023-10-31,4.89
FAT_0065,Fatehgarh Sahib,30.54385,76.252916,wheat,2023-10-15,1.96
FAT_0066,Fatehgarh Sahib,30.672067,76.483897,wheat,2023-11-25,4.6
FAT_0067,Fatehgarh Sahib,30.522056,76.406066,wheat,2023-10-25,2.43
FAT_0068,Fatehgarh Sahib,30.719998,76.518922,wheat,2023-11-08,1.31
FAT_0069,Fatehgarh Sahib,30.549663,76.454726,wheat,2023-11-03,4.87
FAT_0070,Fatehgarh Sahib,30.548502,76.26016,wheat,2023-11-04,4.34
FAT_0071,Fatehgarh Sahib,30.787519,76.275543,wheat,2023-11-24,2.62
FAT_0072,Fatehgarh Sahib,30.513701,76.391806,wheat,2023-11-23,2.03
FAT_0073,Fatehgarh Sahib,30.703153,76.329593,wheat,2023-11-12,1.6
FAT_0074,Fatehgarh Sahib,30.740868,76.508121,wheat,2023-11-06,2.72
FAT_0075,Fatehgarh Sahib,30.634686,76.524151,wheat,2023-11-20,4.95
FAT_0076,Fatehgarh Sahib,30.667838,76.495606,wheat,2023-10-21,2.11
FAT_0077,Fatehgarh Sahib,30.591924,76.34023,wheat,2023-11-15,1.43
FAT_0078,Fatehgarh Sahib,30.787484,76.318706,wheat,2023-10-15,0.61
FAT_0079,Fatehgarh Sahib,30.586991,76.363349,wheat,2023-11-15,0.88
FAT_0080,Fatehgarh Sahib,30.73032,76.48014,wheat,2023-11-09,1.67
FAT_0081,Fatehgarh Sahib,30.732557,76.3502,wheat,2023-11-12,5.65
FAT_0082,Fatehgarh Sahib,30.758733,76.354031,wheat,2023-11-03,3.18
FAT_0083,Fatehgarh Sahib,30.589227,76.393322,wheat,2023-11-09,1.01
FAT_0084,Fatehgarh Sahib,30.766556,76.450285,wheat,2023-11-15,1.03
FAT_0085,Fatehgarh Sahib,30.752317,76.457231,wheat,2023-11-20,3.37
FAT_0086,Fatehgarh Sahib,30.749837,76.520075,wheat,2023-10-29,2.05
FAT_0087,Fatehgarh Sahib,30.691156,76.489869,wheat,2023-11-19,0.89
FAT_0088,Fatehgarh Sahib,30.650014,76.493626,wheat,2023-11-29,0.52
FAT_0089,Fatehgarh Sahib,30.631426,76.412576,wheat,2023-11-25,4.53
FAT_0090,Fatehgarh Sahib,30.527346,76.468917,wheat,2023-11-08,2.06
FAT_0091,Fatehgarh Sahib,30.739784,76.366457,wheat,2023-10-23,5.8
FAT_0092,Fatehgarh Sahib,30.727554,76.346388,wheat,2023-10-16,1.99
FAT_0093,Fatehgarh Sahib,30.67391,76.525442,wheat,2023-10-25,5.72
FAT_0094,Fatehgarh Sahib,30.601508,76.446147,wheat,2023-10-28,2.6
FAT_0095,Fatehgarh Sahib,30.532815,76.511133,wheat,2023-10-24,5.7
FAT_0096,Fatehgarh Sahib,30.537926,76.323745,wheat,2023-10-22,5.57
FAT_0097,Fatehgarh Sahib,30.693391,76.302055,wheat,2023-11-24,1.49
FAT_0098,Fatehgarh Sahib,30.753844,76.262952,wheat,2023-11-11,3.41
FAT_0099,Fatehgarh Sahib,30.526772,76.443606,wheat,2023-11-22,5.07
FAT_0100,Fatehgarh Sahib,30.613084,76.315333,wheat,2023-11-27,1.17
FAT_0101,Fatehgarh Sahib,30.753615,76.271711,wheat,2023-11-11,2.52
FAT_0102,Fatehgarh Sahib,30.787818,76.391471,wheat,2023-11-12,3.52
FAT_0103,Fatehgarh Sahib,30.766009,76.520498,wheat,2023-10-22,4.88
FAT_0104,Fatehgarh Sahib,30.686735,76.368672,wheat,2023-11-10,0.82
FAT_0105,Fatehgarh Sahib,30.709968,76.445074,wheat,2023-11-11,1.77
FAT_0106,Fatehgarh Sahib,30.713996,76.290919,wheat,2023-10-20,4.3
FAT_0107,Fatehgarh Sahib,30.710034,76.347936,wheat,2023-10-25,2.55
FAT_0108,Fatehgarh Sahib,30.609575,76.418966,wheat,2023-10-26,4.59
FAT_0109,Fatehgarh Sahib,30.750291,76.257398,wheat,2023-11-18,2.23
FAT_0110,Fatehgarh Sahib,30.74382,76.270201,wheat,2023-11-17,3.53
FAT_0111,Fatehgarh Sahib,30.662629,76.340423,wheat,2023-11-17,1.09
FAT_0112,Fatehgarh Sahib,30.547191,76.429393,wheat,2023-11-28,3.33
FAT_0113,Fatehgarh Sahib,30.583051,76.334196,wheat,2023-11-12,5.27
FAT_0114,Fatehgarh Sahib,30.668465,76.317554,wheat,2023-10-22,2.66
FAT_0115,Fatehgarh Sahib,30.762872,76.497316,wheat,2023-10-27,4.1
FAT_0116,Fatehgarh Sahib,30.551832,76.308047,wheat,2023-10-18,5.25
FAT_0117,Fatehgarh Sahib,30.759653,76.272154,wheat,2023-10-29,4.51
FAT_0118,Fatehgarh Sahib,30.726199,76.470708,wheat,2023-11-24,3.29
FAT_0119,Fatehgarh Sahib,30.774134,76.305101,wheat,2023-11-02,2.25
FAT_0120,Fatehgarh Sahib,30.739281,76.272156,wheat,2023-11-07,2.89
FAT_0121,Fatehgarh Sahib,30.725574,76.336455,wheat,2023-11-02,1.94
FAT_0122,Fatehgarh Sahib,30.708805,76.329299,wheat,2023-10-26,2.71
FAT_0123,Fatehgarh Sahib,30.661787,76.512413,wheat,2023-11-01,1.52
FAT_0124,Fatehgarh Sahib,30.756264,76.485535,wheat,2023-11-20,4.6
FAT_0125,Fatehgarh Sahib,30.653734,76.268548,wheat,2023-11-16,3.35
FAT_0126,Fatehgarh Sahib,30.595737,76.251783,wheat,2023-11-16,1.77
FAT_0127,Fatehgarh Sahib,30.678593,76.280446,wheat,2023-10-18,5.01
FAT_0128,Fatehgarh Sahib,30.59809,76.271956,wheat,2023-11-14,1.27
FAT_0129,Fatehgarh Sahib,30.609215,76.476762,wheat,2023-11-16,5.27
FAT_0130,Fatehgarh Sahib,30.78744,76.305719,wheat,2023-11-13,4.32
FAT_0131,Fatehgarh Sahib,30.639625,76.387174,wheat,2023-11-06,2.38
FAT_0132,Fatehgarh Sahib,30.698359,76.422825,wheat,2023-10-29,2.25
FAT_0133,Fatehgarh Sahib,30.542203,76.410908,wheat,2023-11-02,3.57
FAT_0134,Fatehgarh Sahib,30.510022,76.328048,wheat,2023-11-18,4.78
FAT_0135,Fatehgarh Sahib,30.716913,76.251915,wheat,2023-10-21,2.91
FAT_0136,Fatehgarh Sahib,30.691639,76.283994,wheat,2023-11-05,3.92
FAT_0137,Fatehgarh Sahib,30.774137,76.35309,wheat,2023-11-27,0.66
FAT_0138,Fatehgarh Sahib,30.525071,76.50984,wheat,2023-10-30,5.87
FAT_0139,Fatehgarh Sahib,30.51058,76.50119,wheat,2023-11-10,3.59
FAT_0140,Fatehgarh Sahib,30.698879,76.349536,wheat,2023-10-23,3.41
FAT_0141,Fatehgarh Sahib,30.684712,76.303299,wheat,2023-11-08,1.62
FAT_0142,Fatehgarh Sahib,30.511895,76.5134,wheat,2023-11-29,2.86
FAT_0143,Fatehgarh Sahib,30.620614,76.326188,wheat,2023-11-18,1.96
FAT_0144,Fatehgarh Sahib,30.619124,76.394692,wheat,2023-10-16,3.02
FAT_0145,Fatehgarh Sahib,30.75513,76.504172,wheat,2023-11-28,5.78
FAT_0146,Fatehgarh Sahib,30.751182,76.508738,wheat,2023-10-29,4.38
FAT_0147,Fatehgarh Sahib,30.564516,76.303664,wheat,2023-11-25,3.29
FAT_0148,Fatehgarh Sahib,30.758331,76.450753,wheat,2023-11-25,1.67
FAT_0149,Fatehgarh Sahib,30.616733,76.519991,wheat,2023-11-28,4.43
FAT_0150,Fatehgarh Sahib,30.783058,76.278161,wheat,2023-10-15,2.0
FAT_0151,Fatehgarh Sahib,30.662164,76.485254,wheat,2023-11-29,0.83
FAT_0152,Fatehgarh Sahib,30.544612,76.354264,wheat,2023-11-07,2.27
FAT_0153,Fatehgarh Sahib,30.57051,76.484236,wheat,2023-11-09,5.06
FAT_0154,Fatehgarh Sahib,30.76707,76.425431,wheat,2023-10-16,3.94
FAT_0155,Fatehgarh Sahib,30.550725,76.408129,wheat,2023-10-26,1.76
FAT_0156,Fatehgarh Sahib,30.672332,76.249333,wheat,2023-11-01,2.02
FAT_0157,Fatehgarh Sahib,30.692692,76.376411,wheat,2023-11-04,0.51
FAT_0158,Fatehgarh Sahib,30.584723,76.402737,wheat,2023-10-21,3.44
FAT_0159,Fatehgarh Sahib,30.5457,76.420835,wheat,2023-11-14,3.72
FAT_0160,Fatehgarh Sahib,30.656739,76.423337,wheat,2023-11-29,5.34
FAT_0161,Fatehgarh Sahib,30.77388,76.260489,wheat,2023-11-02,1.14
FAT_0162,Fatehgarh Sahib,30.725259,76.261758,wheat,2023-10-24,5.46
FAT_0163,Fatehgarh Sahib,30.514756,76.417713,wheat,2023-11-16,3.09
FAT_0164,Fatehgarh Sahib,30.632728,76.45869,wheat,2023-10-27,3.23
FAT_0165,Fatehgarh Sahib,30.626942,76.453478,wheat,2023-11-21,4.87
FAT_0166,Fatehgarh Sahib,30.715281,76.385562,wheat,2023-11-26,5.45
FAT_0167,Fatehgarh Sahib,30.645168,76.50948,wheat,2023-10-30,1.33
FAT_0168,Fatehgarh Sahib,30.522158,76.45644,wheat,2023-11-20,4.27
FAT_0169,Fatehgarh Sahib,30.677585,76.522347,wheat,2023-10-29,2.41
FAT_0170,Fatehgarh Sahib,30.66719,76.256955,wheat,2023-11-09,3.69
FAT_0171,Fatehgarh Sahib,30.76168,76.250212,wheat,2023-11-06,4.91
FAT_0172,Fatehgarh Sahib,30.538709,76.486113,wheat,2023-11-22,4.7
FAT_0173,Fatehgarh Sahib,30.646493,76.31766,wheat,2023-10-16,3.87
FAT_0174,Fatehgarh Sahib,30.577965,76.3401,wheat,2023-10-28,5.62
FAT_0175,Fatehgarh Sahib,30.713212,76.455101,wheat,2023-10-18,0.53
FAT_0176,Fatehgarh Sahib,30.577456,76.433233,wheat,2023-11-27,2.91
FAT_0177,Fatehgarh Sahib,30.540585,76.467745,wheat,2023-11-03,3.49
FAT_0178,Fatehgarh Sahib,30.66649,76.427069,wheat,2023-10-17,2.24
FAT_0179,Fatehgarh Sahib,30.515608,76.497915,wheat,2023-10-18,3.15
FAT_0180,Fatehgarh Sahib,30.514779,76.411644,wheat,2023-11-26,2.24
FAT_0181,Fatehgarh Sahib,30.560096,76.296307,wheat,2023-11-23,2.32
FAT_0182,Fatehgarh Sahib,30.587574,76.483199,wheat,2023-10-23,3.22
FAT_0183,Fatehgarh Sahib,30.628741,76.289833,wheat,2023-10-29,0.8
FAT_0184,Fatehgarh Sahib,30.576069,76.423012,wheat,2023-11-24,4.36
FAT_0185,Fatehgarh Sahib,30.733324,76.363882,wheat,2023-10-30,2.09
FAT_0186,Fatehgarh Sahib,30.668067,76.346618,wheat,2023-10-30,2.3
FAT_0187,Fatehgarh Sahib,30.513729,76.514528,wheat,2023-11-15,1.99
FAT_0188,Fatehgarh Sahib,30.766997,76.454897,wheat,2023-10-17,3.68
FAT_0189,Fatehgarh Sahib,30.694028,76.276177,wheat,2023-11-29,1.88
FAT_0190,Fatehgarh Sahib,30.77674,76.313785,wheat,2023-11-21,3.94
FAT_0191,Fatehgarh Sahib,30.661691,76.289069,wheat,2023-11-11,4.8
FAT_0192,Fatehgarh Sahib,30.568525,76.5186,wheat,2023-10-31,2.13
FAT_0193,Fatehgarh Sahib,30.684482,76.422283,wheat,2023-11-19,4.1
FAT_0194,Fatehgarh Sahib,30.717202,76.422321,wheat,2023-11-05,3.58
FAT_0195,Fatehgarh Sahib,30.678856,76.361548,wheat,2023-11-29,1.38
FAT_0196,Fatehgarh Sahib,30.678877,76.508609,wheat,2023-10-18,0.64
FAT_0197,Fatehgarh Sahib,30.66133,76.319577,wheat,2023-11-26,4.62
FAT_0198,Fatehgarh Sahib,30.714927,76.451968,wheat,2023-11-09,4.78
FAT_0199,Fatehgarh Sahib,30.529331,76.391682,wheat,2023-11-05,5.57
FAT_0200,Fatehgarh Sahib,30.728206,76.279113,wheat,2023-10-27,1.84
FAT_0201,Fatehgarh Sahib,30.636462,76.518614,wheat,2023-10-17,3.62
FAT_0202,Fatehgarh Sahib,30.604561,76.429975,wheat,2023-10-20,4.07
FAT_0203,Fatehgarh Sahib,30.576366,76.469027,wheat,2023-11-17,5.0
FAT_0204,Fatehgarh Sahib,30.568351,76.414082,wheat,2023-10-19,2.41
FAT_0205,Fatehgarh Sahib,30.679738,76.323877,wheat,2023-11-13,0.55
FAT_0206,Fatehgarh Sahib,30.613847,76.480389,wheat,2023-11-10,3.05
FAT_0207,Fatehgarh Sahib,30.648793,76.423042,wheat,2023-11-11,5.27
FAT_0208,Fatehgarh Sahib,30.621931,76.512915,wheat,2023-11-03,5.32
FAT_0209,Fatehgarh Sahib,30.626905,76.351424,wheat,2023-11-17,4.65
FAT_0210,Fatehgarh Sahib,30.561041,76.316493,wheat,2023-11-15,1.3
FAT_0211,Fatehgarh Sahib,30.721994,76.449033,wheat,2023-11-15,3.45
FAT_0212,Fatehgarh Sahib,30.722987,76.514168,wheat,2023-10-23,1.48
FAT_0213,Fatehgarh Sahib,30.594212,76.346535,wheat,2023-10-25,1.25
FAT_0214,Fatehgarh Sahib,30.56316,76.467522,wheat,2023-11-12,3.48
FAT_0215,Fatehgarh Sahib,30.553908,76.357761,wheat,2023-11-04,2.49
FAT_0216,Fatehgarh Sahib,30.621056,76.280391,wheat,2023-10-21,0.83
FAT_0217,Fatehgarh Sahib,30.755849,76.497541,wheat,2023-11-16,4.03
FAT_0218,Fatehgarh Sahib,30.53523,76.47584,wheat,2023-10-15,5.34
FAT_0219,Fatehgarh Sahib,30.681652,76.420684,wheat,2023-11-04,1.87
FAT_0220,Fatehgarh Sahib,30.648796,76.286441,wheat,2023-11-01,4.2
FAT_0221,Fatehgarh Sahib,30.640624,76.298728,wheat,2023-11-07,4.87
FAT_0222,Fatehgarh Sahib,30.673864,76.397305,wheat,2023-11-11,5.16
FAT_0223,Fatehgarh Sahib,30.512012,76.421689,wheat,2023-10-26,1.56
FAT_0224,Fatehgarh Sahib,30.783282,76.362068,wheat,2023-11-02,2.34
FAT_0225,Fatehgarh Sahib,30.556322,76.528374,wheat,2023-11-22,0.88
FAT_0226,Fatehgarh Sahib,30.667411,76.290272,wheat,2023-11-23,4.44
FAT_0227,Fatehgarh Sahib,30.644543,76.279909,wheat,2023-11-10,5.51
FAT_0228,Fatehgarh Sahib,30.604535,76.263226,wheat,2023-11-09,5.7
FAT_0229,Fatehgarh Sahib,30.548704,76.382015,wheat,2023-11-29,1.8
FAT_0230,Fatehgarh Sahib,30.558677,76.280679,wheat,2023-11-09,0.88
FAT_0231,Fatehgarh Sahib,30.651275,76.484766,wheat,2023-11-07,4.35
FAT_0232,Fatehgarh Sahib,30.624534,76.258863,wheat,2023-10-20,3.45
FAT_0233,Fatehgarh Sahib,30.579562,76.418471,wheat,2023-10-28,4.17
FAT_0234,Fatehgarh Sahib,30.766181,76.317472,wheat,2023-10-31,5.67
FAT_0235,Fatehgarh Sahib,30.566206,76.268795,wheat,2023-11-17,4.98
FAT_0236,Fatehgarh Sahib,30.698716,76.520834,wheat,2023-10-23,4.4
FAT_0237,Fatehgarh Sahib,30.624537,76.498881,wheat,2023-10-18,4.85
FAT_0238,Fatehgarh Sahib,30.664859,76.480214,wheat,2023-11-28,1.48
FAT_0239,Fatehgarh Sahib,30.761098,76.528877,wheat,2023-10-23,1.58
FAT_0240,Fatehgarh Sahib,30.549442,76.517636,wheat,2023-11-14,5.29
FAT_0241,Fatehgarh Sahib,30.71863,76.514753,wheat,2023-10-26,5.38
FAT_0242,Fatehgarh Sahib,30.55459,76.300187,wheat,2023-11-07,3.32
FAT_0243,Fatehgarh Sahib,30.602103,76.370105,wheat,2023-11-26,0.79
FAT_0244,Fatehgarh Sahib,30.710836,76.273704,wheat,2023-11-20,5.16
FAT_0245,Fatehgarh Sahib,30.565532,76.454783,wheat,2023-11-22,2.62
FAT_0246,Fatehgarh Sahib,30.58391,76.265089,wheat,2023-11-11,2.44
FAT_0247,Fatehgarh Sahib,30.565148,76.287056,wheat,2023-11-15,1.67
FAT_0248,Fatehgarh Sahib,30.571484,76.344335,wheat,2023-11-17,3.04
FAT_0249,Fatehgarh Sahib,30.65284,76.435073,wheat,2023-11-04,3.15
FAT_0250,Fatehgarh Sahib,30.619303,76.32342,wheat,2023-11-11,4.4
FAT_0251,Fatehgarh Sahib,30.5979,76.486883,wheat,2023-10-23,3.99
FAT_0252,Fatehgarh Sahib,30.651461,76.508996,wheat,2023-11-10,2.82
FAT_0253,Fatehgarh Sahib,30.628551,76.499044,wheat,2023-11-13,2.97
FAT_0254,Fatehgarh Sahib,30.582402,76.317612,wheat,2023-11-11,4.91
FAT_0255,Fatehgarh Sahib,30.587251,76.250607,wheat,2023-10-30,5.88
FAT_0256,Fatehgarh Sahib,30.665755,76.385927,wheat,2023-10-15,5.55
FAT_0257,Fatehgarh Sahib,30.607472,76.471599,wheat,2023-11-21,3.12
FAT_0258,Fatehgarh Sahib,30.725897,76.519418,wheat,2023-11-17,1.6
FAT_0259,Fatehgarh Sahib,30.513903,76.479007,wheat,2023-11-28,3.49
FAT_0260,Fatehgarh Sahib,30.571289,76.484701,wheat,2023-11-02,4.47
FAT_0261,Fatehgarh Sahib,30.775943,76.382071,wheat,2023-10-25,3.31
FAT_0262,Fatehgarh Sahib,30.682998,76.437756,wheat,2023-11-28,3.19
FAT_0263,Fatehgarh Sahib,30.666578,76.311526,wheat,2023-11-28,4.36
FAT_0264,Fatehgarh Sahib,30.519917,76.445116,wheat,2023-10-31,2.17
FAT_0265,Fatehgarh Sahib,30.585114,76.443177,wheat,2023-10-29,5.79
FAT_0266,Fatehgarh Sahib,30.78639,76.377268,wheat,2023-10-24,2.71
FAT_0267,Fatehgarh Sahib,30.53113,76.466901,wheat,2023-11-04,5.63
FAT_0268,Fatehgarh Sahib,30.786366,76.283275,wheat,2023-10-22,4.26
FAT_0269,Fatehgarh Sahib,30.639478,76.400521,wheat,2023-10-29,4.48
FAT_0270,Fatehgarh Sahib,30.555652,76.496884,wheat,2023-10-23,3.0
FAT_0271,Fatehgarh Sahib,30.686763,76.507102,wheat,2023-11-09,3.47
FAT_0272,Fatehgarh Sahib,30.62175,76.378398,wheat,2023-11-17,2.38
FAT_0273,Fatehgarh Sahib,30.773931,76.3198,wheat,2023-11-06,4.78
FAT_0274,Fatehgarh Sahib,30.611016,76.497251,wheat,2023-11-02,1.84
FAT_0275,Fatehgarh Sahib,30.517777,76.42505,wheat,2023-10-17,5.63
FAT_0276,Fatehgarh Sahib,30.627477,76.286965,wheat,2023-11-07,2.31
FAT_0277,Fatehgarh Sahib,30.619099,76.412277,wheat,2023-11-28,3.53
FAT_0278,Fatehgarh Sahib,30.763253,76.367644,wheat,2023-10-27,4.08
FAT_0279,Fatehgarh Sahib,30.573092,76.473372,wheat,2023-10-19,3.69
FAT_0280,Fatehgarh Sahib,30.593069,76.267873,wheat,2023-10-27,2.26
FAT_0281,Fatehgarh Sahib,30.568369,76.498949,wheat,2023-11-21,5.86
FAT_0282,Fatehgarh Sahib,30.646857,76.310898,wheat,2023-10-27,2.65
FAT_0283,Fatehgarh Sahib,30.560361,76.482431,wheat,2023-10-24,5.3
FAT_0284,Fatehgarh Sahib,30.521857,76.33289,wheat,2023-10-20,1.27
FAT_0285,Fatehgarh Sahib,30.700874,76.39245,wheat,2023-10-25,2.51
FAT_0286,Fatehgarh Sahib,30.52041,76.462265,wheat,2023-11-27,3.69
FAT_0287,Fatehgarh Sahib,30.740682,76.368319,wheat,2023-11-09,1.44
FAT_0288,Fatehgarh Sahib,30.788867,76.297621,wheat,2023-11-17,5.06
FAT_0289,Fatehgarh Sahib,30.568483,76.468102,wheat,2023-11-17,5.32
FAT_0290,Fatehgarh Sahib,30.642201,76.369068,wheat,2023-11-23,5.09
FAT_0291,Fatehgarh Sahib,30.671257,76.422958,wheat,2023-10-26,2.95
FAT_0292,Fatehgarh Sahib,30.612446,76.43529,wheat,2023-10-25,1.58
FAT_0293,Fatehgarh Sahib,30.622611,76.486645,wheat,2023-10-21,5.43
FAT_0294,Fatehgarh Sahib,30.574108,76.372173,wheat,2023-11-09,3.25
FAT_0295,Fatehgarh Sahib,30.621159,76.440658,wheat,2023-10-17,3.36
FAT_0296,Fatehgarh Sahib,30.547856,76.425175,wheat,2023-10-21,5.07
FAT_0297,Fatehgarh Sahib,30.514599,76.376942,wheat,2023-11-04,4.46
FAT_0298,Fatehgarh Sahib,30.529922,76.362686,wheat,2023-11-06,4.82
FAT_0299,Fatehgarh Sahib,30.658,76.458957,wheat,2023-11-15,5.56
FAT_0300,Fatehgarh Sahib,30.530657,76.274526,wheat,2023-10-31,3.41
FAT_0301,Fatehgarh Sahib,30.640831,76.427771,wheat,2023-11-14,1.74
FAT_0302,Fatehgarh Sahib,30.718751,76.330694,wheat,2023-10-25,4.5
FAT_0303,Fatehgarh Sahib,30.688398,76.272332,wheat,2023-11-24,5.34
FAT_0304,Fatehgarh Sahib,30.737661,76.251481,wheat,2023-11-16,3.47
FAT_0305,Fatehgarh Sahib,30.764734,76.416643,wheat,2023-11-13,1.57
FAT_0306,Fatehgarh Sahib,30.700785,76.464951,wheat,2023-10-28,5.52
FAT_0307,Fatehgarh Sahib,30.762601,76.343998,wheat,2023-11-12,1.06
FAT_0308,Fatehgarh Sahib,30.53545,76.269011,wheat,2023-11-11,5.6
FAT_0309,Fatehgarh Sahib,30.551681,76.384051,wheat,2023-11-11,2.29
FAT_0310,Fatehgarh Sahib,30.659565,76.249781,wheat,2023-11-03,2.59
FAT_0311,Fatehgarh Sahib,30.643216,76.473925,wheat,2023-11-08,5.17
FAT_0312,Fatehgarh Sahib,30.614364,76.288454,wheat,2023-11-16,2.71
FAT_0313,Fatehgarh Sahib,30.778657,76.309012,wheat,2023-11-19,5.69
FAT_0314,Fatehgarh Sahib,30.774978,76.290786,wheat,2023-10-23,4.73
FAT_0315,Fatehgarh Sahib,30.629328,76.38682,wheat,2023-11-27,5.83
FAT_0316,Fatehgarh Sahib,30.560705,76.465458,wheat,2023-11-06,0.53
FAT_0317,Fatehgarh Sahib,30.685011,76.43175,wheat,2023-11-01,5.59
FAT_0318,Fatehgarh Sahib,30.720074,76.454,wheat,2023-11-18,1.9
FAT_0319,Fatehgarh Sahib,30.786995,76.380154,wheat,2023-10-15,3.26
FAT_0320,Fatehgarh Sahib,30.619336,76.415219,wheat,2023-11-03,2.42
FAT_0321,Fatehgarh Sahib,30.576185,76.508839,wheat,2023-11-19,3.23
FAT_0322,Fatehgarh Sahib,30.778401,76.365401,wheat,2023-11-26,2.63
FAT_0323,Fatehgarh Sahib,30.765734,76.426217,wheat,2023-11-19,2.77
FAT_0324,Fatehgarh Sahib,30.62296,76.272325,wheat,2023-11-19,5.82
FAT_0325,Fatehgarh Sahib,30.572829,76.387395,wheat,2023-10-31,4.06
FAT_0326,Fatehgarh Sahib,30.618445,76.463945,wheat,2023-10-20,3.41
FAT_0327,Fatehgarh Sahib,30.545254,76.252007,wheat,2023-11-09,4.48
FAT_0328,Fatehgarh Sahib,30.740984,76.344574,wheat,2023-10-24,3.45
FAT_0329,Fatehgarh Sahib,30.576204,76.495524,wheat,2023-11-09,4.64
FAT_0330,Fatehgarh Sahib,30.533888,76.371393,wheat,2023-11-28,5.95
FAT_0331,Fatehgarh Sahib,30.573228,76.436732,wheat,2023-11-27,4.75
FAT_0332,Fatehgarh Sahib,30.679481,76.390877,wheat,2023-11-27,5.61
FAT_0333,Fatehgarh Sahib,30.619525,76.501355,wheat,2023-11-26,4.66
FAT_0334,Fatehgarh Sahib,30.7654,76.40318,wheat,2023-11-03,2.2
FAT_0335,Fatehgarh Sahib,30.523276,76.475593,wheat,2023-10-22,1.95
FAT_0336,Fatehgarh Sahib,30.754675,76.506685,wheat,2023-11-12,5.38
FAT_0337,Fatehgarh Sahib,30.677425,76.522443,wheat,2023-10-31,1.07
FAT_0338,Fatehgarh Sahib,30.78371,76.402666,wheat,2023-11-24,5.56
FAT_0339,Fatehgarh Sahib,30.721896,76.430319,wheat,2023-11-17,0.65
FAT_0340,Fatehgarh Sahib,30.586486,76.44103,wheat,2023-10-30,5.25
FAT_0341,Fatehgarh Sahib,30.509657,76.307233,wheat,2023-11-13,2.06
FAT_0342,Fatehgarh Sahib,30.548677,76.271942,wheat,2023-11-14,4.01
FAT_0343,Fatehgarh Sahib,30.675561,76.489412,wheat,2023-10-31,1.25
FAT_0344,Fatehgarh Sahib,30.732763,76.525692,wheat,2023-10-29,2.48
FAT_0345,Fatehgarh Sahib,30.751298,76.462513,wheat,2023-11-07,2.83
FAT_0346,Fatehgarh Sahib,30.537364,76.28214,wheat,2023-11-25,4.7
FAT_0347,Fatehgarh Sahib,30.750733,76.376965,wheat,2023-10-18,0.87
FAT_0348,Fatehgarh Sahib,30.676608,76.506215,wheat,2023-10-17,2.7
FAT_0349,Fatehgarh Sahib,30.691174,76.400762,wheat,2023-10-27,5.08
FAT_0350,Fatehgarh Sahib,30.564818,76.438712,wheat,2023-11-24,5.16
FAT_0351,Fatehgarh Sahib,30.76947,76.41418,wheat,2023-10-15,3.57
FAT_0352,Fatehgarh Sahib,30.695429,76.325297,wheat,2023-10-23,5.85
FAT_0353,Fatehgarh Sahib,30.573211,76.504179,wheat,2023-11-05,0.5
FAT_0354,Fatehgarh Sahib,30.661121,76.42492,wheat,2023-11-03,5.28
FAT_0355,Fatehgarh Sahib,30.660358,76.275356,wheat,2023-11-16,3.61
FAT_0356,Fatehgarh Sahib,30.585029,76.50068,wheat,2023-11-26,1.17
FAT_0357,Fatehgarh Sahib,30.536295,76.398803,wheat,2023-10-24,3.31
FAT_0358,Fatehgarh Sahib,30.769118,76.32259,wheat,2023-11-12,5.95
FAT_0359,Fatehgarh Sahib,30.514418,76.28219,wheat,2023-10-16,0.94
FAT_0360,Fatehgarh Sahib,30.631701,76.491304,wheat,2023-10-23,5.01
FAT_0361,Fatehgarh Sahib,30.717532,76.251075,wheat,2023-11-23,2.68
FAT_0362,Fatehgarh Sahib,30.713859,76.452537,wheat,2023-11-23,1.48
FAT_0363,Fatehgarh Sahib,30.653311,76.508331,wheat,2023-11-05,4.43
FAT_0364,Fatehgarh Sahib,30.777254,76.349977,wheat,2023-10-27,2.63
FAT_0365,Fatehgarh Sahib,30.635718,76.475531,wheat,2023-11-06,3.17
FAT_0366,Fatehgarh Sahib,30.571249,76.525737,wheat,2023-11-04,5.41
FAT_0367,Fatehgarh Sahib,30.677071,76.517957,wheat,2023-11-11,5.78
FAT_0368,Fatehgarh Sahib,30.55423,76.312128,wheat,2023-11-15,5.37
FAT_0369,Fatehgarh Sahib,30.626565,76.352924,wheat,2023-11-24,3.97
FAT_0370,Fatehgarh Sahib,30.60534,76.360401,wheat,2023-11-18,2.75
FAT_0371,Fatehgarh Sahib,30.544373,76.313275,wheat,2023-10-19,4.8
FAT_0372,Fatehgarh Sahib,30.626334,76.356339,wheat,2023-11-08,4.08
FAT_0373,Fatehgarh Sahib,30.553031,76.35561,wheat,2023-11-10,4.08
FAT_0374,Fatehgarh Sahib,30.540462,76.37439,wheat,2023-10-24,3.78
FAT_0375,Fatehgarh Sahib,30.742429,76.451874,wheat,2023-10-31,4.24
FAT_0376,Fatehgarh Sahib,30.606773,76.313883,wheat,2023-11-27,0.81
FAT_0377,Fatehgarh Sahib,30.586725,76.287318,wheat,2023-10-27,4.36
FAT_0378,Fatehgarh Sahib,30.70277,76.338087,wheat,2023-10-31,3.3
FAT_0379,Fatehgarh Sahib,30.569696,76.389833,wheat,2023-11-15,2.16
FAT_0380,Fatehgarh Sahib,30.581651,76.523281,wheat,2023-11-07,3.45
FAT_0381,Fatehgarh Sahib,30.666381,76.251182,wheat,2023-10-24,2.46
FAT_0382,Fatehgarh Sahib,30.779475,76.298068,wheat,2023-10-23,2.17
FAT_0383,Fatehgarh Sahib,30.786244,76.38371,wheat,2023-11-04,3.99
FAT_0384,Fatehgarh Sahib,30.647965,76.517086,wheat,2023-10-29,0.96
FAT_0385,Fatehgarh Sahib,30.730353,76.327144,wheat,2023-10-28,5.16
FAT_0386,Fatehgarh Sahib,30.746782,76.491675,wheat,2023-11-21,4.45
FAT_0387,Fatehgarh Sahib,30.548873,76.263533,wheat,2023-11-14,3.22
FAT_0388,Fatehgarh Sahib,30.593734,76.456818,wheat,2023-10-30,4.47
FAT_0389,Fatehgarh Sahib,30.781139,76.36116,wheat,2023-11-18,4.58
FAT_0390,Fatehgarh Sahib,30.78585,76.465612,wheat,2023-11-20,2.06
FAT_0391,Fatehgarh Sahib,30.513276,76.520087,wheat,2023-11-29,4.97
FAT_0392,Fatehgarh Sahib,30.731108,76.455013,wheat,2023-11-16,4.63
FAT_0393,Fatehgarh Sahib,30.769248,76.504951,wheat,2023-10-21,0.67
FAT_0394,Fatehgarh Sahib,30.519831,76.374059,wheat,2023-11-01,5.09
FAT_0395,Fatehgarh Sahib,30.746331,76.362229,wheat,2023-11-28,3.29
FAT_0396,Fatehgarh Sahib,30.742112,76.427219,wheat,2023-10-28,1.27
FAT_0397,Fatehgarh Sahib,30.610426,76.404519,wheat,2023-10-17,5.07
FAT_0398,Fatehgarh Sahib,30.770008,76.27713,wheat,2023-11-08,1.73
FAT_0399,Fatehgarh Sahib,30.618804,76.331991,wheat,2023-10-20,0.72
FAT_0400,Fatehgarh Sahib,30.527484,76.483741,wheat,2023-11-02,1.06
FAT_0401,Fatehgarh Sahib,30.739741,76.334823,wheat,2023-11-22,1.05
FAT_0402,Fatehgarh Sahib,30.512714,76.348481,wheat,2023-10-29,5.09
FAT_0403,Fatehgarh Sahib,30.766588,76.266244,wheat,2023-10-25,1.37
FAT_0404,Fatehgarh Sahib,30.723561,76.306367,wheat,2023-10-16,1.77
FAT_0405,Fatehgarh Sahib,30.757904,76.493986,wheat,2023-10-27,1.4
FAT_0406,Fatehgarh Sahib,30.615722,76.31513,wheat,2023-11-14,4.2
FAT_0407,Fatehgarh Sahib,30.727381,76.288797,wheat,2023-11-11,3.05
FAT_0408,Fatehgarh Sahib,30.731602,76.263459,wheat,2023-11-25,2.48
FAT_0409,Fatehgarh Sahib,30.513139,76.450176,wheat,2023-11-19,2.36
FAT_0410,Fatehgarh Sahib,30.72789,76.458711,wheat,2023-10-18,4.02
FAT_0411,Fatehgarh Sahib,30.703326,76.431345,wheat,2023-11-13,2.42
FAT_0412,Fatehgarh Sahib,30.516886,76.372711,wheat,2023-11-13,0.75
FAT_0413,Fatehgarh Sahib,30.640283,76.378942,wheat,2023-11-13,4.81
FAT_0414,Fatehgarh Sahib,30.706179,76.405671,wheat,2023-10-23,5.59
FAT_0415,Fatehgarh Sahib,30.589412,76.322369,wheat,2023-11-16,3.49
FAT_0416,Fatehgarh Sahib,30.5665,76.492291,wheat,2023-10-23,2.17
FAT_0417,Fatehgarh Sahib,30.646461,76.397263,wheat,2023-11-28,4.56
FAT_0418,Fatehgarh Sahib,30.70278,76.462027,wheat,2023-10-29,3.83
FAT_0419,Fatehgarh Sahib,30.637851,76.374697,wheat,2023-11-11,2.57
FAT_0420,Fatehgarh Sahib,30.631433,76.294828,wheat,2023-11-16,4.24
FAT_0421,Fatehgarh Sahib,30.530539,76.526343,wheat,2023-10-21,2.61
FAT_0422,Fatehgarh Sahib,30.575579,76.330384,wheat,2023-10-21,2.27
FAT_0423,Fatehgarh Sahib,30.710134,76.29849,wheat,2023-11-06,1.06
FAT_0424,Fatehgarh Sahib,30.601809,76.512548,wheat,2023-10-27,2.59
FAT_0425,Fatehgarh Sahib,30.726655,76.378277,wheat,2023-11-02,5.03
FAT_0426,Fatehgarh Sahib,30.516509,76.491168,wheat,2023-11-04,3.17
FAT_0427,Fatehgarh Sahib,30.607316,76.502914,wheat,2023-10-19,5.88
FAT_0428,Fatehgarh Sahib,30.77118,76.324018,wheat,2023-10-30,2.37
FAT_0429,Fatehgarh Sahib,30.736407,76.303771,wheat,2023-11-27,1.21
FAT_0430,Fatehgarh Sahib,30.56657,76.389142,wheat,2023-11-17,4.6
FAT_0431,Fatehgarh Sahib,30.71604,76.419498,wheat,2023-10-24,2.78
FAT_0432,Fatehgarh Sahib,30.57794,76.326565,wheat,2023-10-27,2.28
FAT_0433,Fatehgarh Sahib,30.676677,76.307127,wheat,2023-11-16,4.31
FAT_0434,Fatehgarh Sahib,30.515106,76.52082,wheat,2023-10-16,2.43
FAT_0435,Fatehgarh Sahib,30.510843,76.496684,wheat,2023-11-15,5.0
FAT_0436,Fatehgarh Sahib,30.630807,76.348171,wheat,2023-11-11,4.1
FAT_0437,Fatehgarh Sahib,30.62268,76.404738,wheat,2023-11-10,2.33
FAT_0438,Fatehgarh Sahib,30.532013,76.467784,wheat,2023-10-27,2.42
FAT_0439,Fatehgarh Sahib,30.782,76.321732,wheat,2023-11-13,2.18
FAT_0440,Fatehgarh Sahib,30.703299,76.475342,wheat,2023-11-05,3.18
FAT_0441,Fatehgarh Sahib,30.61174,76.45753,wheat,2023-11-25,3.8
FAT_0442,Fatehgarh Sahib,30.714415,76.324395,wheat,2023-10-23,4.11
FAT_0443,Fatehgarh Sahib,30.714863,76.281877,wheat,2023-10-22,2.73
FAT_0444,Fatehgarh Sahib,30.726268,76.407901,wheat,2023-10-29,2.97
FAT_0445,Fatehgarh Sahib,30.598256,76.250137,wheat,2023-11-02,1.82
FAT_0446,Fatehgarh Sahib,30.541673,76.282484,wheat,2023-10-15,3.82
FAT_0447,Fatehgarh Sahib,30.678527,76.261536,wheat,2023-11-03,1.3
FAT_0448,Fatehgarh Sahib,30.614623,76.526111,wheat,2023-11-11,3.37
FAT_0449,Fatehgarh Sahib,30.518573,76.346344,wheat,2023-10-21,1.74
FAT_0450,Fatehgarh Sahib,30.779046,76.368082,wheat,2023-11-14,0.62
FAT_0451,Fatehgarh Sahib,30.660359,76.438333,wheat,2023-11-16,5.6
FAT_0452,Fatehgarh Sahib,30.761541,76.287909,wheat,2023-11-04,0.94
FAT_0453,Fatehgarh Sahib,30.596447,76.419277,wheat,2023-11-02,1.99
FAT_0454,Fatehgarh Sahib,30.775308,76.335053,wheat,2023-11-11,4.92
FAT_0455,Fatehgarh Sahib,30.741954,76.276562,wheat,2023-11-02,1.68
FAT_0456,Fatehgarh Sahib,30.766502,76.347309,wheat,2023-10-25,5.1
FAT_0457,Fatehgarh Sahib,30.642845,76.377021,wheat,2023-11-01,2.92
FAT_0458,Fatehgarh Sahib,30.717559,76.367826,wheat,2023-11-25,1.06
FAT_0459,Fatehgarh Sahib,30.523867,76.307307,wheat,2023-11-08,2.56
FAT_0460,Fatehgarh Sahib,30.63615,76.277525,wheat,2023-11-17,3.93
FAT_0461,Fatehgarh Sahib,30.733965,76.423911,wheat,2023-11-12,0.59
FAT_0462,Fatehgarh Sahib,30.513388,76.389002,wheat,2023-11-29,1.97
FAT_0463,Fatehgarh Sahib,30.701223,76.471099,wheat,2023-10-22,5.55
FAT_0464,Fatehgarh Sahib,30.517378,76.441753,wheat,2023-10-19,2.61
FAT_0465,Fatehgarh Sahib,30.695883,76.276338,wheat,2023-11-16,5.66
FAT_0466,Fatehgarh Sahib,30.654432,76.391684,wheat,2023-11-27,3.99
FAT_0467,Fatehgarh Sahib,30.671419,76.401193,wheat,2023-11-09,5.22
FAT_0468,Fatehgarh Sahib,30.680099,76.303834,wheat,2023-11-11,5.53
FAT_0469,Fatehgarh Sahib,30.569469,76.295245,wheat,2023-10-17,1.67
FAT_0470,Fatehgarh Sahib,30.537026,76.406362,wheat,2023-11-29,5.05
FAT_0471,Fatehgarh Sahib,30.52601,76.386229,wheat,2023-11-28,2.86
FAT_0472,Fatehgarh Sahib,30.605309,76.287396,wheat,2023-10-18,5.62
FAT_0473,Fatehgarh Sahib,30.686768,76.485056,wheat,2023-11-21,5.62
FAT_0474,Fatehgarh Sahib,30.718472,76.334946,wheat,2023-11-25,5.06
FAT_0475,Fatehgarh Sahib,30.654651,76.325063,wheat,2023-11-10,2.16
FAT_0476,Fatehgarh Sahib,30.639537,76.467774,wheat,2023-11-01,3.17
FAT_0477,Fatehgarh Sahib,30.584,76.273473,wheat,2023-11-10,2.8
FAT_0478,Fatehgarh Sahib,30.632738,76.462842,wheat,2023-11-23,5.17
FAT_0479,Fatehgarh Sahib,30.652121,76.426063,wheat,2023-11-03,5.64
FAT_0480,Fatehgarh Sahib,30.668018,76.450489,wheat,2023-10-26,1.13
FAT_0481,Fatehgarh Sahib,30.687338,76.352306,wheat,2023-11-08,4.25
FAT_0482,Fatehgarh Sahib,30.731972,76.346822,wheat,2023-11-04,5.3
FAT_0483,Fatehgarh Sahib,30.570317,76.406612,wheat,2023-10-17,2.09
FAT_0484,Fatehgarh Sahib,30.759715,76.252236,wheat,2023-10-21,5.54
FAT_0485,Fatehgarh Sahib,30.600953,76.443823,wheat,2023-10-16,4.03
FAT_0486,Fatehgarh Sahib,30.763649,76.404457,wheat,2023-10-19,2.49
FAT_0487,Fatehgarh Sahib,30.731202,76.448563,wheat,2023-10-21,4.16
FAT_0488,Fatehgarh Sahib,30.695104,76.459538,wheat,2023-10-20,2.24
FAT_0489,Fatehgarh Sahib,30.621358,76.517811,wheat,2023-11-02,3.3
FAT_0490,Fatehgarh Sahib,30.785318,76.313276,wheat,2023-11-10,2.69
FAT_0491,Fatehgarh Sahib,30.721767,76.448668,wheat,2023-10-16,4.1
FAT_0492,Fatehgarh Sahib,30.596667,76.360343,wheat,2023-11-28,0.99
FAT_0493,Fatehgarh Sahib,30.767642,76.285027,wheat,2023-10-24,2.71
FAT_0494,Fatehgarh Sahib,30.546583,76.331038,wheat,2023-11-09,3.98
FAT_0495,Fatehgarh Sahib,30.51775,76.519477,wheat,2023-10-20,0.97
FAT_0496,Fatehgarh Sahib,30.752139,76.341,wheat,2023-11-25,0.87
FAT_0497,Fatehgarh Sahib,30.594712,76.475488,wheat,2023-11-16,1.81
FAT_0498,Fatehgarh Sahib,30.710369,76.44719,wheat,2023-11-14,4.59
FAT_0499,Fatehgarh Sahib,30.660384,76.478305,wheat,2023-10-15,1.19
FAT_0500,Fatehgarh Sahib,30.735872,76.339655,wheat,2023-11-13,4.38
FAT_0501,Fatehgarh Sahib,30.698037,76.343056,wheat,2023-11-07,4.32
FAT_0502,Fatehgarh Sahib,30.746727,76.483705,wheat,2023-10-22,3.95
FAT_0503,Fatehgarh Sahib,30.572674,76.337539,wheat,2023-10-28,2.76
FAT_0504,Fatehgarh Sahib,30.714099,76.335646,wheat,2023-11-18,0.53
FAT_0505,Fatehgarh Sahib,30.677977,76.417257,wheat,2023-11-29,1.98
FAT_0506,Fatehgarh Sahib,30.7361,76.385491,wheat,2023-11-12,4.69
FAT_0507,Fatehgarh Sahib,30.680106,76.3655,wheat,2023-11-21,3.66
FAT_0508,Fatehgarh Sahib,30.651999,76.430597,wheat,2023-11-15,0.97
FAT_0509,Fatehgarh Sahib,30.763873,76.342823,wheat,2023-10-26,4.74
FAT_0510,Fatehgarh Sahib,30.573742,76.527815,wheat,2023-10-25,2.81
FAT_0511,Fatehgarh Sahib,30.592055,76.266378,wheat,2023-11-12,1.02
FAT_0512,Fatehgarh Sahib,30.510409,76.340585,wheat,2023-10-16,2.21
FAT_0513,Fatehgarh Sahib,30.629426,76.314218,wheat,2023-11-06,0.89
FAT_0514,Fatehgarh Sahib,30.560001,76.337645,wheat,2023-10-17,1.31
FAT_0515,Fatehgarh Sahib,30.611233,76.507222,wheat,2023-11-05,1.43
FAT_0516,Fatehgarh Sahib,30.695137,76.386447,wheat,2023-10-27,0.76
FAT_0517,Fatehgarh Sahib,30.729586,76.449296,wheat,2023-10-20,5.66
FAT_0518,Fatehgarh Sahib,30.67259,76.441086,wheat,2023-11-28,2.75
FAT_0519,Fatehgarh Sahib,30.757771,76.403786,wheat,2023-11-19,0.55
FAT_0520,Fatehgarh Sahib,30.673206,76.396121,wheat,2023-10-29,4.97
FAT_0521,Fatehgarh Sahib,30.561361,76.477312,wheat,2023-10-24,3.73
FAT_0522,Fatehgarh Sahib,30.620119,76.341826,wheat,2023-10-15,2.88
FAT_0523,Fatehgarh Sahib,30.571606,76.300359,wheat,2023-11-10,1.75
FAT_0524,Fatehgarh Sahib,30.715352,76.448181,wheat,2023-11-21,0.68
FAT_0525,Fatehgarh Sahib,30.7557,76.470019,wheat,2023-11-15,4.95
FAT_0526,Fatehgarh Sahib,30.672115,76.527147,wheat,2023-11-20,1.49
FAT_0527,Fatehgarh Sahib,30.529254,76.446167,wheat,2023-11-15,3.85
FAT_0528,Fatehgarh Sahib,30.618676,76.342387,wheat,2023-10-28,5.41
FAT_0529,Fatehgarh Sahib,30.548772,76.301916,wheat,2023-10-15,4.8
FAT_0530,Fatehgarh Sahib,30.74202,76.313722,wheat,2023-11-14,5.35
FAT_0531,Fatehgarh Sahib,30.679674,76.479501,wheat,2023-10-25,2.46
FAT_0532,Fatehgarh Sahib,30.655962,76.410548,wheat,2023-10-18,1.04
FAT_0533,Fatehgarh Sahib,30.659824,76.435336,wheat,2023-11-18,3.25
FAT_0534,Fatehgarh Sahib,30.590919,76.49274,wheat,2023-10-31,3.8
FAT_0535,Fatehgarh Sahib,30.663357,76.51342,wheat,2023-10-24,2.04
FAT_0536,Fatehgarh Sahib,30.688691,76.518255,wheat,2023-11-14,0.63
FAT_0537,Fatehgarh Sahib,30.684445,76.292914,wheat,2023-11-08,4.02
FAT_0538,Fatehgarh Sahib,30.771357,76.436482,wheat,2023-11-21,0.59
FAT_0539,Fatehgarh Sahib,30.651899,76.502027,wheat,2023-11-15,0.96
FAT_0540,Fatehgarh Sahib,30.710569,76.389702,wheat,2023-10-25,0.76
FAT_0541,Fatehgarh Sahib,30.587376,76.34049,wheat,2023-10-24,3.09
FAT_0542,Fatehgarh Sahib,30.645413,76.474849,wheat,2023-11-14,2.03
FAT_0543,Fatehgarh Sahib,30.69732,76.351916,wheat,2023-11-22,3.56
FAT_0544,Fatehgarh Sahib,30.703781,76.513655,wheat,2023-11-03,1.98
FAT_0545,Fatehgarh Sahib,30.538049,76.369062,wheat,2023-10-20,1.75
FAT_0546,Fatehgarh Sahib,30.758339,76.472677,wheat,2023-11-09,3.22
FAT_0547,Fatehgarh Sahib,30.635018,76.260408,wheat,2023-11-22,3.78
FAT_0548,Fatehgarh Sahib,30.758657,76.389307,wheat,2023-11-08,1.37
FAT_0549,Fatehgarh Sahib,30.559416,76.293763,wheat,2023-10-25,4.86
FAT_0550,Fatehgarh Sahib,30.739935,76.484321,wheat,2023-11-27,1.03
FAT_0551,Fatehgarh Sahib,30.70561,76.446214,wheat,2023-11-29,3.2
FAT_0552,Fatehgarh Sahib,30.694481,76.500254,wheat,2023-10-25,1.11
FAT_0553,Fatehgarh Sahib,30.758814,76.507276,wheat,2023-11-22,0.53
FAT_0554,Fatehgarh Sahib,30.57088,76.442549,wheat,2023-11-26,2.27
FAT_0555,Fatehgarh Sahib,30.526103,76.462624,wheat,2023-11-09,2.95
FAT_0556,Fatehgarh Sahib,30.774321,76.372265,wheat,2023-10-16,5.52
FAT_0557,Fatehgarh Sahib,30.623521,76.346072,wheat,2023-10-29,2.47
FAT_0558,Fatehgarh Sahib,30.603356,76.486034,wheat,2023-10-19,5.56
FAT_0559,Fatehgarh Sahib,30.51514,76.276512,wheat,2023-10-15,3.17
FAT_0560,Fatehgarh Sahib,30.592126,76.321774,wheat,2023-11-13,1.74
FAT_0561,Fatehgarh Sahib,30.656126,76.253894,wheat,2023-11-05,2.15
FAT_0562,Fatehgarh Sahib,30.628513,76.396575,wheat,2023-11-17,1.66
FAT_0563,Fatehgarh Sahib,30.756437,76.439986,wheat,2023-10-15,3.11
FAT_0564,Fatehgarh Sahib,30.630089,76.3154,wheat,2023-11-24,3.5
FAT_0565,Fatehgarh Sahib,30.675086,76.366579,wheat,2023-11-27,2.0
FAT_0566,Fatehgarh Sahib,30.51299,76.338359,wheat,2023-10-21,3.69
FAT_0567,Fatehgarh Sahib,30.776599,76.298811,wheat,2023-11-16,2.13
FAT_0568,Fatehgarh Sahib,30.552903,76.443745,wheat,2023-10-17,0.53
FAT_0569,Fatehgarh Sahib,30.783643,76.488587,wheat,2023-10-18,5.57
FAT_0570,Fatehgarh Sahib,30.684857,76.527254,wheat,2023-11-06,2.03
FAT_0571,Fatehgarh Sahib,30.788134,76.299469,wheat,2023-11-21,5.64
FAT_0572,Fatehgarh Sahib,30.612752,76.307754,wheat,2023-10-31,0.83
FAT_0573,Fatehgarh Sahib,30.550708,76.348463,wheat,2023-11-01,3.48
FAT_0574,Fatehgarh Sahib,30.736805,76.252756,wheat,2023-11-03,5.13
FAT_0575,Fatehgarh Sahib,30.67063,76.460814,wheat,2023-11-15,5.47
FAT_0576,Fatehgarh Sahib,30.535146,76.409024,wheat,2023-11-18,5.5
FAT_0577,Fatehgarh Sahib,30.710378,76.276044,wheat,2023-10-21,4.9
FAT_0578,Fatehgarh Sahib,30.585961,76.426098,wheat,2023-11-12,5.12
FAT_0579,Fatehgarh Sahib,30.655683,76.303372,wheat,2023-11-15,3.73
FAT_0580,Fatehgarh Sahib,30.621799,76.439293,wheat,2023-11-09,2.88
FAT_0581,Fatehgarh Sahib,30.754673,76.470655,wheat,2023-11-09,3.39
FAT_0582,Fatehgarh Sahib,30.563977,76.451838,wheat,2023-11-21,0.88
FAT_0583,Fatehgarh Sahib,30.653921,76.263834,wheat,2023-11-20,4.27
FAT_0584,Fatehgarh Sahib,30.626376,76.365733,wheat,2023-11-08,1.18
FAT_0585,Fatehgarh Sahib,30.593518,76.373397,wheat,2023-11-06,5.44
FAT_0586,Fatehgarh Sahib,30.776002,76.277074,wheat,2023-11-23,2.13
FAT_0587,Fatehgarh Sahib,30.638616,76.428688,wheat,2023-11-07,4.82
FAT_0588,Fatehgarh Sahib,30.647845,76.404844,wheat,2023-11-16,5.78
FAT_0589,Fatehgarh Sahib,30.576208,76.474053,wheat,2023-10-27,1.27
FAT_0590,Fatehgarh Sahib,30.768418,76.4885,wheat,2023-11-16,4.79
FAT_0591,Fatehgarh Sahib,30.544497,76.288108,wheat,2023-11-13,1.09
FAT_0592,Fatehgarh Sahib,30.540728,76.361078,wheat,2023-11-15,0.53
FAT_0593,Fatehgarh Sahib,30.711015,76.400258,wheat,2023-10-27,3.49
FAT_0594,Fatehgarh Sahib,30.524145,76.268795,wheat,2023-10-18,3.17
FAT_0595,Fatehgarh Sahib,30.648951,76.343919,wheat,2023-10-16,2.63
FAT_0596,Fatehgarh Sahib,30.673349,76.34694,wheat,2023-11-12,4.43
FAT_0597,Fatehgarh Sahib,30.6712,76.293812,wheat,2023-10-26,4.81
FAT_0598,Fatehgarh Sahib,30.527445,76.419789,wheat,2023-11-15,4.85
FAT_0599,Fatehgarh Sahib,30.541103,76.501463,wheat,2023-11-01,4.56
FAT_0600,Fatehgarh Sahib,30.760734,76.526098,wheat,2023-11-03,3.71
HOS_0001,Hoshiarpur,31.591197,75.842476,rice,2023-11-23,5.18
HOS_0002,Hoshiarpur,31.505508,76.002282,rice,2023-10-28,0.78
HOS_0003,Hoshiarpur,31.455111,75.819626,rice,2023-10-22,0.94
HOS_0004,Hoshiarpur,31.490284,76.048149,rice,2023-11-08,4.87
HOS_0005,Hoshiarpur,31.606966,75.809832,rice,2023-10-25,4.24
HOS_0006,Hoshiarpur,31.400055,75.893513,rice,2023-10-31,5.61
HOS_0007,Hoshiarpur,31.417055,76.025753,rice,2023-11-15,1.54
HOS_0008,Hoshiarpur,31.448722,76.032752,rice,2023-10-23,3.82
HOS_0009,Hoshiarpur,31.604221,75.874594,rice,2023-10-24,3.7
HOS_0010,Hoshiarpur,31.561954,75.98265,rice,2023-11-24,4.76
HOS_0011,Hoshiarpur,31.584922,75.805295,rice,2023-10-31,1.93
HOS_0012,Hoshiarpur,31.672934,75.879942,rice,2023-11-23,1.16
HOS_0013,Hoshiarpur,31.482504,75.93259,rice,2023-10-25,5.06
HOS_0014,Hoshiarpur,31.585018,75.831766,rice,2023-11-02,3.46
HOS_0015,Hoshiarpur,31.614509,76.021545,rice,2023-10-22,5.58
HOS_0016,Hoshiarpur,31.404071,75.961474,rice,2023-11-02,4.8
HOS_0017,Hoshiarpur,31.51304,75.775073,rice,2023-11-09,2.38
HOS_0018,Hoshiarpur,31.436508,75.81599,rice,2023-11-15,4.73
HOS_0019,Hoshiarpur,31.446469,75.907548,rice,2023-10-20,4.67
HOS_0020,Hoshiarpur,31.547214,75.919917,rice,2023-11-28,1.42
HOS_0021,Hoshiarpur,31.518999,75.812572,rice,2023-11-04,1.1
HOS_0022,Hoshiarpur,31.563851,75.826195,rice,2023-10-18,1.32
HOS_0023,Hoshiarpur,31.636797,75.806164,rice,2023-10-21,2.79
HOS_0024,Hoshiarpur,31.556142,75.77854,rice,2023-11-16,0.5
HOS_0025,Hoshiarpur,31.62283,75.905124,rice,2023-10-16,2.39
HOS_0026,Hoshiarpur,31.535779,75.809938,rice,2023-10-18,3.5
HOS_0027,Hoshiarpur,31.54205,75.940794,rice,2023-11-19,2.77
HOS_0028,Hoshiarpur,31.642797,75.904909,rice,2023-11-21,3.01
HOS_0029,Hoshiarpur,31.577592,75.944906,rice,2023-10-15,5.9
HOS_0030,Hoshiarpur,31.657954,75.85076,rice,2023-10-15,3.57
HOS_0031,Hoshiarpur,31.609736,76.029731,rice,2023-11-22,0.6
HOS_0032,Hoshiarpur,31.58459,75.798062,rice,2023-11-10,4.19
HOS_0033,Hoshiarpur,31.55848,75.951387,rice,2023-11-14,3.21
HOS_0034,Hoshiarpur,31.567028,75.856082,rice,2023-10-23,1.5
HOS_0035,Hoshiarpur,31.456351,76.012245,rice,2023-10-25,4.14
HOS_0036,Hoshiarpur,31.538169,76.005556,rice,2023-11-05,3.3
HOS_0037,Hoshiarpur,31.420131,75.827436,rice,2023-10-30,5.07
HOS_0038,Hoshiarpur,31.579716,75.984577,rice,2023-10-15,4.43
HOS_0039,Hoshiarpur,31.624854,76.048351,rice,2023-11-22,1.89
HOS_0040,Hoshiarpur,31.422389,75.937129,rice,2023-11-14,4.74
HOS_0041,Hoshiarpur,31.55124,75.856995,rice,2023-11-09,2.96
HOS_0042,Hoshiarpur,31.474245,76.007504,rice,2023-11-17,3.67
HOS_0043,Hoshiarpur,31.473365,75.864009,rice,2023-11-22,2.83
HOS_0044,Hoshiarpur,31.438945,75.942932,rice,2023-11-10,4.29
HOS_0045,Hoshiarpur,31.39403,75.922323,rice,2023-11-11,2.33
HOS_0046,Hoshiarpur,31.488845,75.860944,rice,2023-11-10,2.95
HOS_0047,Hoshiarpur,31.621343,75.903327,rice,2023-11-25,2.57
HOS_0048,Hoshiarpur,31.589793,75.92571,rice,2023-11-29,4.69
HOS_0049,Hoshiarpur,31.642742,75.915271,rice,2023-11-28,5.68
HOS_0050,Hoshiarpur,31.655425,76.051159,rice,2023-11-06,1.36
HOS_0051,Hoshiarpur,31.394999,75.894447,rice,2023-11-05,0.9
HOS_0052,Hoshiarpur,31.498608,75.934809,rice,2023-11-17,1.67
HOS_0053,Hoshiarpur,31.59872,75.836271,rice,2023-10-15,2.42
HOS_0054,Hoshiarpur,31.561622,75.924363,rice,2023-11-22,2.13
HOS_0055,Hoshiarpur,31.51694,76.008872,rice,2023-11-16,0.81
HOS_0056,Hoshiarpur,31.593649,75.823087,rice,2023-11-09,3.17
HOS_0057,Hoshiarpur,31.525191,75.908216,rice,2023-11-24,2.0
HOS_0058,Hoshiarpur,31.408206,75.888188,rice,2023-10-16,3.92
HOS_0059,Hoshiarpur,31.577141,75.790073,rice,2023-11-15,4.14
HOS_0060,Hoshiarpur,31.542733,76.005355,rice,2023-10-20,1.63
HOS_0061,Hoshiarpur,31.427696,75.873367,rice,2023-10-22,3.17
HOS_0062,Hoshiarpur,31.421606,75.791962,rice,2023-11-13,4.23
HOS_0063,Hoshiarpur,31.477151,75.959455,rice,2023-11-26,2.23
HOS_0064,Hoshiarpur,31.452748,76.047441,rice,2023-10-28,0.59
HOS_0065,Hoshiarpur,31.429631,76.006161,rice,2023-10-31,2.04
HOS_0066,Hoshiarpur,31.46758,75.967156,rice,2023-10-21,2.76
HOS_0067,Hoshiarpur,31.629365,75.98128,rice,2023-11-02,1.87
HOS_0068,Hoshiarpur,31.615877,76.014477,rice,2023-11-08,5.1
HOS_0069,Hoshiarpur,31.40848,75.967428,rice,2023-10-25,5.69
HOS_0070,Hoshiarpur,31.467774,75.992177,rice,2023-11-16,4.29
HOS_0071,Hoshiarpur,31.640044,75.966126,rice,2023-11-11,2.48
HOS_0072,Hoshiarpur,31.438135,75.873739,rice,2023-11-23,4.98
HOS_0073,Hoshiarpur,31.430862,75.950625,rice,2023-11-29,5.42
HOS_0074,Hoshiarpur,31.581931,75.993936,rice,2023-11-29,1.14
HOS_0075,Hoshiarpur,31.533673,75.920935,rice,2023-10-29,2.05
HOS_0076,Hoshiarpur,31.423816,75.967472,rice,2023-11-20,3.21
HOS_0077,Hoshiarpur,31.629842,75.906817,rice,2023-10-23,3.29
HOS_0078,Hoshiarpur,31.613156,75.973809,rice,2023-11-22,1.96
HOS_0079,Hoshiarpur,31.480632,76.023775,rice,2023-10-29,4.34
HOS_0080,Hoshiarpur,31.434634,75.983444,rice,2023-10-25,1.73
HOS_0081,Hoshiarpur,31.560338,75.929988,rice,2023-10-17,3.2
HOS_0082,Hoshiarpur,31.640189,75.962548,rice,2023-10-24,5.96
HOS_0083,Hoshiarpur,31.613675,75.952168,rice,2023-11-11,5.66
HOS_0084,Hoshiarpur,31.541564,75.884748,rice,2023-11-09,5.09
HOS_0085,Hoshiarpur,31.657268,75.906097,rice,2023-11-14,3.85
HOS_0086,Hoshiarpur,31.601447,75.876618,rice,2023-10-21,4.61
HOS_0087,Hoshiarpur,31.542694,75.85638,rice,2023-10-28,2.64
HOS_0088,Hoshiarpur,31.614311,75.772862,rice,2023-11-12,5.0
HOS_0089,Hoshiarpur,31.479841,76.040695,rice,2023-11-17,1.83
HOS_0090,Hoshiarpur,31.668064,75.911883,rice,2023-11-18,3.38
HOS_0091,Hoshiarpur,31.648665,76.029153,rice,2023-11-19,5.88
HOS_0092,Hoshiarpur,31.486084,75.837054,rice,2023-11-16,0.66
HOS_0093,Hoshiarpur,31.490977,75.940737,rice,2023-10-27,3.69
HOS_0094,Hoshiarpur,31.407548,75.871145,rice,2023-10-29,4.61
HOS_0095,Hoshiarpur,31.423212,75.972154,rice,2023-10-17,3.63
HOS_0096,Hoshiarpur,31.642105,76.039278,rice,2023-11-19,0.69
HOS_0097,Hoshiarpur,31.584143,75.838409,rice,2023-11-27,3.93
HOS_0098,Hoshiarpur,31.593436,76.007253,rice,2023-11-02,4.38
HOS_0099,Hoshiarpur,31.611672,75.93974,rice,2023-10-28,0.62
HOS_0100,Hoshiarpur,31.542339,75.972351,rice,2023-10-20,1.1
HOS_0101,Hoshiarpur,31.514203,75.84373,rice,2023-10-20,2.65
HOS_0102,Hoshiarpur,31.450411,75.77323,rice,2023-11-10,2.27
HOS_0103,Hoshiarpur,31.538525,76.032179,rice,2023-11-09,3.32
HOS_0104,Hoshiarpur,31.552619,75.953784,rice,2023-10-25,2.31
HOS_0105,Hoshiarpur,31.421855,76.02998,rice,2023-10-15,2.91
HOS_0106,Hoshiarpur,31.556561,75.780127,rice,2023-11-27,0.76
HOS_0107,Hoshiarpur,31.415467,75.978849,rice,2023-11-18,1.51
HOS_0108,Hoshiarpur,31.396334,75.778411,rice,2023-10-25,2.73
HOS_0109,Hoshiarpur,31.54567,75.934137,rice,2023-11-13,3.03
HOS_0110,Hoshiarpur,31.60488,75.85308,rice,2023-11-05,1.81
HOS_0111,Hoshiarpur,31.633211,75.964994,rice,2023-11-01,2.01
HOS_0112,Hoshiarpur,31.432243,75.782478,rice,2023-11-05,5.19
HOS_0113,Hoshiarpur,31.560148,75.784832,rice,2023-11-07,2.04
HOS_0114,Hoshiarpur,31.46766,75.925549,rice,2023-10-22,2.7
HOS_0115,Hoshiarpur,31.641021,75.973435,rice,2023-11-11,5.25
HOS_0116,Hoshiarpur,31.651983,76.046403,rice,2023-11-25,2.21
HOS_0117,Hoshiarpur,31.452711,75.818243,rice,2023-10-25,4.25
HOS_0118,Hoshiarpur,31.418594,76.0019,rice,2023-11-12,4.81
HOS_0119,Hoshiarpur,31.569973,75.893971,rice,2023-10-31,3.28
HOS_0120,Hoshiarpur,31.438567,75.941394,rice,2023-10-22,2.2
HOS_0121,Hoshiarpur,31.463246,75.895494,rice,2023-11-06,2.52
HOS_0122,Hoshiarpur,31.663809,75.773651,rice,2023-11-10,5.52
HOS_0123,Hoshiarpur,31.394192,75.832679,rice,2023-10-18,4.5
HOS_0124,Hoshiarpur,31.57446,75.975306,rice,2023-11-29,2.75
HOS_0125,Hoshiarpur,31.613579,75.815363,rice,2023-11-02,5.67
HOS_0126,Hoshiarpur,31.634152,75.979105,rice,2023-11-20,4.08
HOS_0127,Hoshiarpur,31.539906,75.882663,rice,2023-11-02,4.06
HOS_0128,Hoshiarpur,31.515772,75.991742,rice,2023-11-23,0.8
HOS_0129,Hoshiarpur,31.621673,75.998997,rice,2023-11-02,0.71
HOS_0130,Hoshiarpur,31.593838,75.827964,rice,2023-10-25,5.98
HOS_0131,Hoshiarpur,31.396571,75.836342,rice,2023-11-15,4.8
HOS_0132,Hoshiarpur,31.556035,76.009562,rice,2023-10-16,5.79
HOS_0133,Hoshiarpur,31.564832,75.836891,rice,2023-10-25,5.26
HOS_0134,Hoshiarpur,31.462632,76.022185,rice,2023-10-19,5.33
HOS_0135,Hoshiarpur,31.569787,75.941119,rice,2023-11-06,4.66
HOS_0136,Hoshiarpur,31.585319,75.894007,rice,2023-11-27,3.16
HOS_0137,Hoshiarpur,31.502898,76.03697,rice,2023-11-12,4.79
HOS_0138,Hoshiarpur,31.404416,76.010679,rice,2023-11-13,2.8
HOS_0139,Hoshiarpur,31.600405,75.783207,rice,2023-11-29,4.13
HOS_0140,Hoshiarpur,31.5221,75.856996,rice,2023-11-25,2.21
HOS_0141,Hoshiarpur,31.478951,75.808687,rice,2023-11-02,2.99
HOS_0142,Hoshiarpur,31.509342,75.968866,rice,2023-11-05,2.81
HOS_0143,Hoshiarpur,31.418921,76.010577,rice,2023-10-29,4.1
HOS_0144,Hoshiarpur,31.654371,75.986876,rice,2023-11-03,3.46
HOS_0145,Hoshiarpur,31.546606,76.009869,rice,2023-11-18,1.48
HOS_0146,Hoshiarpur,31.56942,76.0144,rice,2023-11-21,4.92
HOS_0147,Hoshiarpur,31.42892,75.893994,rice,2023-10-15,1.92
HOS_0148,Hoshiarpur,31.58426,75.905343,rice,2023-11-07,2.14
HOS_0149,Hoshiarpur,31.488322,76.011867,rice,2023-10-31,4.97
HOS_0150,Hoshiarpur,31.649883,76.038646,rice,2023-11-23,3.21
HOS_0151,Hoshiarpur,31.421077,75.99602,rice,2023-11-18,2.59
HOS_0152,Hoshiarpur,31.667149,75.866832,rice,2023-11-13,5.49
HOS_0153,Hoshiarpur,31.559924,75.78226,rice,2023-11-21,4.69
HOS_0154,Hoshiarpur,31.573897,75.944084,rice,2023-11-23,1.7
HOS_0155,Hoshiarpur,31.454056,75.780168,rice,2023-11-25,2.35
HOS_0156,Hoshiarpur,31.545403,75.808626,rice,2023-10-22,3.57
HOS_0157,Hoshiarpur,31.46773,75.843109,rice,2023-10-26,5.96
HOS_0158,Hoshiarpur,31.621203,75.78723,rice,2023-11-27,4.51
HOS_0159,Hoshiarpur,31.443959,75.931382,rice,2023-11-04,2.59
HOS_0160,Hoshiarpur,31.654076,75.970344,rice,2023-11-25,2.16
HOS_0161,Hoshiarpur,31.420577,76.000298,rice,2023-10-19,0.9
HOS_0162,Hoshiarpur,31.422874,76.042749,rice,2023-11-05,1.84
HOS_0163,Hoshiarpur,31.664646,75.962725,rice,2023-10-19,2.61
HOS_0164,Hoshiarpur,31.611571,75.893916,rice,2023-10-28,0.91
HOS_0165,Hoshiarpur,31.458348,76.012897,rice,2023-11-13,3.26
HOS_0166,Hoshiarpur,31.462739,75.904885,rice,2023-11-16,4.84
HOS_0167,Hoshiarpur,31.416832,76.050535,rice,2023-10-24,2.25
HOS_0168,Hoshiarpur,31.637761,75.96288,rice,2023-11-23,4.16
HOS_0169,Hoshiarpur,31.433119,76.02565,rice,2023-11-20,4.92
HOS_0170,Hoshiarpur,31.477867,75.858241,rice,2023-11-04,5.81
HOS_0171,Hoshiarpur,31.533065,75.788769,rice,2023-10-17,1.75
HOS_0172,Hoshiarpur,31.640051,76.028603,rice,2023-11-22,0.9
HOS_0173,Hoshiarpur,31.55708,76.046827,rice,2023-10-20,3.39
HOS_0174,Hoshiarpur,31.584538,75.941193,rice,2023-11-26,1.62
HOS_0175,Hoshiarpur,31.576839,75.86528,rice,2023-11-23,2.81
HOS_0176,Hoshiarpur,31.63261,75.838737,rice,2023-10-30,1.88
HOS_0177,Hoshiarpur,31.396055,75.815402,rice,2023-11-15,2.89
HOS_0178,Hoshiarpur,31.448646,76.042391,rice,2023-11-29,0.65
HOS_0179,Hoshiarpur,31.529567,75.997289,rice,2023-10-30,1.54
HOS_0180,Hoshiarpur,31.592181,75.946241,rice,2023-11-19,4.21
HOS_0181,Hoshiarpur,31.468509,75.999006,rice,2023-10-23,4.49
HOS_0182,Hoshiarpur,31.657081,76.011539,rice,2023-11-09,4.8
HOS_0183,Hoshiarpur,31.475102,75.787143,rice,2023-10-31,0.69
HOS_0184,Hoshiarpur,31.593973,75.97831,rice,2023-11-10,3.6
HOS_0185,Hoshiarpur,31.441083,76.017202,rice,2023-11-04,3.33
HOS_0186,Hoshiarpur,31.552926,75.795208,rice,2023-11-11,4.57
HOS_0187,Hoshiarpur,31.411017,75.933949,rice,2023-11-10,1.64
HOS_0188,Hoshiarpur,31.459311,75.776006,rice,2023-10-22,5.41
HOS_0189,Hoshiarpur,31.619186,75.78076,rice,2023-10-28,4.81
HOS_0190,Hoshiarpur,31.395905,75.90332,rice,2023-10-17,1.09
HOS_0191,Hoshiarpur,31.559657,76.051535,rice,2023-11-05,5.76
HOS_0192,Hoshiarpur,31.636334,76.048039,rice,2023-10-22,4.71
HOS_0193,Hoshiarpur,31.633958,75.938487,rice,2023-11-29,1.11
HOS_0194,Hoshiarpur,31.601663,75.948043,rice,2023-11-23,0.83
HOS_0195,Hoshiarpur,31.475645,75.83251,rice,2023-10-29,1.59
HOS_0196,Hoshiarpur,31.470952,75.854888,rice,2023-11-02,3.8
HOS_0197,Hoshiarpur,31.431765,75.839508,rice,2023-11-25,2.97
HOS_0198,Hoshiarpur,31.404665,76.051779,rice,2023-10-29,2.15
HOS_0199,Hoshiarpur,31.474457,75.927364,rice,2023-11-26,3.01
HOS_0200,Hoshiarpur,31.463675,75.930445,rice,2023-11-23,3.16
HOS_0201,Hoshiarpur,31.512461,76.047487,rice,2023-10-30,3.59
HOS_0202,Hoshiarpur,31.413041,75.930737,rice,2023-11-29,5.74
HOS_0203,Hoshiarpur,31.653194,75.83234,rice,2023-11-14,1.34
HOS_0204,Hoshiarpur,31.62354,75.909215,rice,2023-10-23,2.36
HOS_0205,Hoshiarpur,31.484946,75.849116,rice,2023-11-12,2.75
HOS_0206,Hoshiarpur,31.462325,75.970913,rice,2023-11-24,4.0
HOS_0207,Hoshiarpur,31.594302,76.002148,rice,2023-10-30,0.51
HOS_0208,Hoshiarpur,31.408159,75.969902,rice,2023-10-19,5.64
HOS_0209,Hoshiarpur,31.48671,75.990734,rice,2023-11-26,5.88
HOS_0210,Hoshiarpur,31.525822,75.8185,rice,2023-11-17,4.71
HOS_0211,Hoshiarpur,31.623269,75.970044,rice,2023-10-26,2.54
HOS_0212,Hoshiarpur,31.587288,75.845878,rice,2023-11-23,2.96
HOS_0213,Hoshiarpur,31.461898,75.815269,rice,2023-10-31,4.19
HOS_0214,Hoshiarpur,31.639076,75.860037,rice,2023-10-16,2.86
HOS_0215,Hoshiarpur,31.394993,75.887599,rice,2023-11-26,3.66
HOS_0216,Hoshiarpur,31.648385,75.913723,rice,2023-10-27,4.22
HOS_0217,Hoshiarpur,31.591535,75.814681,rice,2023-10-29,1.12
HOS_0218,Hoshiarpur,31.517409,76.02044,rice,2023-10-30,3.15
HOS_0219,Hoshiarpur,31.521723,75.830611,rice,2023-11-12,5.65
HOS_0220,Hoshiarpur,31.478839,75.976788,rice,2023-10-29,0.73
HOS_0221,Hoshiarpur,31.429928,75.859214,rice,2023-11-05,1.71
HOS_0222,Hoshiarpur,31.597488,75.818907,rice,2023-11-25,3.87
HOS_0223,Hoshiarpur,31.558312,75.946145,rice,2023-10-22,1.39
HOS_0224,Hoshiarpur,31.642216,75.931444,rice,2023-10-28,1.67
HOS_0225,Hoshiarpur,31.509732,75.790786,rice,2023-10-19,2.83
HOS_0226,Hoshiarpur,31.431163,75.896424,rice,2023-11-05,4.02
HOS_0227,Hoshiarpur,31.653977,75.968892,rice,2023-10-29,4.74
HOS_0228,Hoshiarpur,31.472382,75.959259,rice,2023-11-07,0.53
HOS_0229,Hoshiarpur,31.414314,75.946794,rice,2023-11-23,4.29
HOS_0230,Hoshiarpur,31.572291,75.789827,rice,2023-10-23,2.66
HOS_0231,Hoshiarpur,31.565641,75.971775,rice,2023-10-26,2.32
HOS_0232,Hoshiarpur,31.62828,75.871191,rice,2023-11-21,0.54
HOS_0233,Hoshiarpur,31.564802,75.839667,rice,2023-10-28,1.92
HOS_0234,Hoshiarpur,31.625816,76.02792,rice,2023-10-20,5.79
HOS_0235,Hoshiarpur,31.478793,75.89966,rice,2023-11-18,2.25
HOS_0236,Hoshiarpur,31.50184,75.838437,rice,2023-11-20,3.65
HOS_0237,Hoshiarpur,31.578595,75.861163,rice,2023-11-29,4.55
HOS_0238,Hoshiarpur,31.566647,75.83332,rice,2023-10-16,2.23
HOS_0239,Hoshiarpur,31.661992,75.948457,rice,2023-10-24,4.02
HOS_0240,Hoshiarpur,31.661244,75.867161,rice,2023-11-11,2.05
HOS_0241,Hoshiarpur,31.499488,75.996266,rice,2023-11-14,1.64
HOS_0242,Hoshiarpur,31.457909,75.950186,rice,2023-10-20,4.03
HOS_0243,Hoshiarpur,31.498128,75.849334,rice,2023-11-24,0.67
HOS_0244,Hoshiarpur,31.600847,75.830877,rice,2023-11-18,5.47
HOS_0245,Hoshiarpur,31.509834,75.951843,rice,2023-10-27,1.9
HOS_0246,Hoshiarpur,31.59017,75.9261,rice,2023-10-20,4.74
HOS_0247,Hoshiarpur,31.551753,75.931413,rice,2023-10-16,2.84
HOS_0248,Hoshiarpur,31.644613,75.87622,rice,2023-11-23,2.31
HOS_0249,Hoshiarpur,31.612238,75.775233,rice,2023-10-30,0.89
HOS_0250,Hoshiarpur,31.537389,75.94786,rice,2023-10-22,0.56
HOS_0251,Hoshiarpur,31.43921,75.856712,rice,2023-11-03,1.03
HOS_0252,Hoshiarpur,31.442397,76.009174,rice,2023-10-28,4.35
HOS_0253,Hoshiarpur,31.476906,75.845754,rice,2023-11-03,2.42
HOS_0254,Hoshiarpur,31.505459,76.025171,rice,2023-10-18,4.59
HOS_0255,Hoshiarpur,31.528163,75.80976,rice,2023-11-01,5.65
HOS_0256,Hoshiarpur,31.415853,76.00961,rice,2023-11-14,1.49
HOS_0257,Hoshiarpur,31.590359,75.82348,rice,2023-11-02,1.81
HOS_0258,Hoshiarpur,31.545675,75.940044,rice,2023-11-11,3.9
HOS_0259,Hoshiarpur,31.585184,75.791328,rice,2023-11-25,1.35
HOS_0260,Hoshiarpur,31.583569,75.806731,rice,2023-11-16,3.14
HOS_0261,Hoshiarpur,31.502295,76.042857,rice,2023-11-24,0.99
HOS_0262,Hoshiarpur,31.590248,75.826359,rice,2023-11-13,2.07
HOS_0263,Hoshiarpur,31.499964,75.989343,rice,2023-11-23,5.58
HOS_0264,Hoshiarpur,31.441791,75.788916,rice,2023-11-27,5.06
HOS_0265,Hoshiarpur,31.474701,75.935191,rice,2023-10-22,1.53
HOS_0266,Hoshiarpur,31.49896,76.014928,rice,2023-11-29,4.07
HOS_0267,Hoshiarpur,31.656515,75.948881,rice,2023-11-20,4.93
HOS_0268,Hoshiarpur,31.606594,76.033413,rice,2023-10-28,3.12
HOS_0269,Hoshiarpur,31.534795,75.86267,rice,2023-10-25,5.98
HOS_0270,Hoshiarpur,31.667632,75.920301,rice,2023-10-27,5.75
HOS_0271,Hoshiarpur,31.493724,76.009998,rice,2023-10-25,4.44
HOS_0272,Hoshiarpur,31.595097,75.950032,rice,2023-11-13,5.19
HOS_0273,Hoshiarpur,31.503764,76.009773,rice,2023-11-12,1.6
HOS_0274,Hoshiarpur,31.594856,75.982036,rice,2023-10-23,5.46
HOS_0275,Hoshiarpur,31.470911,75.787699,rice,2023-10-27,5.31
HOS_0276,Hoshiarpur,31.66601,76.012191,rice,2023-11-07,3.19
HOS_0277,Hoshiarpur,31.635747,75.831912,rice,2023-10-20,3.62
HOS_0278,Hoshiarpur,31.503022,75.93486,rice,2023-11-26,4.81
HOS_0279,Hoshiarpur,31.461234,75.800526,rice,2023-10-27,5.74
HOS_0280,Hoshiarpur,31.572354,75.811923,rice,2023-11-17,4.04
HOS_0281,Hoshiarpur,31.426657,75.856987,rice,2023-10-27,3.18
HOS_0282,Hoshiarpur,31.483979,75.799306,rice,2023-10-16,2.2
HOS_0283,Hoshiarpur,31.57532,75.852943,rice,2023-10-22,3.5
HOS_0284,Hoshiarpur,31.604904,76.00444,rice,2023-10-21,3.1
HOS_0285,Hoshiarpur,31.5931,76.005332,rice,2023-10-21,3.4
HOS_0286,Hoshiarpur,31.410783,75.85321,rice,2023-11-14,2.26
HOS_0287,Hoshiarpur,31.504603,76.03825,rice,2023-10-30,3.48
HOS_0288,Hoshiarpur,31.671541,75.945262,rice,2023-10-24,1.65
HOS_0289,Hoshiarpur,31.662853,75.866162,rice,2023-10-22,2.87
HOS_0290,Hoshiarpur,31.461384,76.001282,rice,2023-10-17,1.71
HOS_0291,Hoshiarpur,31.623559,75.782128,rice,2023-10-28,0.73
HOS_0292,Hoshiarpur,31.656791,75.792634,rice,2023-11-26,5.3
HOS_0293,Hoshiarpur,31.626773,75.938439,rice,2023-10-22,3.92
HOS_0294,Hoshiarpur,31.566997,75.928015,rice,2023-10-16,3.97
HOS_0295,Hoshiarpur,31.66507,76.050742,rice,2023-10-26,1.0
HOS_0296,Hoshiarpur,31.431511,75.973698,rice,2023-11-07,5.9
HOS_0297,Hoshiarpur,31.516095,75.799451,rice,2023-10-16,2.62
HOS_0298,Hoshiarpur,31.673047,75.964243,rice,2023-10-31,1.15
HOS_0299,Hoshiarpur,31.488381,75.785596,rice,2023-11-13,4.2
HOS_0300,Hoshiarpur,31.410099,75.865946,rice,2023-11-14,5.47
HOS_0301,Hoshiarpur,31.625508,75.93278,rice,2023-10-20,5.96
HOS_0302,Hoshiarpur,31.596215,76.038738,rice,2023-11-06,0.89
HOS_0303,Hoshiarpur,31.453402,75.780711,rice,2023-11-16,4.32
HOS_0304,Hoshiarpur,31.443742,76.044773,rice,2023-11-23,5.76
HOS_0305,Hoshiarpur,31.456887,75.953163,rice,2023-11-18,0.52
HOS_0306,Hoshiarpur,31.586858,75.833975,rice,2023-11-14,5.46
HOS_0307,Hoshiarpur,31.628782,76.025482,rice,2023-10-25,1.41
HOS_0308,Hoshiarpur,31.494955,75.970501,rice,2023-11-18,2.28
HOS_0309,Hoshiarpur,31.592809,75.866124,rice,2023-11-28,3.35
HOS_0310,Hoshiarpur,31.586144,75.916815,rice,2023-10-23,4.03
HOS_0311,Hoshiarpur,31.516654,75.989933,rice,2023-11-18,3.66
HOS_0312,Hoshiarpur,31.515904,75.922004,rice,2023-11-13,0.78
HOS_0313,Hoshiarpur,31.580682,75.829235,rice,2023-11-10,4.97
HOS_0314,Hoshiarpur,31.541827,76.009197,rice,2023-11-23,4.19
HOS_0315,Hoshiarpur,31.433553,75.979416,rice,2023-10-24,0.73
HOS_0316,Hoshiarpur,31.462577,75.939367,rice,2023-11-29,2.78
HOS_0317,Hoshiarpur,31.572516,75.936193,rice,2023-10-25,0.89
HOS_0318,Hoshiarpur,31.517372,76.012815,rice,2023-11-20,2.5
HOS_0319,Hoshiarpur,31.535061,75.778042,rice,2023-10-15,3.05
HOS_0320,Hoshiarpur,31.505711,75.972103,rice,2023-10-25,3.87
HOS_0321,Hoshiarpur,31.640479,76.011336,rice,2023-10-25,0.6
HOS_0322,Hoshiarpur,31.633252,75.864154,rice,2023-10-26,2.41
HOS_0323,Hoshiarpur,31.438351,75.966042,rice,2023-11-15,1.47
HOS_0324,Hoshiarpur,31.534949,75.982116,rice,2023-10-27,1.98
HOS_0325,Hoshiarpur,31.596171,75.901353,rice,2023-10-30,2.48
HOS_0326,Hoshiarpur,31.434763,75.865137,rice,2023-11-02,5.34
HOS_0327,Hoshiarpur,31.422607,76.040324,rice,2023-11-29,2.49
HOS_0328,Hoshiarpur,31.563766,76.006596,rice,2023-10-19,1.29
HOS_0329,Hoshiarpur,31.433509,75.947946,rice,2023-10-23,4.04
HOS_0330,Hoshiarpur,31.623763,75.793524,rice,2023-10-28,5.14
HOS_0331,Hoshiarpur,31.404524,76.023671,rice,2023-11-09,4.17
HOS_0332,Hoshiarpur,31.669591,76.002158,rice,2023-11-28,0.74
HOS_0333,Hoshiarpur,31.395067,75.777824,rice,2023-11-15,3.93
HOS_0334,Hoshiarpur,31.528812,75.961596,rice,2023-11-04,2.97
HOS_0335,Hoshiarpur,31.405918,75.835327,rice,2023-11-03,2.4
HOS_0336,Hoshiarpur,31.484934,75.814782,rice,2023-11-29,5.93
HOS_0337,Hoshiarpur,31.458529,75.953111,rice,2023-11-13,0.87
HOS_0338,Hoshiarpur,31.59469,75.949847,rice,2023-10-16,4.24
HOS_0339,Hoshiarpur,31.458672,76.047769,rice,2023-10-31,5.83
HOS_0340,Hoshiarpur,31.439968,75.885428,rice,2023-11-09,2.35
HOS_0341,Hoshiarpur,31.605421,75.98132,rice,2023-11-01,0.59
HOS_0342,Hoshiarpur,31.443058,75.786074,rice,2023-11-06,5.16
HOS_0343,Hoshiarpur,31.475136,75.805018,rice,2023-10-16,0.93
HOS_0344,Hoshiarpur,31.66808,75.860202,rice,2023-10-31,5.63
HOS_0345,Hoshiarpur,31.585164,75.93051,rice,2023-11-29,4.28
HOS_0346,Hoshiarpur,31.586157,75.774946,rice,2023-11-05,5.49
HOS_0347,Hoshiarpur,31.49703,75.870916,rice,2023-11-22,4.27
HOS_0348,Hoshiarpur,31.499285,75.876673,rice,2023-11-02,0.85
HOS_0349,Hoshiarpur,31.51066,75.813854,rice,2023-11-29,2.34
HOS_0350,Hoshiarpur,31.663043,75.963668,rice,2023-11-23,4.66
HOS_0351,Hoshiarpur,31.65937,75.838902,rice,2023-10-21,0.72
HOS_0352,Hoshiarpur,31.422212,75.874644,rice,2023-11-10,4.25
HOS_0353,Hoshiarpur,31.626874,75.843793,rice,2023-11-18,1.73
HOS_0354,Hoshiarpur,31.395696,75.787236,rice,2023-11-18,3.72
HOS_0355,Hoshiarpur,31.533201,75.847719,rice,2023-11-09,3.62
HOS_0356,Hoshiarpur,31.62293,75.791193,rice,2023-10-15,4.55
HOS_0357,Hoshiarpur,31.571672,75.906219,rice,2023-11-14,5.58
HOS_0358,Hoshiarpur,31.527683,75.88389,rice,2023-10-17,5.24
HOS_0359,Hoshiarpur,31.630762,75.975633,rice,2023-10-22,1.18
HOS_0360,Hoshiarpur,31.607056,75.86385,rice,2023-11-22,5.27
HOS_0361,Hoshiarpur,31.497665,75.787205,rice,2023-10-16,4.66
HOS_0362,Hoshiarpur,31.534261,75.985817,rice,2023-11-03,0.69
HOS_0363,Hoshiarpur,31.443606,75.92981,rice,2023-11-05,4.24
HOS_0364,Hoshiarpur,31.663515,75.956761,rice,2023-11-01,2.8
HOS_0365,Hoshiarpur,31.545862,76.027591,rice,2023-11-28,4.92
HOS_0366,Hoshiarpur,31.478425,75.98041,rice,2023-11-14,1.27
HOS_0367,Hoshiarpur,31.603937,76.018836,rice,2023-11-20,1.14
HOS_0368,Hoshiarpur,31.626367,75.802782,rice,2023-11-25,3.13
HOS_0369,Hoshiarpur,31.585106,75.90759,rice,2023-10-19,4.26
HOS_0370,Hoshiarpur,31.579046,75.93521,rice,2023-10-30,3.41
HOS_0371,Hoshiarpur,31.591607,75.88485,rice,2023-10-17,3.46
HOS_0372,Hoshiarpur,31.596568,75.855765,rice,2023-10-18,1.27
HOS_0373,Hoshiarpur,31.649316,76.01385,rice,2023-11-10,4.83
HOS_0374,Hoshiarpur,31.665265,75.931393,rice,2023-11-12,1.84
HOS_0375,Hoshiarpur,31.572867,76.028086,rice,2023-11-02,0.64
HOS_0376,Hoshiarpur,31.650797,75.983029,rice,2023-11-15,2.71
HOS_0377,Hoshiarpur,31.670498,75.97407,rice,2023-10-26,5.69
HOS_0378,Hoshiarpur,31.405082,75.988838,rice,2023-11-21,2.62
HOS_0379,Hoshiarpur,31.637341,76.018091,rice,2023-11-14,4.79
HOS_0380,Hoshiarpur,31.616399,75.855035,rice,2023-11-22,2.74
HOS_0381,Hoshiarpur,31.426215,76.004566,rice,2023-11-14,3.87
HOS_0382,Hoshiarpur,31.462902,75.94421,rice,2023-11-13,3.0
HOS_0383,Hoshiarpur,31.672675,76.013659,rice,2023-10-17,4.95
HOS_0384,Hoshiarpur,31.440061,75.800392,rice,2023-11-08,3.97
HOS_0385,Hoshiarpur,31.5975,75.786856,rice,2023-10-19,3.45
HOS_0386,Hoshiarpur,31.411589,75.890735,rice,2023-10-24,3.15
HOS_0387,Hoshiarpur,31.652107,75.860389,rice,2023-10-27,0.54
HOS_0388,Hoshiarpur,31.42805,75.982242,rice,2023-10-22,2.95
HOS_0389,Hoshiarpur,31.449643,76.033248,rice,2023-10-16,1.13
HOS_0390,Hoshiarpur,31.469308,76.009844,rice,2023-11-20,4.31
HOS_0391,Hoshiarpur,31.658753,75.79335,rice,2023-11-01,0.92
HOS_0392,Hoshiarpur,31.488265,75.982187,rice,2023-11-19,4.41
HOS_0393,Hoshiarpur,31.394593,75.828544,rice,2023-10-29,1.19
HOS_0394,Hoshiarpur,31.485386,75.823489,rice,2023-11-19,1.11
HOS_0395,Hoshiarpur,31.628255,75.789176,rice,2023-10-18,4.31
HOS_0396,Hoshiarpur,31.410125,75.949359,rice,2023-11-08,2.34
HOS_0397,Hoshiarpur,31.627393,75.995345,rice,2023-11-28,2.69
HOS_0398,Hoshiarpur,31.624313,75.948395,rice,2023-11-20,2.58
HOS_0399,Hoshiarpur,31.416588,75.790709,rice,2023-10-18,2.15
HOS_0400,Hoshiarpur,31.653708,76.051983,rice,2023-10-26,1.29
HOS_0401,Hoshiarpur,31.657975,75.969831,rice,2023-11-14,5.75
HOS_0402,Hoshiarpur,31.593834,75.938223,rice,2023-11-06,1.65
HOS_0403,Hoshiarpur,31.462444,76.02722,rice,2023-11-11,0.68
HOS_0404,Hoshiarpur,31.468544,75.906556,rice,2023-10-24,2.6
HOS_0405,Hoshiarpur,31.656025,75.889201,rice,2023-11-27,3.77
HOS_0406,Hoshiarpur,31.540755,75.816855,rice,2023-11-24,1.99
HOS_0407,Hoshiarpur,31.636807,75.990388,rice,2023-11-19,5.5
HOS_0408,Hoshiarpur,31.62337,75.803384,rice,2023-11-04,3.83
HOS_0409,Hoshiarpur,31.617676,75.998336,rice,2023-11-25,1.74
HOS_0410,Hoshiarpur,31.509651,75.842457,rice,2023-10-19,1.1
HOS_0411,Hoshiarpur,31.570064,75.914093,rice,2023-11-26,3.73
HOS_0412,Hoshiarpur,31.411364,75.879251,rice,2023-10-22,4.86
HOS_0413,Hoshiarpur,31.643214,75.840666,rice,2023-10-28,5.4
HOS_0414,Hoshiarpur,31.563927,76.04701,rice,2023-11-23,1.85
HOS_0415,Hoshiarpur,31.413313,76.008164,rice,2023-11-23,2.41
HOS_0416,Hoshiarpur,31.409465,75.790095,rice,2023-11-06,1.0
HOS_0417,Hoshiarpur,31.44542,76.043712,rice,2023-10-20,4.99
HOS_0418,Hoshiarpur,31.399436,75.862108,rice,2023-10-27,5.48
HOS_0419,Hoshiarpur,31.445811,75.851527,rice,2023-11-12,1.17
HOS_0420,Hoshiarpur,31.408891,76.042473,rice,2023-11-22,2.73
HOS_0421,Hoshiarpur,31.578204,75.807592,rice,2023-10-22,3.03
HOS_0422,Hoshiarpur,31.583043,75.854109,rice,2023-10-25,5.37
HOS_0423,Hoshiarpur,31.61272,75.926436,rice,2023-11-22,3.91
HOS_0424,Hoshiarpur,31.598866,75.809786,rice,2023-11-05,5.19
HOS_0425,Hoshiarpur,31.531033,76.033896,rice,2023-10-26,0.67
HOS_0426,Hoshiarpur,31.501655,75.919343,rice,2023-11-27,3.47
HOS_0427,Hoshiarpur,31.62427,75.811509,rice,2023-11-10,5.68
HOS_0428,Hoshiarpur,31.673074,75.774824,rice,2023-11-12,5.85
HOS_0429,Hoshiarpur,31.428219,75.922346,rice,2023-11-11,3.84
HOS_0430,Hoshiarpur,31.404367,75.838733,rice,2023-10-26,2.15
HOS_0431,Hoshiarpur,31.65037,75.935416,rice,2023-10-26,4.22
HOS_0432,Hoshiarpur,31.503841,75.775926,rice,2023-11-16,1.09
HOS_0433,Hoshiarpur,31.522466,76.035563,rice,2023-11-09,4.34
HOS_0434,Hoshiarpur,31.625447,76.0259,rice,2023-10-26,2.11
HOS_0435,Hoshiarpur,31.654759,75.942235,rice,2023-11-23,4.78
HOS_0436,Hoshiarpur,31.46084,75.999522,rice,2023-11-07,4.07
HOS_0437,Hoshiarpur,31.617823,76.011602,rice,2023-10-17,0.7
HOS_0438,Hoshiarpur,31.477369,76.017846,rice,2023-11-12,3.95
HOS_0439,Hoshiarpur,31.643216,75.879668,rice,2023-10-18,5.24
HOS_0440,Hoshiarpur,31.607369,75.8777,rice,2023-11-07,0.62
HOS_0441,Hoshiarpur,31.640495,75.99218,rice,2023-11-10,3.5
HOS_0442,Hoshiarpur,31.451207,75.887388,rice,2023-11-04,1.4
HOS_0443,Hoshiarpur,31.452959,76.008983,rice,2023-10-26,4.98
HOS_0444,Hoshiarpur,31.526692,75.791818,rice,2023-10-31,2.49
HOS_0445,Hoshiarpur,31.438317,75.966201,rice,2023-11-23,4.7
HOS_0446,Hoshiarpur,31.611963,76.013323,rice,2023-11-25,4.77
HOS_0447,Hoshiarpur,31.553201,75.971997,rice,2023-11-11,0.89
HOS_0448,Hoshiarpur,31.591562,75.974065,rice,2023-11-03,1.73
HOS_0449,Hoshiarpur,31.661104,75.786703,rice,2023-11-09,5.83
HOS_0450,Hoshiarpur,31.480562,76.02749,rice,2023-11-17,5.05
HOS_0451,Hoshiarpur,31.602351,76.039062,rice,2023-10-15,3.22
HOS_0452,Hoshiarpur,31.583191,75.887311,rice,2023-11-14,2.29
HOS_0453,Hoshiarpur,31.417029,75.877842,rice,2023-11-07,5.7
HOS_0454,Hoshiarpur,31.667042,75.829827,rice,2023-11-20,3.64
HOS_0455,Hoshiarpur,31.555209,75.821293,rice,2023-10-29,2.5
HOS_0456,Hoshiarpur,31.657874,75.843457,rice,2023-11-10,5.09
HOS_0457,Hoshiarpur,31.64512,75.978044,rice,2023-11-17,1.93
HOS_0458,Hoshiarpur,31.665913,75.793232,rice,2023-10-24,1.14
HOS_0459,Hoshiarpur,31.668,75.989531,rice,2023-11-10,1.38
HOS_0460,Hoshiarpur,31.530903,76.007414,rice,2023-11-18,2.31
HOS_0461,Hoshiarpur,31.447974,75.775065,rice,2023-11-22,2.12
HOS_0462,Hoshiarpur,31.635828,75.851385,rice,2023-11-12,1.33
HOS_0463,Hoshiarpur,31.662925,76.042138,rice,2023-11-18,5.61
HOS_0464,Hoshiarpur,31.439313,75.900895,rice,2023-11-15,1.62
HOS_0465,Hoshiarpur,31.528059,75.99353,rice,2023-10-30,0.52
HOS_0466,Hoshiarpur,31.503061,76.050339,rice,2023-11-22,3.74
HOS_0467,Hoshiarpur,31.476935,75.880918,rice,2023-11-14,2.96
HOS_0468,Hoshiarpur,31.518456,75.913922,rice,2023-10-29,3.05
HOS_0469,Hoshiarpur,31.538512,75.779837,rice,2023-11-02,2.54
HOS_0470,Hoshiarpur,31.641784,75.993433,rice,2023-10-17,1.11
HOS_0471,Hoshiarpur,31.532553,75.941284,rice,2023-10-22,4.34
HOS_0472,Hoshiarpur,31.673234,75.799013,rice,2023-11-06,3.34
HOS_0473,Hoshiarpur,31.537464,75.929466,rice,2023-11-27,4.01
HOS_0474,Hoshiarpur,31.406415,75.979515,rice,2023-10-22,4.15
HOS_0475,Hoshiarpur,31.486519,76.048917,rice,2023-10-24,3.47
HOS_0476,Hoshiarpur,31.671343,76.004425,rice,2023-11-22,1.26
HOS_0477,Hoshiarpur,31.559497,75.93464,rice,2023-11-12,5.67
HOS_0478,Hoshiarpur,31.531769,75.793667,rice,2023-11-14,3.14
HOS_0479,Hoshiarpur,31.614582,75.87241,rice,2023-11-06,2.17
HOS_0480,Hoshiarpur,31.585002,75.796083,rice,2023-10-16,2.57
HOS_0481,Hoshiarpur,31.431277,75.90526,rice,2023-10-19,1.1
HOS_0482,Hoshiarpur,31.589384,75.81624,rice,2023-10-21,1.35
HOS_0483,Hoshiarpur,31.559905,75.784206,rice,2023-11-16,2.87
HOS_0484,Hoshiarpur,31.496227,75.924493,rice,2023-10-16,5.96
HOS_0485,Hoshiarpur,31.515718,75.933296,rice,2023-11-06,3.16
HOS_0486,Hoshiarpur,31.612714,75.925623,rice,2023-11-26,4.0
HOS_0487,Hoshiarpur,31.655101,75.772197,rice,2023-11-29,3.24
HOS_0488,Hoshiarpur,31.563894,75.898016,rice,2023-11-25,1.94
HOS_0489,Hoshiarpur,31.412482,76.036635,rice,2023-11-16,5.3
HOS_0490,Hoshiarpur,31.475426,75.84984,rice,2023-11-12,2.35
HOS_0491,Hoshiarpur,31.458691,75.911432,rice,2023-10-24,5.32
HOS_0492,Hoshiarpur,31.532628,75.869653,rice,2023-11-27,3.86
HOS_0493,Hoshiarpur,31.565432,75.963454,rice,2023-11-15,0.65
HOS_0494,Hoshiarpur,31.415293,76.044657,rice,2023-11-08,4.6
HOS_0495,Hoshiarpur,31.659509,75.867067,rice,2023-11-14,2.27
HOS_0496,Hoshiarpur,31.648502,75.852565,rice,2023-11-08,4.32
HOS_0497,Hoshiarpur,31.443016,75.80147,rice,2023-11-21,3.41
HOS_0498,Hoshiarpur,31.630471,76.051798,rice,2023-10-22,3.92
HOS_0499,Hoshiarpur,31.543409,75.992327,rice,2023-10-27,4.95
HOS_0500,Hoshiarpur,31.606346,75.920272,rice,2023-10-17,0.63
HOS_0501,Hoshiarpur,31.450615,75.87552,rice,2023-11-13,4.01
HOS_0502,Hoshiarpur,31.536826,75.908759,rice,2023-11-27,4.79
HOS_0503,Hoshiarpur,31.484616,75.798467,rice,2023-11-26,2.31
HOS_0504,Hoshiarpur,31.485166,75.89932,rice,2023-11-15,1.84
HOS_0505,Hoshiarpur,31.652077,76.009152,rice,2023-11-28,5.81
HOS_0506,Hoshiarpur,31.482047,75.878567,rice,2023-11-29,4.34
HOS_0507,Hoshiarpur,31.398437,76.050289,rice,2023-11-23,3.42
HOS_0508,Hoshiarpur,31.581236,76.027961,rice,2023-10-15,4.04
HOS_0509,Hoshiarpur,31.561151,75.856101,rice,2023-11-23,4.62
HOS_0510,Hoshiarpur,31.538366,75.990298,rice,2023-11-11,0.88
HOS_0511,Hoshiarpur,31.487906,76.040748,rice,2023-10-23,3.92
HOS_0512,Hoshiarpur,31.539568,76.034255,rice,2023-10-29,1.4
HOS_0513,Hoshiarpur,31.477829,76.013466,rice,2023-10-29,3.49
HOS_0514,Hoshiarpur,31.504572,75.887168,rice,2023-11-14,5.64
HOS_0515,Hoshiarpur,31.581901,76.032148,rice,2023-11-24,3.51
HOS_0516,Hoshiarpur,31.564769,75.955782,rice,2023-11-28,5.12
HOS_0517,Hoshiarpur,31.57854,75.804101,rice,2023-10-28,4.14
HOS_0518,Hoshiarpur,31.637577,75.890927,rice,2023-11-27,3.11
HOS_0519,Hoshiarpur,31.58688,75.989393,rice,2023-11-05,2.74
HOS_0520,Hoshiarpur,31.60956,76.049826,rice,2023-10-18,0.56
HOS_0521,Hoshiarpur,31.468146,75.902158,rice,2023-10-15,0.65
HOS_0522,Hoshiarpur,31.545072,75.953832,rice,2023-10-25,2.79
HOS_0523,Hoshiarpur,31.497566,76.047971,rice,2023-10-21,4.89
HOS_0524,Hoshiarpur,31.474409,76.004453,rice,2023-11-05,5.03
HOS_0525,Hoshiarpur,31.468957,75.955639,rice,2023-10-26,2.93
HOS_0526,Hoshiarpur,31.610658,75.857928,rice,2023-11-15,3.16
HOS_0527,Hoshiarpur,31.671242,75.822029,rice,2023-11-28,1.28
HOS_0528,Hoshiarpur,31.673471,75.816776,rice,2023-10-21,1.55
HOS_0529,Hoshiarpur,31.58854,75.984659,rice,2023-11-28,5.9
HOS_0530,Hoshiarpur,31.404894,75.94583,rice,2023-11-08,3.84
HOS_0531,Hoshiarpur,31.483949,76.023843,rice,2023-10-27,1.85
HOS_0532,Hoshiarpur,31.41874,75.801993,rice,2023-11-09,5.44
HOS_0533,Hoshiarpur,31.464086,76.025961,rice,2023-11-27,5.91
HOS_0534,Hoshiarpur,31.627338,75.804544,rice,2023-10-20,0.97
HOS_0535,Hoshiarpur,31.618962,75.793859,rice,2023-10-19,4.91
HOS_0536,Hoshiarpur,31.648122,75.986943,rice,2023-10-27,5.39
HOS_0537,Hoshiarpur,31.550769,75.990291,rice,2023-11-11,4.82
HOS_0538,Hoshiarpur,31.584327,75.932952,rice,2023-10-30,5.96
HOS_0539,Hoshiarpur,31.525538,75.945389,rice,2023-10-20,1.93
HOS_0540,Hoshiarpur,31.486502,76.04606,rice,2023-11-07,2.66
HOS_0541,Hoshiarpur,31.584234,75.930787,rice,2023-10-25,4.67
HOS_0542,Hoshiarpur,31.416582,75.871524,rice,2023-11-24,4.42
HOS_0543,Hoshiarpur,31.43918,75.912963,rice,2023-10-26,0.86
HOS_0544,Hoshiarpur,31.673201,76.032222,rice,2023-10-29,4.61
HOS_0545,Hoshiarpur,31.450287,76.048787,rice,2023-11-25,5.81
HOS_0546,Hoshiarpur,31.405922,75.820572,rice,2023-11-13,4.22
HOS_0547,Hoshiarpur,31.64801,75.821219,rice,2023-11-21,3.73
HOS_0548,Hoshiarpur,31.673905,75.995906,rice,2023-10-29,5.58
HOS_0549,Hoshiarpur,31.583004,76.017664,rice,2023-11-02,1.18
HOS_0550,Hoshiarpur,31.592676,75.940413,rice,2023-11-07,3.17
HOS_0551,Hoshiarpur,31.470997,75.991577,rice,2023-11-29,2.5
HOS_0552,Hoshiarpur,31.653775,75.875528,rice,2023-11-21,1.09
HOS_0553,Hoshiarpur,31.440628,75.910464,rice,2023-11-11,4.45
HOS_0554,Hoshiarpur,31.616627,75.925851,rice,2023-10-18,5.41
HOS_0555,Hoshiarpur,31.6612,75.897323,rice,2023-11-16,1.77
HOS_0556,Hoshiarpur,31.578132,75.88562,rice,2023-10-19,4.27
HOS_0557,Hoshiarpur,31.580686,75.941503,rice,2023-10-18,2.07
HOS_0558,Hoshiarpur,31.499801,76.002837,rice,2023-10-22,4.25
HOS_0559,Hoshiarpur,31.574582,75.960198,rice,2023-10-20,0.72
HOS_0560,Hoshiarpur,31.450314,75.811285,rice,2023-11-07,0.85
HOS_0561,Hoshiarpur,31.483453,75.992564,rice,2023-11-01,1.11
HOS_0562,Hoshiarpur,31.428794,75.84755,rice,2023-10-20,1.61
HOS_0563,Hoshiarpur,31.397909,75.849421,rice,2023-11-24,2.35
HOS_0564,Hoshiarpur,31.453153,75.9108,rice,2023-11-29,1.76
HOS_0565,Hoshiarpur,31.550701,75.884184,rice,2023-11-16,5.6
HOS_0566,Hoshiarpur,31.593657,75.832394,rice,2023-11-25,3.11
HOS_0567,Hoshiarpur,31.479518,75.995518,rice,2023-11-16,4.14
HOS_0568,Hoshiarpur,31.484504,75.906681,rice,2023-10-16,2.28
HOS_0569,Hoshiarpur,31.496141,75.960822,rice,2023-10-16,1.84
HOS_0570,Hoshiarpur,31.406219,76.011686,rice,2023-11-11,3.21
HOS_0571,Hoshiarpur,31.567244,75.90878,rice,2023-11-28,3.95
HOS_0572,Hoshiarpur,31.398211,75.921313,rice,2023-11-12,3.26
HOS_0573,Hoshiarpur,31.420829,75.980847,rice,2023-11-13,0.8
HOS_0574,Hoshiarpur,31.618885,76.014237,rice,2023-10-25,1.82
HOS_0575,Hoshiarpur,31.586513,75.773386,rice,2023-11-19,3.06
HOS_0576,Hoshiarpur,31.615895,75.88205,rice,2023-11-17,2.43
HOS_0577,Hoshiarpur,31.62942,75.782821,rice,2023-11-11,2.77
HOS_0578,Hoshiarpur,31.560975,75.773432,rice,2023-10-23,3.66
HOS_0579,Hoshiarpur,31.499978,75.948401,rice,2023-10-31,2.92
HOS_0580,Hoshiarpur,31.549282,75.901581,rice,2023-11-25,1.15
HOS_0581,Hoshiarpur,31.616072,76.019855,rice,2023-11-02,5.71
HOS_0582,Hoshiarpur,31.525048,75.95465,rice,2023-11-21,1.43
HOS_0583,Hoshiarpur,31.667506,75.934555,rice,2023-11-23,4.93
HOS_0584,Hoshiarpur,31.558218,76.037909,rice,2023-10-27,4.73
HOS_0585,Hoshiarpur,31.639634,75.925062,rice,2023-11-20,4.67
HOS_0586,Hoshiarpur,31.423404,75.787129,rice,2023-11-07,5.91
HOS_0587,Hoshiarpur,31.650563,76.039585,rice,2023-10-22,1.98
HOS_0588,Hoshiarpur,31.646432,75.797054,rice,2023-10-17,2.98
HOS_0589,Hoshiarpur,31.489562,76.018358,rice,2023-10-25,2.1
HOS_0590,Hoshiarpur,31.540804,75.803485,rice,2023-11-07,4.52
HOS_0591,Hoshiarpur,31.567135,75.940198,rice,2023-11-25,2.12
HOS_0592,Hoshiarpur,31.412307,76.037169,rice,2023-11-04,2.79
HOS_0593,Hoshiarpur,31.532858,75.877215,rice,2023-11-11,4.88
HOS_0594,Hoshiarpur,31.420813,75.942289,rice,2023-11-29,3.17
HOS_0595,Hoshiarpur,31.616139,76.051248,rice,2023-10-18,5.26
HOS_0596,Hoshiarpur,31.534738,75.876607,rice,2023-11-18,4.04
HOS_0597,Hoshiarpur,31.603837,75.83571,rice,2023-10-24,1.13
HOS_0598,Hoshiarpur,31.454579,76.01892,rice,2023-11-07,1.3
HOS_0599,Hoshiarpur,31.621178,75.876327,rice,2023-10-22,5.51
HOS_0600,Hoshiarpur,31.612652,76.003264,rice,2023-11-14,1.94
GUR_0001,Gurdaspur,32.002269,75.471182,rice,2023-11-23,4.85
GUR_0002,Gurdaspur,32.10823,75.330854,rice,2023-11-19,2.09
GUR_0003,Gurdaspur,32.164771,75.421081,rice,2023-11-27,3.8
GUR_0004,Gurdaspur,32.159861,75.509259,rice,2023-11-18,1.94
GUR_0005,Gurdaspur,32.148719,75.350011,rice,2023-10-18,5.18
GUR_0006,Gurdaspur,31.991725,75.347416,rice,2023-11-04,4.18
GUR_0007,Gurdaspur,32.180909,75.302696,rice,2023-10-29,3.4
GUR_0008,Gurdaspur,32.015973,75.47596,rice,2023-11-16,3.55
GUR_0009,Gurdaspur,32.124387,75.474279,rice,2023-11-14,4.96
GUR_0010,Gurdaspur,31.919704,75.484282,rice,2023-11-29,4.07
GUR_0011,Gurdaspur,31.926141,75.435537,rice,2023-10-22,1.58
GUR_0012,Gurdaspur,32.022775,75.417896,rice,2023-11-18,2.77
GUR_0013,Gurdaspur,32.146281,75.313293,rice,2023-10-27,4.78
GUR_0014,Gurdaspur,32.026448,75.417054,rice,2023-11-19,1.34
GUR_0015,Gurdaspur,31.955644,75.414866,rice,2023-11-17,4.94
GUR_0016,Gurdaspur,32.073541,75.281842,rice,2023-10-25,2.47
GUR_0017,Gurdaspur,32.141359,75.343684,rice,2023-11-08,1.02
GUR_0018,Gurdaspur,32.161549,75.391817,rice,2023-11-17,3.2
GUR_0019,Gurdaspur,32.060552,75.367761,rice,2023-11-26,0.58
GUR_0020,Gurdaspur,31.946417,75.31887,rice,2023-11-17,3.99
GUR_0021,Gurdaspur,32.150368,75.283819,rice,2023-10-18,5.01
GUR_0022,Gurdaspur,31.922455,75.306104,rice,2023-11-23,2.43
GUR_0023,Gurdaspur,31.933107,75.47832,rice,2023-11-08,2.76
GUR_0024,Gurdaspur,32.103985,75.348011,rice,2023-11-07,5.29
GUR_0025,Gurdaspur,32.084111,75.363021,rice,2023-11-26,1.93
GUR_0026,Gurdaspur,32.176795,75.387969,rice,2023-11-08,5.43
GUR_0027,Gurdaspur,32.174846,75.416022,rice,2023-11-20,3.65
GUR_0028,Gurdaspur,31.926639,75.532677,rice,2023-11-17,3.01
GUR_0029,Gurdaspur,32.151338,75.449569,rice,2023-11-22,2.79
GUR_0030,Gurdaspur,31.955837,75.313561,rice,2023-10-19,4.43
GUR_0031,Gurdaspur,31.909406,75.536519,rice,2023-11-02,3.19
GUR_0032,Gurdaspur,31.98484,75.289973,rice,2023-11-04,3.74
GUR_0033,Gurdaspur,31.997531,75.44074,rice,2023-11-13,1.69
GUR_0034,Gurdaspur,32.030263,75.352258,rice,2023-11-09,1.82
GUR_0035,Gurdaspur,32.116517,75.269334,rice,2023-10-26,3.42
GUR_0036,Gurdaspur,32.034321,75.529246,rice,2023-10-27,5.14
GUR_0037,Gurdaspur,32.111449,75.409942,rice,2023-11-12,0.7
GUR_0038,Gurdaspur,32.131067,75.3866,rice,2023-11-03,2.27
GUR_0039,Gurdaspur,32.070858,75.477159,rice,2023-11-21,1.32
GUR_0040,Gurdaspur,32.159061,75.297598,rice,2023-11-08,5.83
GUR_0041,Gurdaspur,32.024894,75.531054,rice,2023-10-31,2.73
GUR_0042,Gurdaspur,32.125007,75.291136,rice,2023-11-26,0.96
GUR_0043,Gurdaspur,32.000668,75.43674,rice,2023-10-16,3.33
GUR_0044,Gurdaspur,32.174181,75.506365,rice,2023-10-15,1.78
GUR_0045,Gurdaspur,32.048859,75.313994,rice,2023-10-27,5.58
GUR_0046,Gurdaspur,32.180378,75.333917,rice,2023-10-27,1.67
GUR_0047,Gurdaspur,32.008481,75.39084,rice,2023-11-15,1.31
GUR_0048,Gurdaspur,32.019952,75.331918,rice,2023-10-19,5.15
GUR_0049,Gurdaspur,32.111433,75.416175,rice,2023-11-15,5.07
GUR_0050,Gurdaspur,31.947479,75.514469,rice,2023-11-03,0.77
GUR_0051,Gurdaspur,32.15955,75.304867,rice,2023-10-26,0.6
GUR_0052,Gurdaspur,32.129222,75.42954,rice,2023-11-21,0.6
GUR_0053,Gurdaspur,32.117779,75.294436,rice,2023-10-23,2.33
GUR_0054,Gurdaspur,32.113567,75.504902,rice,2023-11-08,3.05
GUR_0055,Gurdaspur,32.113223,75.522655,rice,2023-11-22,2.27
GUR_0056,Gurdaspur,32.030727,75.330399,rice,2023-11-15,3.02
GUR_0057,Gurdaspur,31.969849,75.49203,rice,2023-10-31,3.98
GUR_0058,Gurdaspur,31.931874,75.266409,rice,2023-11-12,4.84
GUR_0059,Gurdaspur,32.052846,75.526835,rice,2023-11-11,1.68
GUR_0060,Gurdaspur,32.096573,75.462275,rice,2023-11-08,0.86
GUR_0061,Gurdaspur,32.095222,75.325508,rice,2023-11-28,0.67
GUR_0062,Gurdaspur,32.076664,75.470884,rice,2023-10-26,1.77
GUR_0063,Gurdaspur,32.122911,75.479369,rice,2023-10-19,0.88
GUR_0064,Gurdaspur,31.979452,75.31232,rice,2023-11-02,5.77
GUR_0065,Gurdaspur,32.129968,75.287945,rice,2023-11-02,1.97
GUR_0066,Gurdaspur,31.909993,75.356244,rice,2023-11-07,1.2
GUR_0067,Gurdaspur,31.963365,75.357431,rice,2023-10-16,3.08
GUR_0068,Gurdaspur,32.046655,75.3696,rice,2023-11-02,3.24
GUR_0069,Gurdaspur,32.018,75.536043,rice,2023-10-18,3.72
GUR_0070,Gurdaspur,31.955221,75.371123,rice,2023-10-18,3.51
GUR_0071,Gurdaspur,32.113747,75.539765,rice,2023-11-22,1.91
GUR_0072,Gurdaspur,32.122641,75.32804,rice,2023-11-06,3.29
GUR_0073,Gurdaspur,32.138079,75.379064,rice,2023-10-28,1.16
GUR_0074,Gurdaspur,31.916671,75.542159,rice,2023-11-09,1.48
GUR_0075,Gurdaspur,31.994954,75.407312,rice,2023-11-06,1.04
GUR_0076,Gurdaspur,31.956136,75.404165,rice,2023-11-01,2.91
GUR_0077,Gurdaspur,32.124494,75.353301,rice,2023-10-29,2.06
GUR_0078,Gurdaspur,31.993764,75.531808,rice,2023-11-27,5.12
GUR_0079,Gurdaspur,31.989751,75.37668,rice,2023-10-24,0.97
GUR_0080,Gurdaspur,31.983509,75.414836,rice,2023-11-22,5.06
GUR_0081,Gurdaspur,32.059093,75.403138,rice,2023-10-27,1.14
GUR_0082,Gurdaspur,32.119418,75.30157,rice,2023-11-28,4.53
GUR_0083,Gurdaspur,32.053065,75.340101,rice,2023-11-02,5.34
GUR_0084,Gurdaspur,32.033211,75.267842,rice,2023-11-08,0.81
GUR_0085,Gurdaspur,32.078138,75.455821,rice,2023-10-28,1.84
GUR_0086,Gurdaspur,32.101471,75.351165,rice,2023-11-02,0.91
GUR_0087,Gurdaspur,32.015691,75.416959,rice,2023-11-12,3.76
GUR_0088,Gurdaspur,31.95933,75.499014,rice,2023-11-28,2.1
GUR_0089,Gurdaspur,32.169598,75.357087,rice,2023-11-21,5.33
GUR_0090,Gurdaspur,32.142918,75.277028,rice,2023-11-25,5.17
GUR_0091,Gurdaspur,32.102964,75.359604,rice,2023-11-24,4.02
GUR_0092,Gurdaspur,32.16519,75.484424,rice,2023-11-06,2.86
GUR_0093,Gurdaspur,32.081718,75.318044,rice,2023-10-17,4.85
GUR_0094,Gurdaspur,32.070845,75.48531,rice,2023-11-03,3.3
GUR_0095,Gurdaspur,32.00744,75.473911,rice,2023-10-15,5.88
GUR_0096,Gurdaspur,32.166545,75.512503,rice,2023-10-19,5.36
GUR_0097,Gurdaspur,32.044096,75.405425,rice,2023-11-09,2.06
GUR_0098,Gurdaspur,32.138976,75.322246,rice,2023-11-21,5.34
GUR_0099,Gurdaspur,32.052504,75.502099,rice,2023-11-15,3.85
GUR_0100,Gurdaspur,32.1605,75.383099,rice,2023-11-06,1.71
GUR_0101,Gurdaspur,31.926474,75.431194,rice,2023-11-26,3.91
GUR_0102,Gurdaspur,31.911407,75.273676,rice,2023-11-12,5.42
GUR_0103,Gurdaspur,32.095741,75.297729,rice,2023-10-24,1.39
GUR_0104,Gurdaspur,32.126937,75.468464,rice,2023-10-18,4.01
GUR_0105,Gurdaspur,32.080421,75.506485,rice,2023-11-22,2.27
GUR_0106,Gurdaspur,32.02012,75.543109,rice,2023-10-30,3.55
GUR_0107,Gurdaspur,32.054132,75.492686,rice,2023-11-09,2.73
GUR_0108,Gurdaspur,32.080581,75.542645,rice,2023-10-23,1.35
GUR_0109,Gurdaspur,32.027567,75.519563,rice,2023-11-29,3.88
GUR_0110,Gurdaspur,31.97299,75.318419,rice,2023-11-17,2.56
GUR_0111,Gurdaspur,31.97243,75.492373,rice,2023-11-06,5.09
GUR_0112,Gurdaspur,31.948903,75.352791,rice,2023-11-17,4.73
GUR_0113,Gurdaspur,31.946794,75.306769,rice,2023-10-31,1.53
GUR_0114,Gurdaspur,31.923093,75.353577,rice,2023-11-01,5.32
GUR_0115,Gurdaspur,31.916829,75.424509,rice,2023-11-26,3.42
GUR_0116,Gurdaspur,32.042542,75.270826,rice,2023-11-09,0.76
GUR_0117,Gurdaspur,32.044138,75.537127,rice,2023-11-22,3.1
GUR_0118,Gurdaspur,32.175978,75.484152,rice,2023-11-02,4.74
GUR_0119,Gurdaspur,32.042326,75.517416,rice,2023-11-24,4.11
GUR_0120,Gurdaspur,32.121516,75.379844,rice,2023-11-10,5.74
GUR_0121,Gurdaspur,32.177642,75.430399,rice,2023-10-23,4.76
GUR_0122,Gurdaspur,31.991199,75.427589,rice,2023-10-25,0.98
GUR_0123,Gurdaspur,32.127069,75.534544,rice,2023-11-24,4.52
GUR_0124,Gurdaspur,32.142035,75.296662,rice,2023-10-19,1.86
GUR_0125,Gurdaspur,32.010724,75.500293,rice,2023-10-22,1.25
GUR_0126,Gurdaspur,31.972784,75.396866,rice,2023-11-06,0.72
GUR_0127,Gurdaspur,32.077679,75.27309,rice,2023-10-16,4.54
GUR_0128,Gurdaspur,32.143323,75.31016,rice,2023-11-19,3.81
GUR_0129,Gurdaspur,32.119688,75.41041,rice,2023-11-15,1.04
GUR_0130,Gurdaspur,32.070651,75.40533,rice,2023-10-21,5.61
GUR_0131,Gurdaspur,32.134475,75.46865,rice,2023-10-26,4.32
GUR_0132,Gurdaspur,31.926862,75.287718,rice,2023-11-29,4.99
GUR_0133,Gurdaspur,32.001997,75.524799,rice,2023-11-01,1.59
GUR_0134,Gurdaspur,32.117487,75.503293,rice,2023-10-20,5.27
GUR_0135,Gurdaspur,31.928759,75.372905,rice,2023-10-22,5.55
GUR_0136,Gurdaspur,31.967924,75.434096,rice,2023-11-13,1.29
GUR_0137,Gurdaspur,32.110238,75.301707,rice,2023-11-03,1.01
GUR_0138,Gurdaspur,32.092894,75.483571,rice,2023-11-29,1.92
GUR_0139,Gurdaspur,31.972352,75.432921,rice,2023-10-15,4.46
GUR_0140,Gurdaspur,32.063482,75.314851,rice,2023-11-13,5.58
GUR_0141,Gurdaspur,31.947651,75.424267,rice,2023-10-17,5.52
GUR_0142,Gurdaspur,31.948014,75.332809,rice,2023-11-26,3.81
GUR_0143,Gurdaspur,31.995406,75.470647,rice,2023-11-16,1.96
GUR_0144,Gurdaspur,32.016091,75.459511,rice,2023-11-08,4.82
GUR_0145,Gurdaspur,32.004477,75.295396,rice,2023-11-07,3.97
GUR_0146,Gurdaspur,32.113753,75.512305,rice,2023-10-31,5.79
GUR_0147,Gurdaspur,32.049222,75.512458,rice,2023-11-16,3.58
GUR_0148,Gurdaspur,32.052028,75.481234,rice,2023-10-27,4.75
GUR_0149,Gurdaspur,31.980896,75.514041,rice,2023-10-16,5.72
GUR_0150,Gurdaspur,32.02914,75.542476,rice,2023-11-25,4.82
GUR_0151,Gurdaspur,32.083892,75.387032,rice,2023-11-07,4.7
GUR_0152,Gurdaspur,32.064956,75.545201,rice,2023-11-22,1.87
GUR_0153,Gurdaspur,32.080691,75.355916,rice,2023-11-28,2.36
GUR_0154,Gurdaspur,31.994675,75.371511,rice,2023-11-05,0.81
GUR_0155,Gurdaspur,31.912161,75.468978,rice,2023-10-16,0.62
GUR_0156,Gurdaspur,31.923815,75.320838,rice,2023-10-29,0.77
GUR_0157,Gurdaspur,32.165921,75.425141,rice,2023-10-16,3.43
GUR_0158,Gurdaspur,31.93259,75.462517,rice,2023-11-02,5.83
GUR_0159,Gurdaspur,31.937584,75.308728,rice,2023-10-17,1.34
GUR_0160,Gurdaspur,31.936295,75.453735,rice,2023-11-12,3.9
GUR_0161,Gurdaspur,31.961966,75.49649,rice,2023-11-08,2.33
GUR_0162,Gurdaspur,32.107883,75.437892,rice,2023-10-19,3.8
GUR_0163,Gurdaspur,32.093157,75.44701,rice,2023-10-26,3.63
GUR_0164,Gurdaspur,32.01336,75.480505,rice,2023-11-24,1.93
GUR_0165,Gurdaspur,32.113686,75.344396,rice,2023-10-23,4.57
GUR_0166,Gurdaspur,32.076745,75.289993,rice,2023-11-06,2.96
GUR_0167,Gurdaspur,32.12832,75.545094,rice,2023-11-01,0.97
GUR_0168,Gurdaspur,32.003532,75.403178,rice,2023-11-05,0.9
GUR_0169,Gurdaspur,32.142993,75.416862,rice,2023-10-31,2.68
GUR_0170,Gurdaspur,31.908926,75.411285,rice,2023-11-03,3.12
GUR_0171,Gurdaspur,31.997848,75.45043,rice,2023-11-11,3.64
GUR_0172,Gurdaspur,32.148812,75.367888,rice,2023-11-02,2.69
GUR_0173,Gurdaspur,32.143453,75.366266,rice,2023-11-10,4.9
GUR_0174,Gurdaspur,32.066723,75.527488,rice,2023-11-04,3.09
GUR_0175,Gurdaspur,32.035127,75.27802,rice,2023-10-29,3.47
GUR_0176,Gurdaspur,31.953391,75.393003,rice,2023-10-24,2.06
GUR_0177,Gurdaspur,31.906828,75.399031,rice,2023-10-22,2.36
GUR_0178,Gurdaspur,32.118428,75.306895,rice,2023-11-13,1.0
GUR_0179,Gurdaspur,32.162756,75.524064,rice,2023-11-16,2.81
GUR_0180,Gurdaspur,32.13929,75.414546,rice,2023-11-02,1.14
GUR_0181,Gurdaspur,31.933165,75.302717,rice,2023-11-05,3.81
GUR_0182,Gurdaspur,31.984935,75.311381,rice,2023-11-19,1.18
GUR_0183,Gurdaspur,32.108589,75.514042,rice,2023-10-31,4.75
GUR_0184,Gurdaspur,31.980276,75.429986,rice,2023-11-08,2.91
GUR_0185,Gurdaspur,31.925554,75.402463,rice,2023-11-13,0.78
GUR_0186,Gurdaspur,32.03459,75.510514,rice,2023-11-22,4.85
GUR_0187,Gurdaspur,32.039166,75.313976,rice,2023-11-24,1.34
GUR_0188,Gurdaspur,31.97851,75.300797,rice,2023-11-23,3.02
GUR_0189,Gurdaspur,32.077175,75.497593,rice,2023-11-03,5.84
GUR_0190,Gurdaspur,32.06784,75.435235,rice,2023-11-05,1.46
GUR_0191,Gurdaspur,31.954232,75.427455,rice,2023-11-06,1.63
GUR_0192,Gurdaspur,32.036525,75.365736,rice,2023-11-17,2.91
GUR_0193,Gurdaspur,31.963197,75.305402,rice,2023-10-20,5.28
GUR_0194,Gurdaspur,32.126463,75.294463,rice,2023-10-29,0.98
GUR_0195,Gurdaspur,32.039026,75.343667,rice,2023-10-26,3.17
GUR_0196,Gurdaspur,32.139758,75.296296,rice,2023-11-21,5.84
GUR_0197,Gurdaspur,32.115788,75.470925,rice,2023-11-14,3.09
GUR_0198,Gurdaspur,31.942689,75.405132,rice,2023-11-27,4.98
GUR_0199,Gurdaspur,32.141672,75.402793,rice,2023-11-04,1.86
GUR_0200,Gurdaspur,31.965553,75.430153,rice,2023-11-17,2.82
GUR_0201,Gurdaspur,31.946095,75.479181,rice,2023-11-13,3.36
GUR_0202,Gurdaspur,31.954007,75.333519,rice,2023-11-08,4.31
GUR_0203,Gurdaspur,32.139533,75.315619,rice,2023-11-10,4.83
GUR_0204,Gurdaspur,32.129175,75.428888,rice,2023-11-21,2.44
GUR_0205,Gurdaspur,32.116886,75.400385,rice,2023-11-20,2.71
GUR_0206,Gurdaspur,32.029161,75.407497,rice,2023-10-25,5.44
GUR_0207,Gurdaspur,32.016126,75.345747,rice,2023-11-14,1.83
GUR_0208,Gurdaspur,31.904113,75.50395,rice,2023-11-28,5.75
GUR_0209,Gurdaspur,32.091997,75.380142,rice,2023-11-27,5.08
GUR_0210,Gurdaspur,32.148895,75.294707,rice,2023-11-09,5.27
GUR_0211,Gurdaspur,32.073858,75.275038,rice,2023-11-12,0.75
GUR_0212,Gurdaspur,32.166596,75.385425,rice,2023-10-19,4.44
GUR_0213,Gurdaspur,31.901481,75.488088,rice,2023-10-16,5.58
GUR_0214,Gurdaspur,32.046851,75.486864,rice,2023-11-06,3.96
GUR_0215,Gurdaspur,32.046751,75.531508,rice,2023-11-27,5.41
GUR_0216,Gurdaspur,31.911102,75.450077,rice,2023-11-06,5.51
GUR_0217,Gurdaspur,32.152797,75.401815,rice,2023-11-01,4.96
GUR_0218,Gurdaspur,31.994804,75.528405,rice,2023-11-05,1.88
GUR_0219,Gurdaspur,31.921831,75.482139,rice,2023-10-29,2.46
GUR_0220,Gurdaspur,31.990855,75.540524,rice,2023-11-02,3.64
GUR_0221,Gurdaspur,32.178736,75.362203,rice,2023-11-11,1.66
GUR_0222,Gurdaspur,32.021502,75.283361,rice,2023-11-03,0.5
GUR_0223,Gurdaspur,32.027861,75.474887,rice,2023-10-23,3.35
GUR_0224,Gurdaspur,32.025772,75.413505,rice,2023-11-04,4.77
GUR_0225,Gurdaspur,32.12606,75.500656,rice,2023-11-23,3.02
GUR_0226,Gurdaspur,32.133682,75.529726,rice,2023-10-24,3.49
GUR_0227,Gurdaspur,32.03904,75.480087,rice,2023-11-09,2.84
GUR_0228,Gurdaspur,31.947228,75.499606,rice,2023-11-29,4.41
GUR_0229,Gurdaspur,31.941621,75.356583,rice,2023-10-15,4.52
GUR_0230,Gurdaspur,32.119581,75.309605,rice,2023-11-09,1.69
GUR_0231,Gurdaspur,32.109354,75.298511,rice,2023-10-31,3.5
GUR_0232,Gurdaspur,31.996019,75.488974,rice,2023-11-06,0.8
GUR_0233,Gurdaspur,32.118684,75.446889,rice,2023-11-05,5.3
GUR_0234,Gurdaspur,31.957629,75.490217,rice,2023-11-07,1.53
GUR_0235,Gurdaspur,32.178325,75.275174,rice,2023-11-02,1.42
GUR_0236,Gurdaspur,32.015233,75.307425,rice,2023-11-09,1.57
GUR_0237,Gurdaspur,31.918075,75.268241,rice,2023-11-13,2.99
GUR_0238,Gurdaspur,31.913766,75.528912,rice,2023-11-17,4.16
GUR_0239,Gurdaspur,31.974996,75.388835,rice,2023-10-19,3.63
GUR_0240,Gurdaspur,32.141086,75.431172,rice,2023-11-06,5.88
GUR_0241,Gurdaspur,32.104507,75.542785,rice,2023-10-16,4.23
GUR_0242,Gurdaspur,32.107612,75.477329,rice,2023-11-09,0.63
GUR_0243,Gurdaspur,31.936693,75.329762,rice,2023-10-31,5.48
GUR_0244,Gurdaspur,32.103329,75.306119,rice,2023-10-27,2.84
GUR_0245,Gurdaspur,31.969074,75.498362,rice,2023-10-29,1.4
GUR_0246,Gurdaspur,32.01764,75.532794,rice,2023-11-26,4.11
GUR_0247,Gurdaspur,32.144067,75.366154,rice,2023-11-24,4.3
GUR_0248,Gurdaspur,31.939479,75.501173,rice,2023-10-24,4.65
GUR_0249,Gurdaspur,31.986374,75.405639,rice,2023-10-16,5.64
GUR_0250,Gurdaspur,31.999605,75.487198,rice,2023-11-20,1.57
GUR_0251,Gurdaspur,32.153991,75.45815,rice,2023-11-07,4.57
GUR_0252,Gurdaspur,32.103736,75.473843,rice,2023-10-22,2.4
GUR_0253,Gurdaspur,32.108144,75.49744,rice,2023-11-28,1.64
GUR_0254,Gurdaspur,32.149606,75.439794,rice,2023-10-30,3.03
GUR_0255,Gurdaspur,32.147328,75.304082,rice,2023-11-21,3.2
GUR_0256,Gurdaspur,31.912907,75.538332,rice,2023-11-21,4.78
GUR_0257,Gurdaspur,31.961132,75.524635,rice,2023-11-24,4.9
GUR_0258,Gurdaspur,31.936608,75.318187,rice,2023-11-27,4.65
GUR_0259,Gurdaspur,32.156866,75.326205,rice,2023-11-01,1.35
GUR_0260,Gurdaspur,32.034842,75.445908,rice,2023-11-05,0.6
GUR_0261,Gurdaspur,32.08102,75.44513,rice,2023-11-06,5.42
GUR_0262,Gurdaspur,31.938749,75.280367,rice,2023-11-04,3.23
GUR_0263,Gurdaspur,32.05025,75.340673,rice,2023-10-15,1.9
GUR_0264,Gurdaspur,31.976645,75.493076,rice,2023-11-28,5.58
GUR_0265,Gurdaspur,32.051119,75.271335,rice,2023-11-04,1.73
GUR_0266,Gurdaspur,32.044085,75.45712,rice,2023-10-31,2.66
GUR_0267,Gurdaspur,32.051461,75.478761,rice,2023-11-02,1.58
GUR_0268,Gurdaspur,32.126578,75.276367,rice,2023-10-26,1.33
GUR_0269,Gurdaspur,31.90446,75.421508,rice,2023-11-25,3.42
GUR_0270,Gurdaspur,32.016995,75.414128,rice,2023-11-11,1.57
GUR_0271,Gurdaspur,32.132348,75.540616,rice,2023-11-03,2.56
GUR_0272,Gurdaspur,32.122699,75.32006,rice,2023-11-08,2.26
GUR_0273,Gurdaspur,32.164195,75.318162,rice,2023-10-23,3.5
GUR_0274,Gurdaspur,32.065477,75.433202,rice,2023-10-20,1.4
GUR_0275,Gurdaspur,32.102921,75.333839,rice,2023-11-10,1.75
GUR_0276,Gurdaspur,31.905847,75.424997,rice,2023-11-27,1.62
GUR_0277,Gurdaspur,32.077001,75.33018,rice,2023-10-20,1.49
GUR_0278,Gurdaspur,32.021067,75.304226,rice,2023-11-03,2.36
GUR_0279,Gurdaspur,31.956701,75.494509,rice,2023-10-26,1.42
GUR_0280,Gurdaspur,31.924213,75.273208,rice,2023-11-17,1.75
GUR_0281,Gurdaspur,32.03545,75.377967,rice,2023-11-07,4.86
GUR_0282,Gurdaspur,31.922892,75.310501,rice,2023-11-28,0.65
GUR_0283,Gurdaspur,31.939703,75.414237,rice,2023-10-18,0.83
GUR_0284,Gurdaspur,31.934085,75.453436,rice,2023-10-18,0.61
GUR_0285,Gurdaspur,32.172495,75.37262,rice,2023-11-22,3.11
GUR_0286,Gurdaspur,32.046001,75.383604,rice,2023-10-30,3.17
GUR_0287,Gurdaspur,31.996125,75.356162,rice,2023-10-31,4.19
GUR_0288,Gurdaspur,32.073836,75.45327,rice,2023-10-16,5.68
GUR_0289,Gurdaspur,32.033464,75.512896,rice,2023-11-08,3.13
GUR_0290,Gurdaspur,32.078227,75.326452,rice,2023-11-04,1.7
GUR_0291,Gurdaspur,32.043753,75.285211,rice,2023-11-12,4.86
GUR_0292,Gurdaspur,32.030845,75.273454,rice,2023-10-25,0.83
GUR_0293,Gurdaspur,32.158464,75.533881,rice,2023-11-20,1.52
GUR_0294,Gurdaspur,32.004064,75.351531,rice,2023-11-13,4.82
GUR_0295,Gurdaspur,32.051385,75.484304,rice,2023-11-17,5.28
GUR_0296,Gurdaspur,32.021165,75.382865,rice,2023-10-31,3.19
GUR_0297,Gurdaspur,32.066706,75.516351,rice,2023-11-05,5.62
GUR_0298,Gurdaspur,32.011227,75.35688,rice,2023-11-05,2.12
GUR_0299,Gurdaspur,31.906923,75.50376,rice,2023-11-03,2.34
GUR_0300,Gurdaspur,31.971128,75.474442,rice,2023-10-18,5.63
GUR_0301,Gurdaspur,32.129679,75.3556,rice,2023-11-01,1.86
GUR_0302,Gurdaspur,32.159714,75.299248,rice,2023-11-04,5.74
GUR_0303,Gurdaspur,32.128824,75.465242,rice,2023-11-12,2.37
GUR_0304,Gurdaspur,31.983848,75.372798,rice,2023-11-19,1.5
GUR_0305,Gurdaspur,32.109981,75.399012,rice,2023-11-04,5.33
GUR_0306,Gurdaspur,31.944639,75.327269,rice,2023-11-24,2.76
GUR_0307,Gurdaspur,31.934268,75.459041,rice,2023-10-30,4.47
GUR_0308,Gurdaspur,32.032659,75.502101,rice,2023-11-17,3.83
GUR_0309,Gurdaspur,32.179211,75.494323,rice,2023-10-16,1.18
GUR_0310,Gurdaspur,32.134128,75.35156,rice,2023-11-17,2.8
GUR_0311,Gurdaspur,32.030573,75.358767,rice,2023-10-22,1.6
GUR_0312,Gurdaspur,32.125971,75.448636,rice,2023-10-19,5.69
GUR_0313,Gurdaspur,32.130899,75.378622,rice,2023-11-29,3.67
GUR_0314,Gurdaspur,31.981164,75.539025,rice,2023-11-20,5.61
GUR_0315,Gurdaspur,31.932416,75.501038,rice,2023-11-16,5.61
GUR_0316,Gurdaspur,32.075766,75.312643,rice,2023-10-18,4.99
GUR_0317,Gurdaspur,32.045419,75.282674,rice,2023-11-25,4.84
GUR_0318,Gurdaspur,32.035977,75.470711,rice,2023-11-20,0.72
GUR_0319,Gurdaspur,31.99007,75.454502,rice,2023-11-02,2.98
GUR_0320,Gurdaspur,32.161945,75.49749,rice,2023-10-25,3.57
GUR_0321,Gurdaspur,32.062481,75.514362,rice,2023-10-17,0.99
GUR_0322,Gurdaspur,32.031362,75.319439,rice,2023-11-23,0.96
GUR_0323,Gurdaspur,31.982871,75.43698,rice,2023-11-29,5.52
GUR_0324,Gurdaspur,32.019428,75.38425,rice,2023-11-20,1.34
GUR_0325,Gurdaspur,31.955556,75.294699,rice,2023-11-11,1.2
GUR_0326,Gurdaspur,32.11286,75.354974,rice,2023-11-28,3.45
GUR_0327,Gurdaspur,32.145359,75.528127,rice,2023-10-16,5.51
GUR_0328,Gurdaspur,31.971575,75.491343,rice,2023-10-26,0.58
GUR_0329,Gurdaspur,32.050865,75.469228,rice,2023-11-18,5.13
GUR_0330,Gurdaspur,31.984683,75.504882,rice,2023-11-22,2.28
GUR_0331,Gurdaspur,31.966455,75.266413,rice,2023-11-28,1.15
GUR_0332,Gurdaspur,32.089982,75.306541,rice,2023-10-25,3.72
GUR_0333,Gurdaspur,31.936411,75.463237,rice,2023-10-19,2.2
GUR_0334,Gurdaspur,32.080308,75.528905,rice,2023-10-28,5.95
GUR_0335,Gurdaspur,32.001034,75.530971,rice,2023-11-29,5.49
GUR_0336,Gurdaspur,31.908799,75.275288,rice,2023-11-12,0.91
GUR_0337,Gurdaspur,32.12623,75.304628,rice,2023-11-28,3.72
GUR_0338,Gurdaspur,32.169085,75.424791,rice,2023-10-23,4.53
GUR_0339,Gurdaspur,31.953566,75.521969,rice,2023-10-24,2.06
GUR_0340,Gurdaspur,32.028043,75.329328,rice,2023-10-17,4.15
GUR_0341,Gurdaspur,32.091062,75.32532,rice,2023-10-25,0.91
GUR_0342,Gurdaspur,31.90112,75.51951,rice,2023-10-15,3.92
GUR_0343,Gurdaspur,31.939762,75.291904,rice,2023-10-29,4.96
GUR_0344,Gurdaspur,32.160666,75.310597,rice,2023-11-21,3.37
GUR_0345,Gurdaspur,31.935013,75.488779,rice,2023-11-09,4.33
GUR_0346,Gurdaspur,31.909488,75.483821,rice,2023-11-02,1.76
GUR_0347,Gurdaspur,32.136985,75.31804,rice,2023-10-20,1.24
GUR_0348,Gurdaspur,32.086757,75.484192,rice,2023-11-20,2.62
GUR_0349,Gurdaspur,31.969413,75.362468,rice,2023-11-11,3.98
GUR_0350,Gurdaspur,31.913477,75.277602,rice,2023-10-28,2.08
GUR_0351,Gurdaspur,31.978553,75.31558,rice,2023-11-24,0.63
GUR_0352,Gurdaspur,32.159786,75.478096,rice,2023-11-16,2.72
GUR_0353,Gurdaspur,32.141502,75.439083,rice,2023-10-27,2.22
GUR_0354,Gurdaspur,32.086669,75.305115,rice,2023-11-10,3.39
GUR_0355,Gurdaspur,31.933511,75.390641,rice,2023-10-21,1.36
GUR_0356,Gurdaspur,31.963193,75.493712,rice,2023-11-12,1.91
GUR_0357,Gurdaspur,31.927756,75.358593,rice,2023-11-20,4.32
GUR_0358,Gurdaspur,32.062122,75.501317,rice,2023-11-27,4.13
GUR_0359,Gurdaspur,32.128121,75.450004,rice,2023-11-27,3.93
GUR_0360,Gurdaspur,31.975165,75.277513,rice,2023-11-23,1.08
GUR_0361,Gurdaspur,32.044485,75.538095,rice,2023-11-25,4.76
GUR_0362,Gurdaspur,32.08686,75.518977,rice,2023-11-18,4.55
GUR_0363,Gurdaspur,31.973342,75.405855,rice,2023-11-09,1.41
GUR_0364,Gurdaspur,31.963266,75.345844,rice,2023-11-02,1.46
GUR_0365,Gurdaspur,31.961846,75.52259,rice,2023-11-28,5.05
GUR_0366,Gurdaspur,31.919029,75.540907,rice,2023-10-30,4.71
GUR_0367,Gurdaspur,32.15488,75.413255,rice,2023-11-18,2.48
GUR_0368,Gurdaspur,32.021969,75.476208,rice,2023-11-13,0.77
GUR_0369,Gurdaspur,31.911234,75.510978,rice,2023-10-29,4.47
GUR_0370,Gurdaspur,31.956872,75.368538,rice,2023-10-20,2.11
GUR_0371,Gurdaspur,32.038294,75.497465,rice,2023-11-17,1.72
GUR_0372,Gurdaspur,31.995542,75.500337,rice,2023-11-24,0.99
GUR_0373,Gurdaspur,31.933731,75.400283,rice,2023-11-12,2.35
GUR_0374,Gurdaspur,31.920441,75.537003,rice,2023-11-20,5.66
GUR_0375,Gurdaspur,32.083532,75.456925,rice,2023-11-06,4.04
GUR_0376,Gurdaspur,32.121755,75.395784,rice,2023-11-26,1.75
GUR_0377,Gurdaspur,32.134109,75.457627,rice,2023-11-23,3.93
GUR_0378,Gurdaspur,32.129616,75.341697,rice,2023-10-28,4.72
GUR_0379,Gurdaspur,31.921256,75.440986,rice,2023-10-20,5.27
GUR_0380,Gurdaspur,32.146184,75.4565,rice,2023-11-29,3.04
GUR_0381,Gurdaspur,32.09062,75.355934,rice,2023-11-05,3.47
GUR_0382,Gurdaspur,32.053244,75.381357,rice,2023-11-09,2.44
GUR_0383,Gurdaspur,31.993499,75.328925,rice,2023-11-18,1.15
GUR_0384,Gurdaspur,32.153441,75.285511,rice,2023-11-04,5.11
GUR_0385,Gurdaspur,31.96855,75.504901,rice,2023-11-23,5.57
GUR_0386,Gurdaspur,32.144665,75.462305,rice,2023-11-17,1.33
GUR_0387,Gurdaspur,32.054733,75.361152,rice,2023-11-14,5.3
GUR_0388,Gurdaspur,31.98893,75.454076,rice,2023-11-24,2.36
GUR_0389,Gurdaspur,32.090893,75.437884,rice,2023-11-18,5.33
GUR_0390,Gurdaspur,31.969894,75.489291,rice,2023-11-07,4.29
GUR_0391,Gurdaspur,31.979755,75.384072,rice,2023-10-31,3.79
GUR_0392,Gurdaspur,32.149609,75.298989,rice,2023-10-18,1.23
GUR_0393,Gurdaspur,32.033879,75.344744,rice,2023-11-22,4.01
GUR_0394,Gurdaspur,32.015872,75.502501,rice,2023-10-27,2.86
GUR_0395,Gurdaspur,32.073277,75.37741,rice,2023-10-31,3.09
GUR_0396,Gurdaspur,32.102735,75.532787,rice,2023-10-26,0.73
GUR_0397,Gurdaspur,32.049912,75.44407,rice,2023-11-27,5.06
GUR_0398,Gurdaspur,31.978267,75.510975,rice,2023-10-18,3.54
GUR_0399,Gurdaspur,31.943582,75.472982,rice,2023-11-18,4.46
GUR_0400,Gurdaspur,32.127296,75.427148,rice,2023-10-22,1.99
GUR_0401,Gurdaspur,32.023455,75.413846,rice,2023-11-11,3.99
GUR_0402,Gurdaspur,32.013119,75.478287,rice,2023-11-14,4.74
GUR_0403,Gurdaspur,32.095973,75.342203,rice,2023-10-28,2.88
GUR_0404,Gurdaspur,32.129702,75.49229,rice,2023-11-05,5.26
GUR_0405,Gurdaspur,31.965729,75.475567,rice,2023-11-17,1.42
GUR_0406,Gurdaspur,31.912182,75.295542,rice,2023-11-24,3.83
GUR_0407,Gurdaspur,32.019061,75.320614,rice,2023-10-17,4.82
GUR_0408,Gurdaspur,32.140629,75.476482,rice,2023-11-08,5.37
GUR_0409,Gurdaspur,32.070172,75.500381,rice,2023-10-15,5.19
GUR_0410,Gurdaspur,32.151828,75.458194,rice,2023-11-03,2.87
GUR_0411,Gurdaspur,31.979869,75.35705,rice,2023-11-23,0.76
GUR_0412,Gurdaspur,32.017037,75.277947,rice,2023-10-21,5.34
GUR_0413,Gurdaspur,32.082988,75.502227,rice,2023-11-16,1.73
GUR_0414,Gurdaspur,31.982278,75.505325,rice,2023-11-04,1.17
GUR_0415,Gurdaspur,32.096514,75.329193,rice,2023-10-26,0.52
GUR_0416,Gurdaspur,32.035145,75.301939,rice,2023-10-31,5.23
GUR_0417,Gurdaspur,31.928364,75.336103,rice,2023-10-29,5.96
GUR_0418,Gurdaspur,32.080603,75.446202,rice,2023-10-15,3.35
GUR_0419,Gurdaspur,32.144056,75.306373,rice,2023-10-19,4.94
GUR_0420,Gurdaspur,31.911116,75.30315,rice,2023-11-20,3.51
GUR_0421,Gurdaspur,31.926254,75.345063,rice,2023-11-15,1.36
GUR_0422,Gurdaspur,32.098161,75.404617,rice,2023-11-02,4.02
GUR_0423,Gurdaspur,32.033804,75.381496,rice,2023-11-13,5.45
GUR_0424,Gurdaspur,32.011891,75.445834,rice,2023-11-06,5.09
GUR_0425,Gurdaspur,32.074905,75.329298,rice,2023-11-20,3.75
GUR_0426,Gurdaspur,32.104671,75.481246,rice,2023-10-20,4.32
GUR_0427,Gurdaspur,31.901967,75.482675,rice,2023-11-08,5.93
GUR_0428,Gurdaspur,32.115084,75.386458,rice,2023-11-11,4.22
GUR_0429,Gurdaspur,32.073462,75.36047,rice,2023-11-21,1.62
GUR_0430,Gurdaspur,31.925592,75.471247,rice,2023-11-08,2.61
GUR_0431,Gurdaspur,32.1126,75.402734,rice,2023-10-23,4.57
GUR_0432,Gurdaspur,32.114957,75.386213,rice,2023-11-21,5.79
GUR_0433,Gurdaspur,32.014471,75.48808,rice,2023-11-15,1.79
GUR_0434,Gurdaspur,32.077096,75.397351,rice,2023-11-06,1.95
GUR_0435,Gurdaspur,32.008109,75.310782,rice,2023-11-29,4.04
GUR_0436,Gurdaspur,31.949593,75.480085,rice,2023-11-29,3.81
GUR_0437,Gurdaspur,32.103314,75.429656,rice,2023-11-18,1.62
GUR_0438,Gurdaspur,32.116248,75.477218,rice,2023-10-17,4.65
GUR_0439,Gurdaspur,31.90526,75.491442,rice,2023-10-30,4.32
GUR_0440,Gurdaspur,31.977182,75.481468,rice,2023-11-04,5.9
GUR_0441,Gurdaspur,31.971991,75.485575,rice,2023-11-05,2.0
GUR_0442,Gurdaspur,31.98342,75.470859,rice,2023-11-11,2.06
GUR_0443,Gurdaspur,31.914382,75.510709,rice,2023-11-15,4.67
GUR_0444,Gurdaspur,32.069903,75.410608,rice,2023-11-11,4.73
GUR_0445,Gurdaspur,31.910004,75.353328,rice,2023-11-05,5.69
GUR_0446,Gurdaspur,32.011222,75.539081,rice,2023-11-12,4.65
GUR_0447,Gurdaspur,32.036771,75.386164,rice,2023-11-08,3.88
GUR_0448,Gurdaspur,31.915659,75.386141,rice,2023-10-20,1.81
GUR_0449,Gurdaspur,32.16876,75.367714,rice,2023-10-26,2.57
GUR_0450,Gurdaspur,31.939419,75.364723,rice,2023-11-06,4.78
GUR_0451,Gurdaspur,32.074935,75.388476,rice,2023-11-05,0.52
GUR_0452,Gurdaspur,32.132448,75.28267,rice,2023-11-21,5.29
GUR_0453,Gurdaspur,32.16632,75.495367,rice,2023-11-19,3.39
GUR_0454,Gurdaspur,32.133063,75.418605,rice,2023-10-15,2.48
GUR_0455,Gurdaspur,32.032795,75.288594,rice,2023-10-22,0.65
GUR_0456,Gurdaspur,32.081352,75.375327,rice,2023-11-06,1.55
GUR_0457,Gurdaspur,31.905867,75.524193,rice,2023-11-05,4.06
GUR_0458,Gurdaspur,32.11922,75.441445,rice,2023-11-09,2.77
GUR_0459,Gurdaspur,32.076725,75.336705,rice,2023-11-28,1.63
GUR_0460,Gurdaspur,32.157878,75.408679,rice,2023-11-09,1.79
GUR_0461,Gurdaspur,32.080097,75.291289,rice,2023-11-19,5.26
GUR_0462,Gurdaspur,32.116,75.462963,rice,2023-11-03,3.09
GUR_0463,Gurdaspur,32.026126,75.269167,rice,2023-10-15,3.67
GUR_0464,Gurdaspur,31.902478,75.304372,rice,2023-11-11,0.57
GUR_0465,Gurdaspur,31.97189,75.267079,rice,2023-11-04,3.12
GUR_0466,Gurdaspur,32.023383,75.321829,rice,2023-11-03,3.38
GUR_0467,Gurdaspur,32.128946,75.34754,rice,2023-11-27,3.49
GUR_0468,Gurdaspur,31.966451,75.36058,rice,2023-10-29,2.99
GUR_0469,Gurdaspur,32.009165,75.495105,rice,2023-10-25,2.72
GUR_0470,Gurdaspur,32.02638,75.53393,rice,2023-11-23,3.27
GUR_0471,Gurdaspur,32.179049,75.479585,rice,2023-10-22,1.76
GUR_0472,Gurdaspur,31.945538,75.491721,rice,2023-10-27,2.19
GUR_0473,Gurdaspur,32.090222,75.417238,rice,2023-11-10,4.63
GUR_0474,Gurdaspur,31.91885,75.36076,rice,2023-11-21,3.36
GUR_0475,Gurdaspur,32.126019,75.465928,rice,2023-11-03,4.95
GUR_0476,Gurdaspur,32.02278,75.281585,rice,2023-11-09,5.29
GUR_0477,Gurdaspur,32.048446,75.492353,rice,2023-11-28,3.74
GUR_0478,Gurdaspur,31.993706,75.380681,rice,2023-11-02,1.31
GUR_0479,Gurdaspur,32.108649,75.34448,rice,2023-11-11,2.45
GUR_0480,Gurdaspur,32.021995,75.427326,rice,2023-10-28,4.26
GUR_0481,Gurdaspur,32.090193,75.384631,rice,2023-11-07,1.27
GUR_0482,Gurdaspur,32.047022,75.511576,rice,2023-11-06,3.03
GUR_0483,Gurdaspur,32.163644,75.309619,rice,2023-10-19,4.39
GUR_0484,Gurdaspur,32.091828,75.4516,rice,2023-11-17,0.62
GUR_0485,Gurdaspur,32.108794,75.405912,rice,2023-11-19,0.78
GUR_0486,Gurdaspur,31.953747,75.521082,rice,2023-11-08,2.24
GUR_0487,Gurdaspur,32.011286,75.318977,rice,2023-10-21,4.57
GUR_0488,Gurdaspur,32.158953,75.423378,rice,2023-11-13,2.02
GUR_0489,Gurdaspur,31.92087,75.340511,rice,2023-10-23,5.86
GUR_0490,Gurdaspur,31.923175,75.374743,rice,2023-11-12,4.17
GUR_0491,Gurdaspur,32.06188,75.448474,rice,2023-10-21,1.97
GUR_0492,Gurdaspur,32.036171,75.37283,rice,2023-11-05,4.4
GUR_0493,Gurdaspur,31.949055,75.404921,rice,2023-11-26,3.42
GUR_0494,Gurdaspur,31.967419,75.528038,rice,2023-11-28,1.84
GUR_0495,Gurdaspur,32.11133,75.296669,rice,2023-11-01,1.49
GUR_0496,Gurdaspur,32.01137,75.536374,rice,2023-11-23,3.69
GUR_0497,Gurdaspur,31.974919,75.266176,rice,2023-11-01,2.01
GUR_0498,Gurdaspur,32.048519,75.40177,rice,2023-10-15,5.57
GUR_0499,Gurdaspur,32.114946,75.524926,rice,2023-11-13,2.96
GUR_0500,Gurdaspur,32.059505,75.370201,rice,2023-11-07,1.66
GUR_0501,Gurdaspur,32.135265,75.456549,rice,2023-11-20,2.95
GUR_0502,Gurdaspur,31.964125,75.423595,rice,2023-10-29,2.47
GUR_0503,Gurdaspur,32.146161,75.413942,rice,2023-11-16,4.62
GUR_0504,Gurdaspur,32.154428,75.494877,rice,2023-11-02,3.22
GUR_0505,Gurdaspur,32.000804,75.451396,rice,2023-11-27,5.88
GUR_0506,Gurdaspur,32.02903,75.453107,rice,2023-11-21,2.11
GUR_0507,Gurdaspur,31.92549,75.336856,rice,2023-11-06,3.3
GUR_0508,Gurdaspur,32.005484,75.455917,rice,2023-10-15,3.88
GUR_0509,Gurdaspur,31.948003,75.45467,rice,2023-10-22,0.53
GUR_0510,Gurdaspur,32.172654,75.273556,rice,2023-10-23,2.38
GUR_0511,Gurdaspur,32.079503,75.369705,rice,2023-11-09,4.48
GUR_0512,Gurdaspur,32.069603,75.411146,rice,2023-11-01,5.37
GUR_0513,Gurdaspur,31.931272,75.397535,rice,2023-11-15,0.7
GUR_0514,Gurdaspur,32.175129,75.471528,rice,2023-10-25,1.69
GUR_0515,Gurdaspur,32.013682,75.329287,rice,2023-11-20,2.43
GUR_0516,Gurdaspur,32.158562,75.324115,rice,2023-11-15,2.42
GUR_0517,Gurdaspur,32.161908,75.513711,rice,2023-10-22,3.16
GUR_0518,Gurdaspur,32.148437,75.453778,rice,2023-10-28,4.01
GUR_0519,Gurdaspur,32.085956,75.523875,rice,2023-10-24,1.5
GUR_0520,Gurdaspur,32.033363,75.470089,rice,2023-11-07,3.21
GUR_0521,Gurdaspur,31.988714,75.452572,rice,2023-10-21,5.8
GUR_0522,Gurdaspur,31.999599,75.466896,rice,2023-11-04,3.55
GUR_0523,Gurdaspur,31.922718,75.397532,rice,2023-11-22,4.84
GUR_0524,Gurdaspur,32.106668,75.280143,rice,2023-10-16,3.25
GUR_0525,Gurdaspur,32.170231,75.345699,rice,2023-11-15,1.33
GUR_0526,Gurdaspur,31.902849,75.414546,rice,2023-11-25,1.82
GUR_0527,Gurdaspur,32.147183,75.454698,rice,2023-11-09,4.2
GUR_0528,Gurdaspur,32.091108,75.475192,rice,2023-11-15,4.18
GUR_0529,Gurdaspur,32.134597,75.422274,rice,2023-11-10,3.07
GUR_0530,Gurdaspur,32.024266,75.359102,rice,2023-10-31,2.79
GUR_0531,Gurdaspur,32.008796,75.297119,rice,2023-11-14,4.66
GUR_0532,Gurdaspur,31.995511,75.530637,rice,2023-11-22,5.72
GUR_0533,Gurdaspur,32.140882,75.274224,rice,2023-11-14,3.02
GUR_0534,Gurdaspur,32.102241,75.443747,rice,2023-11-01,4.23
GUR_0535,Gurdaspur,32.11582,75.531562,rice,2023-11-21,5.47
GUR_0536,Gurdaspur,32.129149,75.360619,rice,2023-11-09,4.98
GUR_0537,Gurdaspur,31.933857,75.310453,rice,2023-11-04,2.86
GUR_0538,Gurdaspur,32.029973,75.532289,rice,2023-11-29,2.49
GUR_0539,Gurdaspur,31.967351,75.28779,rice,2023-11-16,1.6
GUR_0540,Gurdaspur,31.919146,75.493659,rice,2023-11-08,2.31
GUR_0541,Gurdaspur,32.063229,75.295301,rice,2023-11-01,3.98
GUR_0542,Gurdaspur,32.026962,75.360495,rice,2023-11-07,2.21
GUR_0543,Gurdaspur,31.931627,75.298394,rice,2023-11-02,1.26
GUR_0544,Gurdaspur,31.963566,75.312149,rice,2023-11-06,4.91
GUR_0545,Gurdaspur,32.026921,75.420725,rice,2023-11-24,2.68
GUR_0546,Gurdaspur,31.984561,75.373085,rice,2023-11-10,3.44
GUR_0547,Gurdaspur,32.001402,75.304252,rice,2023-10-28,4.53
GUR_0548,Gurdaspur,31.919556,75.519596,rice,2023-11-26,1.44
GUR_0549,Gurdaspur,31.928364,75.314501,rice,2023-11-23,1.72
GUR_0550,Gurdaspur,32.121358,75.446051,rice,2023-11-26,3.35
GUR_0551,Gurdaspur,32.003366,75.292022,rice,2023-11-02,2.67
GUR_0552,Gurdaspur,32.050796,75.280493,rice,2023-11-16,4.77
GUR_0553,Gurdaspur,32.094836,75.414204,rice,2023-11-12,2.35
GUR_0554,Gurdaspur,31.996873,75.28517,rice,2023-11-06,4.28
GUR_0555,Gurdaspur,31.913592,75.266397,rice,2023-11-06,1.62
GUR_0556,Gurdaspur,32.060655,75.456725,rice,2023-10-16,2.81
GUR_0557,Gurdaspur,32.015419,75.4275,rice,2023-11-19,5.15
GUR_0558,Gurdaspur,32.130345,75.496587,rice,2023-11-11,5.14
GUR_0559,Gurdaspur,32.147353,75.421489,rice,2023-11-17,4.5
GUR_0560,Gurdaspur,31.956722,75.366929,rice,2023-11-11,5.52
GUR_0561,Gurdaspur,32.047373,75.280501,rice,2023-11-01,1.38
GUR_0562,Gurdaspur,32.00076,75.418593,rice,2023-11-02,3.28
GUR_0563,Gurdaspur,32.038331,75.271135,rice,2023-11-17,0.66
GUR_0564,Gurdaspur,32.014361,75.44716,rice,2023-11-04,1.19
GUR_0565,Gurdaspur,32.157696,75.442543,rice,2023-11-07,2.67
GUR_0566,Gurdaspur,31.928134,75.272178,rice,2023-10-25,5.54
GUR_0567,Gurdaspur,32.090052,75.484301,rice,2023-11-26,5.49
GUR_0568,Gurdaspur,32.151857,75.282284,rice,2023-11-12,1.54
GUR_0569,Gurdaspur,32.011821,75.361505,rice,2023-11-29,1.97
GUR_0570,Gurdaspur,32.124289,75.268098,rice,2023-11-08,4.85
GUR_0571,Gurdaspur,32.011144,75.267438,rice,2023-11-16,2.96
GUR_0572,Gurdaspur,32.103923,75.511966,rice,2023-11-22,0.69
GUR_0573,Gurdaspur,31.974405,75.29929,rice,2023-11-10,5.7
GUR_0574,Gurdaspur,32.126559,75.368123,rice,2023-10-19,4.28
GUR_0575,Gurdaspur,32.158445,75.327828,rice,2023-10-19,5.03
GUR_0576,Gurdaspur,32.103356,75.310872,rice,2023-10-15,3.19
GUR_0577,Gurdaspur,31.945921,75.434732,rice,2023-10-16,2.02
GUR_0578,Gurdaspur,32.119634,75.398607,rice,2023-11-13,4.38
GUR_0579,Gurdaspur,32.080147,75.392213,rice,2023-11-11,1.62
GUR_0580,Gurdaspur,32.109864,75.445744,rice,2023-10-28,2.05
GUR_0581,Gurdaspur,32.171788,75.492895,rice,2023-11-16,1.39
GUR_0582,Gurdaspur,32.053333,75.294666,rice,2023-10-20,5.8
GUR_0583,Gurdaspur,32.079647,75.284529,rice,2023-10-21,1.72
GUR_0584,Gurdaspur,32.038326,75.335167,rice,2023-11-04,5.07
GUR_0585,Gurdaspur,32.102908,75.519842,rice,2023-10-28,2.62
GUR_0586,Gurdaspur,32.126531,75.370677,rice,2023-10-24,2.58
GUR_0587,Gurdaspur,32.177091,75.481842,rice,2023-11-16,2.74
GUR_0588,Gurdaspur,32.065057,75.392155,rice,2023-11-23,2.98
GUR_0589,Gurdaspur,31.936756,75.501797,rice,2023-10-29,3.7
GUR_0590,Gurdaspur,32.14098,75.482574,rice,2023-11-01,1.59
GUR_0591,Gurdaspur,32.074183,75.404805,rice,2023-10-18,0.72
GUR_0592,Gurdaspur,32.077342,75.484359,rice,2023-10-26,5.68
GUR_0593,Gurdaspur,32.000395,75.377781,rice,2023-11-17,5.92
GUR_0594,Gurdaspur,32.138884,75.534129,rice,2023-10-22,3.22
GUR_0595,Gurdaspur,31.959739,75.426492,rice,2023-11-07,2.41
GUR_0596,Gurdaspur,31.924062,75.286482,rice,2023-11-01,2.58
GUR_0597,Gurdaspur,32.160336,75.468447,rice,2023-11-09,1.79
GUR_0598,Gurdaspur,32.106668,75.379769,rice,2023-11-18,0.83
GUR_0599,Gurdaspur,32.011548,75.302751,rice,2023-11-25,5.12
GUR_0600,Gurdaspur,31.981491,75.437338,rice,2023-11-23,2.5
FAZ_0001,Fazilka,30.302183,74.064834,wheat,2023-11-06,4.76
FAZ_0002,Fazilka,30.300782,74.026522,wheat,2023-11-18,0.63
FAZ_0003,Fazilka,30.284247,73.905694,wheat,2023-11-26,2.34
FAZ_0004,Fazilka,30.35915,74.078404,wheat,2023-10-17,2.31
FAZ_0005,Fazilka,30.298311,74.148125,wheat,2023-11-08,1.18
FAZ_0006,Fazilka,30.360578,73.930064,wheat,2023-11-24,5.78
FAZ_0007,Fazilka,30.358674,73.910473,wheat,2023-10-22,4.41
FAZ_0008,Fazilka,30.32649,73.973009,wheat,2023-11-17,2.78
FAZ_0009,Fazilka,30.333956,73.963889,wheat,2023-11-07,4.64
FAZ_0010,Fazilka,30.452936,74.075297,wheat,2023-11-20,3.37
FAZ_0011,Fazilka,30.357258,74.084753,wheat,2023-10-16,1.28
FAZ_0012,Fazilka,30.294354,74.088161,wheat,2023-10-20,3.75
FAZ_0013,Fazilka,30.385045,74.016345,wheat,2023-11-16,1.17
FAZ_0014,Fazilka,30.366308,74.095847,wheat,2023-11-22,4.12
FAZ_0015,Fazilka,30.380841,73.945816,wheat,2023-11-17,2.74
FAZ_0016,Fazilka,30.504794,74.100793,wheat,2023-11-27,5.24
FAZ_0017,Fazilka,30.263738,74.01667,wheat,2023-11-14,2.01
FAZ_0018,Fazilka,30.334555,73.992008,wheat,2023-10-26,2.76
FAZ_0019,Fazilka,30.436531,73.967102,wheat,2023-11-16,2.48
FAZ_0020,Fazilka,30.451224,73.883048,wheat,2023-10-27,4.61
FAZ_0021,Fazilka,30.353911,74.044347,wheat,2023-10-30,3.31
FAZ_0022,Fazilka,30.440202,74.140583,wheat,2023-11-19,0.66
FAZ_0023,Fazilka,30.356868,74.142519,wheat,2023-10-27,3.89
FAZ_0024,Fazilka,30.323205,73.975549,wheat,2023-11-22,5.22
FAZ_0025,Fazilka,30.454516,73.962982,wheat,2023-10-28,4.79
FAZ_0026,Fazilka,30.420343,74.152763,wheat,2023-10-21,2.74
FAZ_0027,Fazilka,30.356728,73.964412,wheat,2023-11-22,2.28
FAZ_0028,Fazilka,30.279493,73.970396,wheat,2023-11-06,1.7
FAZ_0029,Fazilka,30.487308,73.948966,wheat,2023-11-11,4.2
FAZ_0030,Fazilka,30.300784,74.031759,wheat,2023-11-05,5.16
FAZ_0031,Fazilka,30.422543,74.018068,wheat,2023-10-17,5.71
FAZ_0032,Fazilka,30.488876,73.997355,wheat,2023-11-22,3.86
FAZ_0033,Fazilka,30.40646,73.967926,wheat,2023-10-22,5.06
FAZ_0034,Fazilka,30.343134,74.132076,wheat,2023-11-04,5.95
FAZ_0035,Fazilka,30.344895,73.917367,wheat,2023-11-25,1.44
FAZ_0036,Fazilka,30.47501,73.893952,wheat,2023-11-28,1.8
FAZ_0037,Fazilka,30.331843,73.966226,wheat,2023-11-25,1.46
FAZ_0038,Fazilka,30.307619,74.076669,wheat,2023-11-26,5.74
FAZ_0039,Fazilka,30.368,74.099476,wheat,2023-10-29,5.03
FAZ_0040,Fazilka,30.461551,74.134052,wheat,2023-10-16,4.01
FAZ_0041,Fazilka,30.522574,73.99216,wheat,2023-10-31,4.49
FAZ_0042,Fazilka,30.33421,74.140762,wheat,2023-11-17,4.79
FAZ_0043,Fazilka,30.501578,73.984525,wheat,2023-11-16,2.23
FAZ_0044,Fazilka,30.529032,73.889705,wheat,2023-11-22,3.91
FAZ_0045,Fazilka,30.290427,74.084245,wheat,2023-10-25,5.29
FAZ_0046,Fazilka,30.503357,73.986065,wheat,2023-10-31,4.95
FAZ_0047,Fazilka,30.449718,74.002439,wheat,2023-11-10,1.66
FAZ_0048,Fazilka,30.276698,74.027861,wheat,2023-10-30,3.47
FAZ_0049,Fazilka,30.383325,74.149167,wheat,2023-11-26,5.18
FAZ_0050,Fazilka,30.48323,74.095451,wheat,2023-10-15,3.39
FAZ_0051,Fazilka,30.3123,74.124606,wheat,2023-10-20,5.08
FAZ_0052,Fazilka,30.325021,74.038225,wheat,2023-11-18,2.79
FAZ_0053,Fazilka,30.438108,74.09373,wheat,2023-10-28,1.46
FAZ_0054,Fazilka,30.27121,73.927012,wheat,2023-10-22,1.82
FAZ_0055,Fazilka,30.279305,73.982593,wheat,2023-11-04,4.86
FAZ_0056,Fazilka,30.355829,73.906471,wheat,2023-11-15,4.68
FAZ_0057,Fazilka,30.368531,73.9534,wheat,2023-10-18,5.83
FAZ_0058,Fazilka,30.363339,74.151647,wheat,2023-11-05,1.89
FAZ_0059,Fazilka,30.288553,73.92701,wheat,2023-11-23,3.46
FAZ_0060,Fazilka,30.421938,74.153958,wheat,2023-11-19,3.28
FAZ_0061,Fazilka,30.291766,74.084184,wheat,2023-10-19,3.7
FAZ_0062,Fazilka,30.498226,74.016583,wheat,2023-10-24,2.23
FAZ_0063,Fazilka,30.420153,73.918546,wheat,2023-10-21,3.27
FAZ_0064,Fazilka,30.330162,73.893992,wheat,2023-10-29,3.72
FAZ_0065,Fazilka,30.371349,73.992371,wheat,2023-11-12,1.11
FAZ_0066,Fazilka,30.302169,74.128353,wheat,2023-11-29,1.22
FAZ_0067,Fazilka,30.515934,74.071149,wheat,2023-11-11,2.03
FAZ_0068,Fazilka,30.359653,74.114267,wheat,2023-11-08,0.82
FAZ_0069,Fazilka,30.474194,74.11479,wheat,2023-11-16,0.8
FAZ_0070,Fazilka,30.466943,74.085486,wheat,2023-11-16,0.57
FAZ_0071,Fazilka,30.508839,73.920015,wheat,2023-11-03,0.89
FAZ_0072,Fazilka,30.325654,74.076268,wheat,2023-11-28,1.25
FAZ_0073,Fazilka,30.310791,73.886128,wheat,2023-11-01,0.71
FAZ_0074,Fazilka,30.43612,74.046046,wheat,2023-11-22,3.31
FAZ_0075,Fazilka,30.364044,73.966878,wheat,2023-11-22,4.82
FAZ_0076,Fazilka,30.517365,74.088491,wheat,2023-11-28,5.06
FAZ_0077,Fazilka,30.528969,74.01002,wheat,2023-10-24,0.74
FAZ_0078,Fazilka,30.289204,74.020305,wheat,2023-11-25,3.0
FAZ_0079,Fazilka,30.3817,74.033414,wheat,2023-10-28,5.29
FAZ_0080,Fazilka,30.355856,73.971547,wheat,2023-11-08,4.36
FAZ_0081,Fazilka,30.440574,74.115357,wheat,2023-11-11,0.54
FAZ_0082,Fazilka,30.523338,73.895383,wheat,2023-10-29,4.24
FAZ_0083,Fazilka,30.349113,74.001589,wheat,2023-11-27,2.81
FAZ_0084,Fazilka,30.299424,74.094242,wheat,2023-11-22,0.61
FAZ_0085,Fazilka,30.335925,74.033661,wheat,2023-11-12,3.91
FAZ_0086,Fazilka,30.365777,73.992364,wheat,2023-11-04,2.42
FAZ_0087,Fazilka,30.507436,73.887843,wheat,2023-11-15,2.47
FAZ_0088,Fazilka,30.361167,74.08625,wheat,2023-11-27,2.64
FAZ_0089,Fazilka,30.431661,74.136017,wheat,2023-10-17,3.33
FAZ_0090,Fazilka,30.459663,73.992882,wheat,2023-11-22,4.77
FAZ_0091,Fazilka,30.306651,73.895777,wheat,2023-11-27,1.68
FAZ_0092,Fazilka,30.463043,73.911371,wheat,2023-11-08,0.55
FAZ_0093,Fazilka,30.448197,74.023224,wheat,2023-11-12,1.86
FAZ_0094,Fazilka,30.293512,73.88947,wheat,2023-11-27,2.94
FAZ_0095,Fazilka,30.287229,74.10018,wheat,2023-11-14,5.56
FAZ_0096,Fazilka,30.410439,74.077984,wheat,2023-10-18,1.22
FAZ_0097,Fazilka,30.284061,73.982031,wheat,2023-11-24,3.67
FAZ_0098,Fazilka,30.351341,73.959345,wheat,2023-11-07,5.9
FAZ_0099,Fazilka,30.335345,73.921619,wheat,2023-11-19,2.17
FAZ_0100,Fazilka,30.377086,74.05764,wheat,2023-10-31,3.82
FAZ_0101,Fazilka,30.454521,73.926872,wheat,2023-11-20,4.85
FAZ_0102,Fazilka,30.319803,73.971386,wheat,2023-10-17,3.01
FAZ_0103,Fazilka,30.459566,73.928804,wheat,2023-11-27,2.27
FAZ_0104,Fazilka,30.534146,73.962916,wheat,2023-11-25,4.49
FAZ_0105,Fazilka,30.364467,74.117245,wheat,2023-11-26,5.29
FAZ_0106,Fazilka,30.470103,74.047088,wheat,2023-11-05,1.87
FAZ_0107,Fazilka,30.331763,74.160598,wheat,2023-10-18,1.26
FAZ_0108,Fazilka,30.316138,73.912908,wheat,2023-11-26,1.61
FAZ_0109,Fazilka,30.340267,74.117536,wheat,2023-10-23,5.35
FAZ_0110,Fazilka,30.53114,73.961887,wheat,2023-10-19,3.01
FAZ_0111,Fazilka,30.407212,73.940593,wheat,2023-10-17,3.69
FAZ_0112,Fazilka,30.29041,74.133875,wheat,2023-11-17,2.16
FAZ_0113,Fazilka,30.302749,74.157919,wheat,2023-11-12,0.83
FAZ_0114,Fazilka,30.325515,73.972394,wheat,2023-10-19,2.89
FAZ_0115,Fazilka,30.450848,73.9854,wheat,2023-11-08,0.53
FAZ_0116,Fazilka,30.366772,74.147591,wheat,2023-11-09,4.76
FAZ_0117,Fazilka,30.466424,73.968264,wheat,2023-11-05,5.14
FAZ_0118,Fazilka,30.505444,74.081952,wheat,2023-11-06,3.01
FAZ_0119,Fazilka,30.279486,73.916419,wheat,2023-11-14,2.48
FAZ_0120,Fazilka,30.265548,74.004806,wheat,2023-10-15,3.79
FAZ_0121,Fazilka,30.425846,74.038483,wheat,2023-11-08,3.36
FAZ_0122,Fazilka,30.533354,74.007493,wheat,2023-10-25,5.31
FAZ_0123,Fazilka,30.365794,74.057452,wheat,2023-11-16,4.29
FAZ_0124,Fazilka,30.510266,74.006452,wheat,2023-11-06,4.67
FAZ_0125,Fazilka,30.506111,74.104072,wheat,2023-10-19,0.5
FAZ_0126,Fazilka,30.506229,74.087208,wheat,2023-10-16,5.77
FAZ_0127,Fazilka,30.340895,74.103631,wheat,2023-10-26,5.22
FAZ_0128,Fazilka,30.452768,73.921726,wheat,2023-11-20,4.25
FAZ_0129,Fazilka,30.428255,73.976428,wheat,2023-11-07,5.37
FAZ_0130,Fazilka,30.298745,74.001215,wheat,2023-10-24,3.93
FAZ_0131,Fazilka,30.531103,74.070873,wheat,2023-11-13,0.83
FAZ_0132,Fazilka,30.347957,73.96498,wheat,2023-10-29,5.0
FAZ_0133,Fazilka,30.364444,73.910566,wheat,2023-11-07,0.6
FAZ_0134,Fazilka,30.259843,74.015931,wheat,2023-11-24,0.88
FAZ_0135,Fazilka,30.308589,74.15888,wheat,2023-11-18,4.7
FAZ_0136,Fazilka,30.446822,73.896388,wheat,2023-11-22,5.1
FAZ_0137,Fazilka,30.390933,73.91053,wheat,2023-10-20,3.26
FAZ_0138,Fazilka,30.262834,73.953677,wheat,2023-10-28,2.35
FAZ_0139,Fazilka,30.388862,73.883555,wheat,2023-11-04,1.59
FAZ_0140,Fazilka,30.42623,73.949962,wheat,2023-11-10,2.71
FAZ_0141,Fazilka,30.433616,74.06684,wheat,2023-10-30,3.44
FAZ_0142,Fazilka,30.48766,73.940798,wheat,2023-10-16,3.43
FAZ_0143,Fazilka,30.384332,74.120982,wheat,2023-10-27,5.69
FAZ_0144,Fazilka,30.44168,74.040187,wheat,2023-11-04,2.11
FAZ_0145,Fazilka,30.426027,73.919749,wheat,2023-10-23,2.06
FAZ_0146,Fazilka,30.446677,74.096919,wheat,2023-11-03,5.61
FAZ_0147,Fazilka,30.321188,74.13073,wheat,2023-11-24,5.24
FAZ_0148,Fazilka,30.466333,73.957962,wheat,2023-11-22,5.33
FAZ_0149,Fazilka,30.426874,74.090371,wheat,2023-10-26,1.37
FAZ_0150,Fazilka,30.336518,74.026184,wheat,2023-10-24,2.79
FAZ_0151,Fazilka,30.50753,73.886645,wheat,2023-11-20,2.29
FAZ_0152,Fazilka,30.305965,73.99689,wheat,2023-10-18,4.45
FAZ_0153,Fazilka,30.537157,73.939581,wheat,2023-10-19,4.73
FAZ_0154,Fazilka,30.335174,74.08005,wheat,2023-10-27,3.71
FAZ_0155,Fazilka,30.49837,73.892334,wheat,2023-11-02,5.8
FAZ_0156,Fazilka,30.265269,74.022863,wheat,2023-11-29,2.71
FAZ_0157,Fazilka,30.330166,74.156791,wheat,2023-11-22,1.95
FAZ_0158,Fazilka,30.261302,74.045462,wheat,2023-10-23,5.23
FAZ_0159,Fazilka,30.433136,74.06545,wheat,2023-11-01,4.43
FAZ_0160,Fazilka,30.373521,74.015639,wheat,2023-10-18,3.72
FAZ_0161,Fazilka,30.532102,74.092491,wheat,2023-11-15,2.88
FAZ_0162,Fazilka,30.268646,74.033832,wheat,2023-11-15,4.13
FAZ_0163,Fazilka,30.456173,74.053207,wheat,2023-11-12,1.72
FAZ_0164,Fazilka,30.284226,74.079793,wheat,2023-10-28,5.84
FAZ_0165,Fazilka,30.406006,74.071491,wheat,2023-11-13,1.39
FAZ_0166,Fazilka,30.312704,73.94129,wheat,2023-11-15,5.63
FAZ_0167,Fazilka,30.263362,74.034527,wheat,2023-11-19,4.13
FAZ_0168,Fazilka,30.320738,74.152128,wheat,2023-11-01,2.32
FAZ_0169,Fazilka,30.518259,74.047976,wheat,2023-11-09,4.54
FAZ_0170,Fazilka,30.413858,73.921803,wheat,2023-11-03,4.37
FAZ_0171,Fazilka,30.421258,74.041381,wheat,2023-10-31,4.09
FAZ_0172,Fazilka,30.361548,73.972177,wheat,2023-11-17,1.88
FAZ_0173,Fazilka,30.420041,73.966969,wheat,2023-10-20,4.8
FAZ_0174,Fazilka,30.317557,73.929166,wheat,2023-10-20,5.17
FAZ_0175,Fazilka,30.455596,74.097524,wheat,2023-11-01,3.9
FAZ_0176,Fazilka,30.520014,73.962155,wheat,2023-10-31,0.88
FAZ_0177,Fazilka,30.306846,74.134291,wheat,2023-11-22,3.2
FAZ_0178,Fazilka,30.408679,74.151804,wheat,2023-10-27,2.16
FAZ_0179,Fazilka,30.40499,74.151275,wheat,2023-11-01,3.79
FAZ_0180,Fazilka,30.27681,73.956633,wheat,2023-10-24,0.88
FAZ_0181,Fazilka,30.351443,73.940801,wheat,2023-10-21,3.05
FAZ_0182,Fazilka,30.3724,74.07685,wheat,2023-11-20,5.71
FAZ_0183,Fazilka,30.343432,73.90169,wheat,2023-10-19,5.21
FAZ_0184,Fazilka,30.495839,74.016102,wheat,2023-10-20,1.31
FAZ_0185,Fazilka,30.406417,74.070158,wheat,2023-11-13,0.95
FAZ_0186,Fazilka,30.349144,74.076361,wheat,2023-10-30,5.88
FAZ_0187,Fazilka,30.312225,74.139076,wheat,2023-11-10,4.15
FAZ_0188,Fazilka,30.500836,74.039089,wheat,2023-11-05,0.84
FAZ_0189,Fazilka,30.333418,74.107814,wheat,2023-11-03,2.31
FAZ_0190,Fazilka,30.422324,73.9582,wheat,2023-11-09,1.83
FAZ_0191,Fazilka,30.49095,73.995019,wheat,2023-11-15,2.75
FAZ_0192,Fazilka,30.516777,73.933621,wheat,2023-10-27,1.52
FAZ_0193,Fazilka,30.358054,73.899923,wheat,2023-11-09,0.56
FAZ_0194,Fazilka,30.299932,74.062308,wheat,2023-10-18,1.58
FAZ_0195,Fazilka,30.364781,74.080564,wheat,2023-10-16,1.65
FAZ_0196,Fazilka,30.537849,74.050149,wheat,2023-10-16,4.13
FAZ_0197,Fazilka,30.403493,74.15345,wheat,2023-10-27,0.87
FAZ_0198,Fazilka,30.487527,73.884147,wheat,2023-10-21,3.59
FAZ_0199,Fazilka,30.259395,73.980509,wheat,2023-11-18,3.51
FAZ_0200,Fazilka,30.415761,73.927057,wheat,2023-11-13,2.12
FAZ_0201,Fazilka,30.457808,73.889523,wheat,2023-10-31,3.34
FAZ_0202,Fazilka,30.355308,73.976737,wheat,2023-11-11,4.89
FAZ_0203,Fazilka,30.365959,73.905361,wheat,2023-11-20,1.22
FAZ_0204,Fazilka,30.482287,73.886904,wheat,2023-11-28,2.5
FAZ_0205,Fazilka,30.403251,73.891339,wheat,2023-10-19,1.93
FAZ_0206,Fazilka,30.410527,74.104852,wheat,2023-11-17,3.75
FAZ_0207,Fazilka,30.386572,73.977111,wheat,2023-10-19,5.52
FAZ_0208,Fazilka,30.424741,74.05983,wheat,2023-10-17,2.92
FAZ_0209,Fazilka,30.363359,73.896063,wheat,2023-10-18,2.84
FAZ_0210,Fazilka,30.326677,73.895444,wheat,2023-10-22,3.5
FAZ_0211,Fazilka,30.388952,74.000984,wheat,2023-10-28,3.8
FAZ_0212,Fazilka,30.259396,74.096335,wheat,2023-11-20,3.15
FAZ_0213,Fazilka,30.403708,74.13208,wheat,2023-10-31,3.8
FAZ_0214,Fazilka,30.338005,73.893279,wheat,2023-10-20,2.91
FAZ_0215,Fazilka,30.338412,73.883418,wheat,2023-11-21,2.21
FAZ_0216,Fazilka,30.380555,73.886285,wheat,2023-11-06,2.71
FAZ_0217,Fazilka,30.390713,74.013486,wheat,2023-11-03,5.95
FAZ_0218,Fazilka,30.266801,73.993887,wheat,2023-11-16,5.21
FAZ_0219,Fazilka,30.434195,74.158408,wheat,2023-11-15,4.48
FAZ_0220,Fazilka,30.280304,73.960071,wheat,2023-11-16,3.71
FAZ_0221,Fazilka,30.40527,74.096526,wheat,2023-10-24,1.64
FAZ_0222,Fazilka,30.378952,74.125715,wheat,2023-11-29,5.11
FAZ_0223,Fazilka,30.487814,74.05671,wheat,2023-10-23,2.47
FAZ_0224,Fazilka,30.291563,73.920117,wheat,2023-11-29,2.9
FAZ_0225,Fazilka,30.484386,74.009797,wheat,2023-10-17,2.47
FAZ_0226,Fazilka,30.459153,73.92588,wheat,2023-11-12,3.36
FAZ_0227,Fazilka,30.310836,74.014206,wheat,2023-11-21,3.83
FAZ_0228,Fazilka,30.401673,74.156208,wheat,2023-11-03,5.45
FAZ_0229,Fazilka,30.341342,73.91693,wheat,2023-11-12,1.59
FAZ_0230,Fazilka,30.32119,74.131831,wheat,2023-10-17,5.59
FAZ_0231,Fazilka,30.323532,74.095445,wheat,2023-10-25,2.58
FAZ_0232,Fazilka,30.503046,74.159823,wheat,2023-11-22,5.82
FAZ_0233,Fazilka,30.466734,73.987066,wheat,2023-11-04,5.96
FAZ_0234,Fazilka,30.336329,74.005747,wheat,2023-10-25,1.95
FAZ_0235,Fazilka,30.397913,73.913907,wheat,2023-11-12,3.28
FAZ_0236,Fazilka,30.376461,73.98468,wheat,2023-11-21,3.69
FAZ_0237,Fazilka,30.477369,74.135717,wheat,2023-11-16,2.95
FAZ_0238,Fazilka,30.492518,74.031012,wheat,2023-11-22,4.01
FAZ_0239,Fazilka,30.447877,73.994911,wheat,2023-10-16,4.31
FAZ_0240,Fazilka,30.34522,74.092136,wheat,2023-11-06,2.45
FAZ_0241,Fazilka,30.422937,74.117534,wheat,2023-11-19,1.82
FAZ_0242,Fazilka,30.416127,73.912709,wheat,2023-10-16,1.63
FAZ_0243,Fazilka,30.468745,73.89023,wheat,2023-10-22,0.69
FAZ_0244,Fazilka,30.291459,73.992295,wheat,2023-11-12,5.81
FAZ_0245,Fazilka,30.411837,73.970423,wheat,2023-11-27,3.63
FAZ_0246,Fazilka,30.432437,73.958013,wheat,2023-11-02,1.59
FAZ_0247,Fazilka,30.397687,74.063558,wheat,2023-10-21,3.76
FAZ_0248,Fazilka,30.452882,74.018514,wheat,2023-11-21,3.62
FAZ_0249,Fazilka,30.436925,73.949173,wheat,2023-11-05,2.4
FAZ_0250,Fazilka,30.428313,74.040067,wheat,2023-11-26,5.19
FAZ_0251,Fazilka,30.290809,74.130585,wheat,2023-11-28,1.29
FAZ_0252,Fazilka,30.500431,73.954989,wheat,2023-10-21,3.86
FAZ_0253,Fazilka,30.388811,74.144595,wheat,2023-11-07,2.34
FAZ_0254,Fazilka,30.486763,73.946221,wheat,2023-11-19,3.89
FAZ_0255,Fazilka,30.469443,74.079884,wheat,2023-10-16,5.06
FAZ_0256,Fazilka,30.414738,74.142937,wheat,2023-11-14,1.3
FAZ_0257,Fazilka,30.358598,74.102238,wheat,2023-11-07,2.94
FAZ_0258,Fazilka,30.475406,74.0338,wheat,2023-10-29,1.53
FAZ_0259,Fazilka,30.307955,73.967345,wheat,2023-11-26,1.25
FAZ_0260,Fazilka,30.492705,73.962135,wheat,2023-10-28,4.91
FAZ_0261,Fazilka,30.531566,73.975949,wheat,2023-11-26,1.55
FAZ_0262,Fazilka,30.440287,74.16053,wheat,2023-11-28,4.95
FAZ_0263,Fazilka,30.323316,73.955053,wheat,2023-10-20,5.69
FAZ_0264,Fazilka,30.327715,74.025692,wheat,2023-10-27,2.42
FAZ_0265,Fazilka,30.360155,73.997301,wheat,2023-10-15,3.8
FAZ_0266,Fazilka,30.378132,74.006483,wheat,2023-10-30,3.28
FAZ_0267,Fazilka,30.35873,74.094277,wheat,2023-10-27,3.3
FAZ_0268,Fazilka,30.317757,73.891634,wheat,2023-11-07,4.95
FAZ_0269,Fazilka,30.498535,73.950549,wheat,2023-11-04,2.47
FAZ_0270,Fazilka,30.450579,73.935426,wheat,2023-10-31,5.88
FAZ_0271,Fazilka,30.276321,74.155655,wheat,2023-10-23,2.25
FAZ_0272,Fazilka,30.329194,73.955698,wheat,2023-10-18,5.97
FAZ_0273,Fazilka,30.387338,73.916463,wheat,2023-10-17,1.83
FAZ_0274,Fazilka,30.279313,73.889771,wheat,2023-11-29,3.05
FAZ_0275,Fazilka,30.516133,73.887749,wheat,2023-10-19,1.93
FAZ_0276,Fazilka,30.320337,74.080061,wheat,2023-11-17,4.61
FAZ_0277,Fazilka,30.415524,73.939632,wheat,2023-11-10,4.56
FAZ_0278,Fazilka,30.426892,74.001313,wheat,2023-10-15,1.67
FAZ_0279,Fazilka,30.472342,73.902851,wheat,2023-11-04,4.29
FAZ_0280,Fazilka,30.321512,74.018331,wheat,2023-11-13,3.36
FAZ_0281,Fazilka,30.424559,74.135333,wheat,2023-11-10,0.87
FAZ_0282,Fazilka,30.355592,74.058932,wheat,2023-11-09,2.33
FAZ_0283,Fazilka,30.474023,73.936174,wheat,2023-11-11,1.77
FAZ_0284,Fazilka,30.504304,74.073662,wheat,2023-10-21,3.36
FAZ_0285,Fazilka,30.343094,74.140205,wheat,2023-11-17,2.7
FAZ_0286,Fazilka,30.469763,74.138798,wheat,2023-11-24,2.22
FAZ_0287,Fazilka,30.351041,74.035826,wheat,2023-11-29,4.69
FAZ_0288,Fazilka,30.40934,73.94232,wheat,2023-11-02,2.46
FAZ_0289,Fazilka,30.446947,73.897962,wheat,2023-10-15,0.59
FAZ_0290,Fazilka,30.488843,73.915813,wheat,2023-10-30,0.92
FAZ_0291,Fazilka,30.479246,73.908062,wheat,2023-11-27,2.59
FAZ_0292,Fazilka,30.489076,73.934198,wheat,2023-11-15,0.96
FAZ_0293,Fazilka,30.322954,74.143998,wheat,2023-10-22,2.07
FAZ_0294,Fazilka,30.316712,73.926916,wheat,2023-11-22,1.72
FAZ_0295,Fazilka,30.316412,74.131693,wheat,2023-11-21,5.34
FAZ_0296,Fazilka,30.270599,74.114514,wheat,2023-10-15,2.84
FAZ_0297,Fazilka,30.280618,74.106721,wheat,2023-11-22,5.33
FAZ_0298,Fazilka,30.469632,74.157896,wheat,2023-10-26,5.08
FAZ_0299,Fazilka,30.326469,73.99758,wheat,2023-10-31,2.24
FAZ_0300,Fazilka,30.412021,73.949541,wheat,2023-11-16,4.15
FAZ_0301,Fazilka,30.354798,73.89845,wheat,2023-11-15,5.14
FAZ_0302,Fazilka,30.344041,73.919295,wheat,2023-11-28,4.54
FAZ_0303,Fazilka,30.320788,74.052527,wheat,2023-10-25,2.0
FAZ_0304,Fazilka,30.338698,73.900252,wheat,2023-11-19,2.26
FAZ_0305,Fazilka,30.426286,73.926623,wheat,2023-11-24,4.47
FAZ_0306,Fazilka,30.316092,74.031573,wheat,2023-11-27,2.65
FAZ_0307,Fazilka,30.366059,74.039797,wheat,2023-11-02,1.68
FAZ_0308,Fazilka,30.30091,73.931714,wheat,2023-10-19,4.1
FAZ_0309,Fazilka,30.537926,74.06531,wheat,2023-11-22,3.67
FAZ_0310,Fazilka,30.338326,74.127245,wheat,2023-11-29,0.87
FAZ_0311,Fazilka,30.28768,74.148335,wheat,2023-11-10,5.61
FAZ_0312,Fazilka,30.296208,74.098113,wheat,2023-11-13,1.79
FAZ_0313,Fazilka,30.355139,74.134718,wheat,2023-11-04,4.19
FAZ_0314,Fazilka,30.507437,74.126845,wheat,2023-11-02,0.55
FAZ_0315,Fazilka,30.3033,74.140214,wheat,2023-10-23,3.14
FAZ_0316,Fazilka,30.277272,73.890015,wheat,2023-11-09,5.74
FAZ_0317,Fazilka,30.391678,74.103197,wheat,2023-11-07,1.8
FAZ_0318,Fazilka,30.415871,74.128287,wheat,2023-10-25,2.09
FAZ_0319,Fazilka,30.351064,74.037176,wheat,2023-11-02,2.58
FAZ_0320,Fazilka,30.414759,73.884352,wheat,2023-10-16,4.01
FAZ_0321,Fazilka,30.273269,74.084588,wheat,2023-11-09,5.11
FAZ_0322,Fazilka,30.447549,74.04024,wheat,2023-11-20,2.19
FAZ_0323,Fazilka,30.377892,73.907376,wheat,2023-11-28,0.64
FAZ_0324,Fazilka,30.374762,74.024739,wheat,2023-11-16,4.08
FAZ_0325,Fazilka,30.355096,74.006981,wheat,2023-11-18,5.58
FAZ_0326,Fazilka,30.447152,73.954242,wheat,2023-11-11,5.16
FAZ_0327,Fazilka,30.274418,73.959244,wheat,2023-10-31,2.96
FAZ_0328,Fazilka,30.43734,74.031679,wheat,2023-10-19,4.96
FAZ_0329,Fazilka,30.417897,73.948147,wheat,2023-11-10,4.55
FAZ_0330,Fazilka,30.399827,74.006751,wheat,2023-11-08,3.41
FAZ_0331,Fazilka,30.412456,73.969956,wheat,2023-10-23,1.64
FAZ_0332,Fazilka,30.268193,74.090618,wheat,2023-11-23,5.13
FAZ_0333,Fazilka,30.438966,74.014305,wheat,2023-11-06,2.54
FAZ_0334,Fazilka,30.372651,74.048512,wheat,2023-11-28,2.87
FAZ_0335,Fazilka,30.414484,74.153638,wheat,2023-10-17,1.32
FAZ_0336,Fazilka,30.377594,74.02412,wheat,2023-10-25,4.42
FAZ_0337,Fazilka,30.526448,74.075828,wheat,2023-11-20,1.85
FAZ_0338,Fazilka,30.317489,73.96883,wheat,2023-11-29,4.83
FAZ_0339,Fazilka,30.311224,73.937933,wheat,2023-11-03,2.25
FAZ_0340,Fazilka,30.440014,74.132247,wheat,2023-11-02,1.26
FAZ_0341,Fazilka,30.412091,73.907752,wheat,2023-11-06,2.2
FAZ_0342,Fazilka,30.421149,74.038366,wheat,2023-10-25,4.04
FAZ_0343,Fazilka,30.488294,73.935424,wheat,2023-10-20,4.17
FAZ_0344,Fazilka,30.281319,73.979515,wheat,2023-11-18,0.65
FAZ_0345,Fazilka,30.284252,73.96246,wheat,2023-11-01,5.45
FAZ_0346,Fazilka,30.509261,74.044803,wheat,2023-10-26,4.54
FAZ_0347,Fazilka,30.538888,73.997854,wheat,2023-11-08,4.08
FAZ_0348,Fazilka,30.516756,74.106165,wheat,2023-11-08,0.85
FAZ_0349,Fazilka,30.458626,73.953542,wheat,2023-10-30,3.51
FAZ_0350,Fazilka,30.453964,73.927584,wheat,2023-10-26,2.23
FAZ_0351,Fazilka,30.459514,73.925561,wheat,2023-10-17,3.01
FAZ_0352,Fazilka,30.423077,73.905512,wheat,2023-11-23,5.75
FAZ_0353,Fazilka,30.513109,73.936222,wheat,2023-11-11,4.86
FAZ_0354,Fazilka,30.293151,74.044687,wheat,2023-11-14,5.18
FAZ_0355,Fazilka,30.40088,74.14166,wheat,2023-11-28,5.56
FAZ_0356,Fazilka,30.532621,73.926664,wheat,2023-10-17,2.87
FAZ_0357,Fazilka,30.432814,74.133107,wheat,2023-11-03,2.34
FAZ_0358,Fazilka,30.48242,73.997801,wheat,2023-10-22,3.83
FAZ_0359,Fazilka,30.415802,74.155488,wheat,2023-10-18,5.72
FAZ_0360,Fazilka,30.416962,74.136163,wheat,2023-10-21,1.15
FAZ_0361,Fazilka,30.438621,74.118231,wheat,2023-11-02,0.55
FAZ_0362,Fazilka,30.385618,73.915297,wheat,2023-11-20,1.34
FAZ_0363,Fazilka,30.456761,74.150842,wheat,2023-10-31,1.06
FAZ_0364,Fazilka,30.327319,73.989085,wheat,2023-11-13,1.19
FAZ_0365,Fazilka,30.496431,73.937461,wheat,2023-11-24,4.49
FAZ_0366,Fazilka,30.294513,73.997889,wheat,2023-10-20,3.34
FAZ_0367,Fazilka,30.281464,74.038621,wheat,2023-11-14,4.18
FAZ_0368,Fazilka,30.320361,73.982856,wheat,2023-11-06,4.13
FAZ_0369,Fazilka,30.268967,73.915423,wheat,2023-10-25,1.08
FAZ_0370,Fazilka,30.270063,74.159467,wheat,2023-10-28,3.01
FAZ_0371,Fazilka,30.408432,73.954373,wheat,2023-11-13,4.63
FAZ_0372,Fazilka,30.461651,74.155311,wheat,2023-10-15,0.62
FAZ_0373,Fazilka,30.297366,74.082399,wheat,2023-11-14,0.85
FAZ_0374,Fazilka,30.343268,73.907561,wheat,2023-10-30,5.11
FAZ_0375,Fazilka,30.504541,74.061329,wheat,2023-10-19,4.73
FAZ_0376,Fazilka,30.435845,74.104755,wheat,2023-11-01,3.31
FAZ_0377,Fazilka,30.527337,73.964209,wheat,2023-10-21,4.94
FAZ_0378,Fazilka,30.509284,74.14809,wheat,2023-11-11,2.67
FAZ_0379,Fazilka,30.454816,73.964255,wheat,2023-11-25,1.51
FAZ_0380,Fazilka,30.377006,74.140666,wheat,2023-11-13,4.96
FAZ_0381,Fazilka,30.398022,73.924117,wheat,2023-11-15,1.26
FAZ_0382,Fazilka,30.278188,74.136823,wheat,2023-11-02,3.2
FAZ_0383,Fazilka,30.284029,74.083667,wheat,2023-10-27,2.68
FAZ_0384,Fazilka,30.323481,73.929096,wheat,2023-10-18,3.43
FAZ_0385,Fazilka,30.460513,74.019413,wheat,2023-10-26,5.55
FAZ_0386,Fazilka,30.485011,74.150818,wheat,2023-11-21,5.61
FAZ_0387,Fazilka,30.492105,73.964937,wheat,2023-11-15,4.5
FAZ_0388,Fazilka,30.495748,74.113475,wheat,2023-10-23,4.04
FAZ_0389,Fazilka,30.491363,74.081007,wheat,2023-10-22,0.76
FAZ_0390,Fazilka,30.387933,73.892477,wheat,2023-11-14,1.01
FAZ_0391,Fazilka,30.410481,73.896294,wheat,2023-11-21,2.98
FAZ_0392,Fazilka,30.454991,73.924383,wheat,2023-11-26,5.16
FAZ_0393,Fazilka,30.392859,74.039457,wheat,2023-11-06,3.47
FAZ_0394,Fazilka,30.416692,74.091467,wheat,2023-11-13,4.94
FAZ_0395,Fazilka,30.344726,74.141174,wheat,2023-11-24,2.0
FAZ_0396,Fazilka,30.346201,73.983384,wheat,2023-10-31,2.24
FAZ_0397,Fazilka,30.49525,74.040123,wheat,2023-11-09,0.96
FAZ_0398,Fazilka,30.430914,73.909887,wheat,2023-11-28,3.02
FAZ_0399,Fazilka,30.366166,74.073617,wheat,2023-10-15,1.81
FAZ_0400,Fazilka,30.31324,74.000463,wheat,2023-11-18,1.83
FAZ_0401,Fazilka,30.448455,74.027955,wheat,2023-11-09,5.9
FAZ_0402,Fazilka,30.36487,74.138359,wheat,2023-11-22,4.77
FAZ_0403,Fazilka,30.300755,74.11706,wheat,2023-10-20,4.4
FAZ_0404,Fazilka,30.455731,74.13107,wheat,2023-11-06,4.69
FAZ_0405,Fazilka,30.489895,73.972855,wheat,2023-11-07,4.14
FAZ_0406,Fazilka,30.475634,74.123487,wheat,2023-11-28,1.18
FAZ_0407,Fazilka,30.353195,74.117062,wheat,2023-11-03,4.66
FAZ_0408,Fazilka,30.394047,73.953314,wheat,2023-11-26,3.39
FAZ_0409,Fazilka,30.370244,74.130977,wheat,2023-11-03,2.66
FAZ_0410,Fazilka,30.398574,74.144399,wheat,2023-11-10,3.87
FAZ_0411,Fazilka,30.323114,74.023022,wheat,2023-10-15,2.21
FAZ_0412,Fazilka,30.465164,73.95812,wheat,2023-11-05,3.21
FAZ_0413,Fazilka,30.382493,74.013722,wheat,2023-11-08,4.26
FAZ_0414,Fazilka,30.29904,73.963731,wheat,2023-11-10,4.75
FAZ_0415,Fazilka,30.513169,73.895504,wheat,2023-11-16,5.64
FAZ_0416,Fazilka,30.300423,74.157201,wheat,2023-10-18,5.06
FAZ_0417,Fazilka,30.292797,73.911707,wheat,2023-10-26,1.9
FAZ_0418,Fazilka,30.409827,73.949146,wheat,2023-11-28,3.8
FAZ_0419,Fazilka,30.494208,74.066935,wheat,2023-11-12,3.77
FAZ_0420,Fazilka,30.444085,73.939251,wheat,2023-10-17,4.69
FAZ_0421,Fazilka,30.43453,73.885673,wheat,2023-11-14,2.95
FAZ_0422,Fazilka,30.324066,73.907135,wheat,2023-11-27,2.56
FAZ_0423,Fazilka,30.345175,73.966427,wheat,2023-10-21,4.05
FAZ_0424,Fazilka,30.296255,74.081261,wheat,2023-11-20,4.48
FAZ_0425,Fazilka,30.402995,74.161815,wheat,2023-10-23,0.82
FAZ_0426,Fazilka,30.267066,73.972753,wheat,2023-10-28,3.24
FAZ_0427,Fazilka,30.280905,74.041424,wheat,2023-11-14,4.88
FAZ_0428,Fazilka,30.447291,74.068285,wheat,2023-11-25,4.52
FAZ_0429,Fazilka,30.397378,73.995504,wheat,2023-10-15,1.05
FAZ_0430,Fazilka,30.416406,74.015305,wheat,2023-10-29,1.15
FAZ_0431,Fazilka,30.334116,74.103417,wheat,2023-11-26,2.84
FAZ_0432,Fazilka,30.304166,73.930557,wheat,2023-10-26,4.66
FAZ_0433,Fazilka,30.277669,73.962807,wheat,2023-11-28,3.12
FAZ_0434,Fazilka,30.42874,74.062421,wheat,2023-11-29,1.58
FAZ_0435,Fazilka,30.362416,73.995198,wheat,2023-11-11,1.79
FAZ_0436,Fazilka,30.429203,73.913373,wheat,2023-10-25,1.21
FAZ_0437,Fazilka,30.419525,74.008815,wheat,2023-10-17,0.65
FAZ_0438,Fazilka,30.456376,74.120969,wheat,2023-11-12,3.38
FAZ_0439,Fazilka,30.494435,73.994906,wheat,2023-11-05,2.58
FAZ_0440,Fazilka,30.383983,74.125351,wheat,2023-10-18,2.34
FAZ_0441,Fazilka,30.347228,74.131645,wheat,2023-11-04,4.03
FAZ_0442,Fazilka,30.350457,74.149408,wheat,2023-10-26,1.54
FAZ_0443,Fazilka,30.461703,74.037018,wheat,2023-10-20,5.97
FAZ_0444,Fazilka,30.481235,73.911968,wheat,2023-11-29,3.08
FAZ_0445,Fazilka,30.498264,74.061775,wheat,2023-10-24,4.9
FAZ_0446,Fazilka,30.346629,73.937618,wheat,2023-11-24,2.27
FAZ_0447,Fazilka,30.453865,74.017698,wheat,2023-11-13,4.58
FAZ_0448,Fazilka,30.271515,73.997605,wheat,2023-10-17,3.04
FAZ_0449,Fazilka,30.399848,73.921945,wheat,2023-11-29,5.17
FAZ_0450,Fazilka,30.454412,74.1493,wheat,2023-11-18,1.92
FAZ_0451,Fazilka,30.304004,73.901843,wheat,2023-10-22,1.39
FAZ_0452,Fazilka,30.521691,74.050538,wheat,2023-11-17,4.92
FAZ_0453,Fazilka,30.380716,74.088757,wheat,2023-10-21,3.46
FAZ_0454,Fazilka,30.475603,73.949683,wheat,2023-11-04,5.36
FAZ_0455,Fazilka,30.459564,74.092031,wheat,2023-11-25,1.0
FAZ_0456,Fazilka,30.2794,74.064165,wheat,2023-10-25,1.33
FAZ_0457,Fazilka,30.538774,74.152093,wheat,2023-11-25,4.49
FAZ_0458,Fazilka,30.332016,73.978452,wheat,2023-10-16,1.82
FAZ_0459,Fazilka,30.491553,74.133251,wheat,2023-11-28,1.99
FAZ_0460,Fazilka,30.384636,74.02911,wheat,2023-10-16,0.98
FAZ_0461,Fazilka,30.491408,74.144514,wheat,2023-10-16,5.21
FAZ_0462,Fazilka,30.448379,74.048688,wheat,2023-11-02,5.0
FAZ_0463,Fazilka,30.391448,74.03636,wheat,2023-10-31,4.42
FAZ_0464,Fazilka,30.303537,73.951085,wheat,2023-10-27,3.14
FAZ_0465,Fazilka,30.366887,73.950082,wheat,2023-11-21,5.23
FAZ_0466,Fazilka,30.42444,73.98867,wheat,2023-10-23,5.15
FAZ_0467,Fazilka,30.490045,73.914048,wheat,2023-11-27,2.18
FAZ_0468,Fazilka,30.410434,74.08404,wheat,2023-11-10,0.55
FAZ_0469,Fazilka,30.402799,73.964685,wheat,2023-11-24,1.1
FAZ_0470,Fazilka,30.487919,74.035227,wheat,2023-11-08,1.66
FAZ_0471,Fazilka,30.474512,73.893579,wheat,2023-11-16,3.26
FAZ_0472,Fazilka,30.270101,73.952918,wheat,2023-11-11,0.92
FAZ_0473,Fazilka,30.464068,74.080616,wheat,2023-10-31,1.1
FAZ_0474,Fazilka,30.505479,73.939237,wheat,2023-10-19,2.17
FAZ_0475,Fazilka,30.450598,73.900003,wheat,2023-11-22,0.63
FAZ_0476,Fazilka,30.49676,73.984054,wheat,2023-11-27,1.33
FAZ_0477,Fazilka,30.364698,74.155396,wheat,2023-10-18,0.83
FAZ_0478,Fazilka,30.522632,73.923197,wheat,2023-11-08,0.8
FAZ_0479,Fazilka,30.271719,74.114374,wheat,2023-11-29,1.48
FAZ_0480,Fazilka,30.523352,74.054251,wheat,2023-10-22,2.07
FAZ_0481,Fazilka,30.423207,73.951066,wheat,2023-11-13,2.34
FAZ_0482,Fazilka,30.433335,74.095466,wheat,2023-11-06,2.42
FAZ_0483,Fazilka,30.299296,73.982607,wheat,2023-10-25,4.83
FAZ_0484,Fazilka,30.478954,74.15588,wheat,2023-11-18,5.04
FAZ_0485,Fazilka,30.5302,74.058502,wheat,2023-10-31,3.85
FAZ_0486,Fazilka,30.314394,73.906891,wheat,2023-10-25,2.16
FAZ_0487,Fazilka,30.360577,74.081489,wheat,2023-11-21,0.52
FAZ_0488,Fazilka,30.515744,74.048033,wheat,2023-10-31,1.66
FAZ_0489,Fazilka,30.329641,73.917759,wheat,2023-11-25,1.77
FAZ_0490,Fazilka,30.522381,73.957007,wheat,2023-11-25,4.9
FAZ_0491,Fazilka,30.261927,74.018317,wheat,2023-11-05,2.34
FAZ_0492,Fazilka,30.536804,74.084843,wheat,2023-10-31,1.91
FAZ_0493,Fazilka,30.469684,73.919279,wheat,2023-11-28,2.85
FAZ_0494,Fazilka,30.312386,73.95939,wheat,2023-11-26,1.35
FAZ_0495,Fazilka,30.519556,73.96865,wheat,2023-11-12,4.97
FAZ_0496,Fazilka,30.318713,73.909362,wheat,2023-10-21,4.18
FAZ_0497,Fazilka,30.261074,74.116078,wheat,2023-11-24,1.86
FAZ_0498,Fazilka,30.391606,73.956476,wheat,2023-11-09,3.43
FAZ_0499,Fazilka,30.41906,74.099071,wheat,2023-10-28,4.83
FAZ_0500,Fazilka,30.278388,74.140976,wheat,2023-11-05,1.52
FAZ_0501,Fazilka,30.493242,74.021497,wheat,2023-11-26,2.48
FAZ_0502,Fazilka,30.516133,74.11672,wheat,2023-10-19,4.47
FAZ_0503,Fazilka,30.365357,74.047861,wheat,2023-11-23,4.06
FAZ_0504,Fazilka,30.332063,74.115122,wheat,2023-10-25,4.37
FAZ_0505,Fazilka,30.367105,74.067655,wheat,2023-11-22,1.36
FAZ_0506,Fazilka,30.324852,73.959073,wheat,2023-10-29,1.75
FAZ_0507,Fazilka,30.44894,74.090105,wheat,2023-11-07,5.93
FAZ_0508,Fazilka,30.508486,73.907374,wheat,2023-11-05,3.03
FAZ_0509,Fazilka,30.513373,73.944674,wheat,2023-11-11,5.71
FAZ_0510,Fazilka,30.476297,74.116051,wheat,2023-11-01,5.34
FAZ_0511,Fazilka,30.306929,74.078797,wheat,2023-10-25,1.75
FAZ_0512,Fazilka,30.271141,73.93294,wheat,2023-11-20,4.58
FAZ_0513,Fazilka,30.453401,74.132683,wheat,2023-11-28,3.92
FAZ_0514,Fazilka,30.266502,74.144824,wheat,2023-10-29,3.55
FAZ_0515,Fazilka,30.468548,73.962468,wheat,2023-10-29,0.85
FAZ_0516,Fazilka,30.487105,73.925545,wheat,2023-10-18,5.03
FAZ_0517,Fazilka,30.333274,74.034556,wheat,2023-11-07,0.78
FAZ_0518,Fazilka,30.410838,73.985794,wheat,2023-10-27,2.89
FAZ_0519,Fazilka,30.427436,73.970825,wheat,2023-11-24,4.12
FAZ_0520,Fazilka,30.284073,73.981027,wheat,2023-11-09,0.99
FAZ_0521,Fazilka,30.260941,73.897344,wheat,2023-11-21,0.96
FAZ_0522,Fazilka,30.50218,74.095644,wheat,2023-11-11,0.55
FAZ_0523,Fazilka,30.419509,73.885871,wheat,2023-10-24,5.94
FAZ_0524,Fazilka,30.386966,73.890619,wheat,2023-10-20,5.18
FAZ_0525,Fazilka,30.515857,74.036547,wheat,2023-11-27,4.79
FAZ_0526,Fazilka,30.464708,74.021466,wheat,2023-11-16,5.08
FAZ_0527,Fazilka,30.406652,73.955661,wheat,2023-10-27,2.47
FAZ_0528,Fazilka,30.282124,73.900717,wheat,2023-10-15,3.08
FAZ_0529,Fazilka,30.523229,73.912544,wheat,2023-10-27,5.07
FAZ_0530,Fazilka,30.371512,74.095465,wheat,2023-10-27,3.48
FAZ_0531,Fazilka,30.428101,73.92812,wheat,2023-10-28,3.92
FAZ_0532,Fazilka,30.266495,73.935731,wheat,2023-10-31,2.63
FAZ_0533,Fazilka,30.447886,74.025685,wheat,2023-11-16,4.5
FAZ_0534,Fazilka,30.267695,74.135479,wheat,2023-11-17,5.03
FAZ_0535,Fazilka,30.334899,74.018667,wheat,2023-10-20,5.49
FAZ_0536,Fazilka,30.366189,73.993895,wheat,2023-10-29,5.52
FAZ_0537,Fazilka,30.427194,73.921603,wheat,2023-10-26,4.87
FAZ_0538,Fazilka,30.353596,74.030562,wheat,2023-11-12,3.95
FAZ_0539,Fazilka,30.401917,74.162755,wheat,2023-10-16,4.04
FAZ_0540,Fazilka,30.481205,73.921243,wheat,2023-11-07,0.74
FAZ_0541,Fazilka,30.531437,74.088033,wheat,2023-11-29,0.6
FAZ_0542,Fazilka,30.305592,73.885729,wheat,2023-11-02,2.68
FAZ_0543,Fazilka,30.414359,73.927963,wheat,2023-10-29,5.75
FAZ_0544,Fazilka,30.536326,74.116287,wheat,2023-11-13,2.94
FAZ_0545,Fazilka,30.412275,74.023926,wheat,2023-11-22,5.2
FAZ_0546,Fazilka,30.448221,74.061622,wheat,2023-10-22,1.71
FAZ_0547,Fazilka,30.301885,74.127447,wheat,2023-11-19,0.91
FAZ_0548,Fazilka,30.434169,74.080216,wheat,2023-10-23,1.16
FAZ_0549,Fazilka,30.316921,74.103854,wheat,2023-11-16,3.12
FAZ_0550,Fazilka,30.480761,73.972432,wheat,2023-11-26,4.37
FAZ_0551,Fazilka,30.415022,74.119099,wheat,2023-11-12,2.06
FAZ_0552,Fazilka,30.300847,74.109144,wheat,2023-11-19,0.68
FAZ_0553,Fazilka,30.449131,74.016256,wheat,2023-10-18,4.29
FAZ_0554,Fazilka,30.394205,74.123828,wheat,2023-10-18,1.65
FAZ_0555,Fazilka,30.259644,73.919536,wheat,2023-11-13,4.09
FAZ_0556,Fazilka,30.36054,73.916109,wheat,2023-10-27,5.9
FAZ_0557,Fazilka,30.289304,73.982434,wheat,2023-10-22,4.09
FAZ_0558,Fazilka,30.348543,74.154697,wheat,2023-11-24,3.26
FAZ_0559,Fazilka,30.261271,73.884726,wheat,2023-11-21,2.05
FAZ_0560,Fazilka,30.486378,73.895197,wheat,2023-11-27,1.31
FAZ_0561,Fazilka,30.498898,74.161346,wheat,2023-11-14,1.42
FAZ_0562,Fazilka,30.461415,74.031261,wheat,2023-10-17,2.73
FAZ_0563,Fazilka,30.313451,74.147722,wheat,2023-11-28,1.96
FAZ_0564,Fazilka,30.349803,73.921803,wheat,2023-10-22,3.45
FAZ_0565,Fazilka,30.354571,74.053197,wheat,2023-10-23,1.14
FAZ_0566,Fazilka,30.503327,74.025703,wheat,2023-10-31,2.27
FAZ_0567,Fazilka,30.263582,74.050397,wheat,2023-10-25,4.08
FAZ_0568,Fazilka,30.479561,73.926396,wheat,2023-11-19,5.84
FAZ_0569,Fazilka,30.318173,73.957698,wheat,2023-11-19,0.53
FAZ_0570,Fazilka,30.382886,73.937803,wheat,2023-11-07,4.62
FAZ_0571,Fazilka,30.471171,74.055406,wheat,2023-10-24,2.21
FAZ_0572,Fazilka,30.490689,74.024986,wheat,2023-11-03,3.23
FAZ_0573,Fazilka,30.290761,73.944147,wheat,2023-10-30,4.34
FAZ_0574,Fazilka,30.495676,74.161001,wheat,2023-10-31,2.85
FAZ_0575,Fazilka,30.385897,74.097497,wheat,2023-10-30,3.47
FAZ_0576,Fazilka,30.448565,73.94915,wheat,2023-10-29,2.04
FAZ_0577,Fazilka,30.358733,74.044752,wheat,2023-10-19,1.64
FAZ_0578,Fazilka,30.300862,74.109607,wheat,2023-10-27,5.37
FAZ_0579,Fazilka,30.512322,74.113057,wheat,2023-11-13,1.04
FAZ_0580,Fazilka,30.398766,74.029,wheat,2023-10-21,4.53
FAZ_0581,Fazilka,30.321407,74.143666,wheat,2023-11-28,3.68
FAZ_0582,Fazilka,30.50098,74.029565,wheat,2023-10-29,4.64
FAZ_0583,Fazilka,30.468727,74.104206,wheat,2023-11-23,2.66
FAZ_0584,Fazilka,30.360796,74.107979,wheat,2023-11-21,3.69
FAZ_0585,Fazilka,30.42916,73.998337,wheat,2023-11-02,3.01
FAZ_0586,Fazilka,30.530501,73.964443,wheat,2023-10-24,2.0
FAZ_0587,Fazilka,30.29562,74.017731,wheat,2023-10-27,4.28
FAZ_0588,Fazilka,30.296835,73.952247,wheat,2023-10-28,0.84
FAZ_0589,Fazilka,30.270612,74.11096,wheat,2023-11-08,4.7
FAZ_0590,Fazilka,30.501246,73.907247,wheat,2023-11-25,5.44
FAZ_0591,Fazilka,30.389491,74.09822,wheat,2023-10-16,2.42
FAZ_0592,Fazilka,30.333144,73.916076,wheat,2023-11-12,2.77
FAZ_0593,Fazilka,30.397349,74.158272,wheat,2023-10-28,3.75
FAZ_0594,Fazilka,30.405999,73.889411,wheat,2023-10-16,2.31
FAZ_0595,Fazilka,30.37742,74.021396,wheat,2023-11-01,0.69
FAZ_0596,Fazilka,30.341276,74.117181,wheat,2023-10-25,4.94
FAZ_0597,Fazilka,30.30961,74.063964,wheat,2023-11-15,1.45
FAZ_0598,Fazilka,30.295029,73.889201,wheat,2023-11-26,1.45
FAZ_0599,Fazilka,30.486907,74.110917,wheat,2023-11-25,2.33
FAZ_0600,Fazilka,30.484899,73.937604,wheat,2023-11-08,1.27
KAP_0001,Kapurthala,31.264979,75.478371,rice,2023-11-21,3.94
KAP_0002,Kapurthala,31.443691,75.280174,rice,2023-11-16,2.62
KAP_0003,Kapurthala,31.467952,75.496694,rice,2023-11-03,1.17
KAP_0004,Kapurthala,31.513985,75.350608,rice,2023-11-07,2.25
KAP_0005,Kapurthala,31.273597,75.243536,rice,2023-10-20,3.87
KAP_0006,Kapurthala,31.305588,75.285356,rice,2023-11-11,3.4
KAP_0007,Kapurthala,31.361914,75.325023,rice,2023-10-19,5.23
KAP_0008,Kapurthala,31.515472,75.339563,rice,2023-10-25,4.34
KAP_0009,Kapurthala,31.482353,75.247542,rice,2023-11-01,3.25
KAP_0010,Kapurthala,31.39589,75.391165,rice,2023-11-25,1.84
KAP_0011,Kapurthala,31.459028,75.445055,rice,2023-10-26,3.6
KAP_0012,Kapurthala,31.507967,75.483924,rice,2023-10-19,3.94
KAP_0013,Kapurthala,31.295634,75.337222,rice,2023-10-16,5.02
KAP_0014,Kapurthala,31.458028,75.4949,rice,2023-10-21,0.85
KAP_0015,Kapurthala,31.51012,75.5106,rice,2023-11-02,5.35
KAP_0016,Kapurthala,31.362763,75.327753,rice,2023-11-15,1.35
KAP_0017,Kapurthala,31.248842,75.251759,rice,2023-10-22,2.35
KAP_0018,Kapurthala,31.255137,75.271417,rice,2023-11-15,4.16
KAP_0019,Kapurthala,31.50283,75.354234,rice,2023-11-24,5.85
KAP_0020,Kapurthala,31.438324,75.442442,rice,2023-11-19,3.89
KAP_0021,Kapurthala,31.513749,75.323946,rice,2023-10-16,2.78
KAP_0022,Kapurthala,31.283517,75.447024,rice,2023-11-20,5.06
KAP_0023,Kapurthala,31.481808,75.498126,rice,2023-10-30,3.4
KAP_0024,Kapurthala,31.502835,75.298678,rice,2023-11-18,0.93
KAP_0025,Kapurthala,31.360855,75.403021,rice,2023-10-17,4.98
KAP_0026,Kapurthala,31.247492,75.464573,rice,2023-11-15,3.8
KAP_0027,Kapurthala,31.506825,75.337411,rice,2023-11-18,4.72
KAP_0028,Kapurthala,31.384591,75.283654,rice,2023-11-12,0.77
KAP_0029,Kapurthala,31.271192,75.378573,rice,2023-11-04,3.64
KAP_0030,Kapurthala,31.439617,75.250919,rice,2023-11-13,1.25
KAP_0031,Kapurthala,31.453119,75.458731,rice,2023-11-10,4.6
KAP_0032,Kapurthala,31.509763,75.504381,rice,2023-11-16,4.04
KAP_0033,Kapurthala,31.329414,75.243951,rice,2023-10-23,2.87
KAP_0034,Kapurthala,31.281168,75.300272,rice,2023-11-13,5.65
KAP_0035,Kapurthala,31.258542,75.460492,rice,2023-11-13,4.29
KAP_0036,Kapurthala,31.257176,75.476839,rice,2023-11-25,4.09
KAP_0037,Kapurthala,31.317569,75.416304,rice,2023-11-27,4.39
KAP_0038,Kapurthala,31.492839,75.386071,rice,2023-10-21,5.74
KAP_0039,Kapurthala,31.362667,75.480119,rice,2023-11-20,0.99
KAP_0040,Kapurthala,31.495543,75.49492,rice,2023-11-19,2.43
KAP_0041,Kapurthala,31.462163,75.302898,rice,2023-11-29,1.64
KAP_0042,Kapurthala,31.375517,75.256175,rice,2023-10-16,1.38
KAP_0043,Kapurthala,31.506123,75.378275,rice,2023-11-17,1.64
KAP_0044,Kapurthala,31.264786,75.458553,rice,2023-11-21,2.42
KAP_0045,Kapurthala,31.368745,75.517796,rice,2023-11-19,3.1
KAP_0046,Kapurthala,31.417747,75.264939,rice,2023-10-29,4.44
KAP_0047,Kapurthala,31.366485,75.289004,rice,2023-11-28,3.03
KAP_0048,Kapurthala,31.419406,75.502397,rice,2023-11-03,4.71
KAP_0049,Kapurthala,31.347086,75.511502,rice,2023-11-20,0.65
KAP_0050,Kapurthala,31.272644,75.301043,rice,2023-11-20,0.96
KAP_0051,Kapurthala,31.37592,75.335401,rice,2023-10-22,3.1
KAP_0052,Kapurthala,31.299403,75.511805,rice,2023-11-28,3.33
KAP_0053,Kapurthala,31.260457,75.262645,rice,2023-10-23,3.22
KAP_0054,Kapurthala,31.414785,75.477905,rice,2023-11-15,4.25
KAP_0055,Kapurthala,31.481301,75.447953,rice,2023-11-08,1.24
KAP_0056,Kapurthala,31.375192,75.361266,rice,2023-11-15,3.47
KAP_0057,Kapurthala,31.34952,75.413722,rice,2023-11-22,3.57
KAP_0058,Kapurthala,31.350565,75.492495,rice,2023-11-02,2.55
KAP_0059,Kapurthala,31.444661,75.411846,rice,2023-10-31,4.94
KAP_0060,Kapurthala,31.499719,75.452936,rice,2023-11-01,5.72
KAP_0061,Kapurthala,31.362166,75.495847,rice,2023-10-26,4.69
KAP_0062,Kapurthala,31.473856,75.444437,rice,2023-11-24,3.32
KAP_0063,Kapurthala,31.394677,75.356952,rice,2023-10-16,2.29
KAP_0064,Kapurthala,31.447105,75.381432,rice,2023-11-14,2.44
KAP_0065,Kapurthala,31.281224,75.311547,rice,2023-11-15,2.53
KAP_0066,Kapurthala,31.249287,75.332327,rice,2023-11-13,2.51
KAP_0067,Kapurthala,31.305604,75.320168,rice,2023-10-28,4.6
KAP_0068,Kapurthala,31.508492,75.273065,rice,2023-11-16,2.21
KAP_0069,Kapurthala,31.261572,75.411725,rice,2023-11-19,1.63
KAP_0070,Kapurthala,31.404354,75.340447,rice,2023-10-15,3.49
KAP_0071,Kapurthala,31.419267,75.474903,rice,2023-11-28,2.03
KAP_0072,Kapurthala,31.390865,75.259511,rice,2023-11-02,0.73
KAP_0073,Kapurthala,31.366626,75.301062,rice,2023-11-08,4.24
KAP_0074,Kapurthala,31.468524,75.281406,rice,2023-10-15,3.6
KAP_0075,Kapurthala,31.515516,75.315252,rice,2023-11-24,1.39
KAP_0076,Kapurthala,31.500986,75.240121,rice,2023-11-17,2.12
KAP_0077,Kapurthala,31.513401,75.427793,rice,2023-10-24,4.85
KAP_0078,Kapurthala,31.491464,75.376436,rice,2023-10-24,1.36
KAP_0079,Kapurthala,31.312406,75.504072,rice,2023-11-11,2.22
KAP_0080,Kapurthala,31.280751,75.26957,rice,2023-10-22,3.37
KAP_0081,Kapurthala,31.351079,75.252927,rice,2023-10-15,0.71
KAP_0082,Kapurthala,31.246885,75.289972,rice,2023-10-21,4.59
KAP_0083,Kapurthala,31.244136,75.325254,rice,2023-10-27,4.59
KAP_0084,Kapurthala,31.42981,75.516759,rice,2023-11-09,2.02
KAP_0085,Kapurthala,31.240039,75.250701,rice,2023-10-15,5.86
KAP_0086,Kapurthala,31.399614,75.463823,rice,2023-10-19,5.92
KAP_0087,Kapurthala,31.476395,75.354132,rice,2023-11-17,2.89
KAP_0088,Kapurthala,31.271911,75.393477,rice,2023-11-24,5.54
KAP_0089,Kapurthala,31.459671,75.35254,rice,2023-11-28,3.05
KAP_0090,Kapurthala,31.431681,75.333278,rice,2023-11-23,1.57
KAP_0091,Kapurthala,31.327772,75.485046,rice,2023-10-23,1.95
KAP_0092,Kapurthala,31.286302,75.259903,rice,2023-11-29,4.65
KAP_0093,Kapurthala,31.38784,75.395708,rice,2023-10-30,0.95
KAP_0094,Kapurthala,31.496094,75.401485,rice,2023-10-17,1.71
KAP_0095,Kapurthala,31.298089,75.307453,rice,2023-11-07,0.77
KAP_0096,Kapurthala,31.441596,75.313852,rice,2023-10-17,2.61
KAP_0097,Kapurthala,31.390462,75.329618,rice,2023-11-14,5.26
KAP_0098,Kapurthala,31.308348,75.461553,rice,2023-11-06,1.95
KAP_0099,Kapurthala,31.292345,75.260344,rice,2023-11-11,2.76
KAP_0100,Kapurthala,31.45572,75.277148,rice,2023-11-15,3.82
KAP_0101,Kapurthala,31.243636,75.305472,rice,2023-11-28,0.81
KAP_0102,Kapurthala,31.345624,75.397266,rice,2023-11-12,4.5
KAP_0103,Kapurthala,31.437584,75.281491,rice,2023-11-12,2.57
KAP_0104,Kapurthala,31.307426,75.325594,rice,2023-10-18,2.38
KAP_0105,Kapurthala,31.35121,75.385208,rice,2023-10-19,2.14
KAP_0106,Kapurthala,31.314023,75.306142,rice,2023-10-15,4.84
KAP_0107,Kapurthala,31.310363,75.28227,rice,2023-10-26,2.61
KAP_0108,Kapurthala,31.29153,75.450338,rice,2023-11-23,4.11
KAP_0109,Kapurthala,31.504684,75.485783,rice,2023-11-14,1.39
KAP_0110,Kapurthala,31.375291,75.273261,rice,2023-11-15,3.52
KAP_0111,Kapurthala,31.496699,75.24107,rice,2023-11-19,3.47
KAP_0112,Kapurthala,31.28235,75.479642,rice,2023-11-24,3.45
KAP_0113,Kapurthala,31.365486,75.379921,rice,2023-11-29,1.12
KAP_0114,Kapurthala,31.425236,75.486515,rice,2023-10-21,4.32
KAP_0115,Kapurthala,31.47542,75.476536,rice,2023-11-11,4.74
KAP_0116,Kapurthala,31.456186,75.337994,rice,2023-10-16,2.75
KAP_0117,Kapurthala,31.448737,75.516235,rice,2023-11-09,3.11
KAP_0118,Kapurthala,31.461074,75.370497,rice,2023-11-29,5.26
KAP_0119,Kapurthala,31.421924,75.502259,rice,2023-10-26,2.32
KAP_0120,Kapurthala,31.514211,75.433904,rice,2023-11-29,1.81
KAP_0121,Kapurthala,31.240871,75.431475,rice,2023-10-28,1.77
KAP_0122,Kapurthala,31.394607,75.248659,rice,2023-10-25,2.79
KAP_0123,Kapurthala,31.463825,75.247633,rice,2023-11-12,1.37
KAP_0124,Kapurthala,31.481595,75.349392,rice,2023-11-12,4.97
KAP_0125,Kapurthala,31.44267,75.485794,rice,2023-10-21,3.17
KAP_0126,Kapurthala,31.250481,75.389468,rice,2023-11-07,3.37
KAP_0127,Kapurthala,31.409791,75.276686,rice,2023-10-16,3.0
KAP_0128,Kapurthala,31.406873,75.424954,rice,2023-11-08,2.49
KAP_0129,Kapurthala,31.381135,75.350627,rice,2023-11-11,4.88
KAP_0130,Kapurthala,31.322024,75.312673,rice,2023-11-19,4.23
KAP_0131,Kapurthala,31.456725,75.243042,rice,2023-11-09,2.19
KAP_0132,Kapurthala,31.454626,75.280191,rice,2023-11-03,4.78
KAP_0133,Kapurthala,31.425194,75.47602,rice,2023-10-23,3.12
KAP_0134,Kapurthala,31.435835,75.438789,rice,2023-11-29,5.15
KAP_0135,Kapurthala,31.385075,75.270141,rice,2023-10-16,0.81
KAP_0136,Kapurthala,31.509465,75.3115,rice,2023-11-29,3.21
KAP_0137,Kapurthala,31.506185,75.429465,rice,2023-11-05,2.29
KAP_0138,Kapurthala,31.321874,75.249178,rice,2023-11-10,3.72
KAP_0139,Kapurthala,31.360428,75.302804,rice,2023-11-25,5.68
KAP_0140,Kapurthala,31.477552,75.360514,rice,2023-11-01,5.89
KAP_0141,Kapurthala,31.369393,75.33776,rice,2023-11-04,5.31
KAP_0142,Kapurthala,31.314971,75.302189,rice,2023-11-01,5.78
KAP_0143,Kapurthala,31.445595,75.453859,rice,2023-11-12,4.26
KAP_0144,Kapurthala,31.265549,75.45103,rice,2023-11-18,1.87
KAP_0145,Kapurthala,31.277073,75.515241,rice,2023-11-06,0.67
KAP_0146,Kapurthala,31.326776,75.476377,rice,2023-10-16,5.88
KAP_0147,Kapurthala,31.273188,75.350723,rice,2023-11-24,4.05
KAP_0148,Kapurthala,31.305345,75.332178,rice,2023-11-17,3.77
KAP_0149,Kapurthala,31.249914,75.452304,rice,2023-11-04,5.06
KAP_0150,Kapurthala,31.431427,75.420716,rice,2023-10-27,4.72
KAP_0151,Kapurthala,31.261038,75.312792,rice,2023-11-12,4.77
KAP_0152,Kapurthala,31.477736,75.346989,rice,2023-11-07,4.87
KAP_0153,Kapurthala,31.301677,75.263082,rice,2023-11-02,5.47
KAP_0154,Kapurthala,31.39233,75.374778,rice,2023-10-26,4.59
KAP_0155,Kapurthala,31.242826,75.273125,rice,2023-11-17,1.17
KAP_0156,Kapurthala,31.366966,75.318591,rice,2023-10-19,4.82
KAP_0157,Kapurthala,31.474931,75.498983,rice,2023-11-08,3.27
KAP_0158,Kapurthala,31.253635,75.307174,rice,2023-10-24,3.88
KAP_0159,Kapurthala,31.35827,75.433396,rice,2023-11-01,0.83
KAP_0160,Kapurthala,31.502812,75.251873,rice,2023-11-22,5.9
KAP_0161,Kapurthala,31.418537,75.252124,rice,2023-11-22,1.92
KAP_0162,Kapurthala,31.4636,75.303127,rice,2023-11-02,5.04
KAP_0163,Kapurthala,31.327456,75.51696,rice,2023-11-05,4.27
KAP_0164,Kapurthala,31.464054,75.300609,rice,2023-10-27,0.92
KAP_0165,Kapurthala,31.394349,75.429582,rice,2023-11-17,2.0
KAP_0166,Kapurthala,31.48424,75.496415,rice,2023-11-21,4.79
KAP_0167,Kapurthala,31.242127,75.264421,rice,2023-11-13,4.54
KAP_0168,Kapurthala,31.415502,75.492381,rice,2023-11-29,0.72
KAP_0169,Kapurthala,31.452066,75.42331,rice,2023-11-22,4.78
KAP_0170,Kapurthala,31.375781,75.259871,rice,2023-11-23,5.5
KAP_0171,Kapurthala,31.453781,75.339791,rice,2023-11-06,2.21
KAP_0172,Kapurthala,31.343757,75.512909,rice,2023-11-29,4.17
KAP_0173,Kapurthala,31.486175,75.488571,rice,2023-11-19,1.97
KAP_0174,Kapurthala,31.477285,75.380529,rice,2023-11-08,3.6
KAP_0175,Kapurthala,31.391583,75.242685,rice,2023-11-07,3.89
KAP_0176,Kapurthala,31.462442,75.367971,rice,2023-10-17,1.55
KAP_0177,Kapurthala,31.353858,75.455131,rice,2023-11-23,3.58
KAP_0178,Kapurthala,31.43662,75.356433,rice,2023-10-19,3.81
KAP_0179,Kapurthala,31.487374,75.299588,rice,2023-11-13,0.83
KAP_0180,Kapurthala,31.44334,75.492149,rice,2023-10-21,4.3
KAP_0181,Kapurthala,31.513407,75.438271,rice,2023-10-29,1.91
KAP_0182,Kapurthala,31.426667,75.429227,rice,2023-10-28,3.38
KAP_0183,Kapurthala,31.387529,75.35666,rice,2023-10-16,3.99
KAP_0184,Kapurthala,31.449305,75.467754,rice,2023-10-31,2.19
KAP_0185,Kapurthala,31.480166,75.324768,rice,2023-10-23,4.93
KAP_0186,Kapurthala,31.511425,75.501023,rice,2023-10-29,1.11
KAP_0187,Kapurthala,31.320773,75.452771,rice,2023-11-18,3.27
KAP_0188,Kapurthala,31.244509,75.380517,rice,2023-11-21,0.67
KAP_0189,Kapurthala,31.318791,75.423921,rice,2023-11-06,4.42
KAP_0190,Kapurthala,31.413988,75.360314,rice,2023-10-21,2.55
KAP_0191,Kapurthala,31.496107,75.394888,rice,2023-11-27,2.77
KAP_0192,Kapurthala,31.406499,75.50729,rice,2023-11-24,1.18
KAP_0193,Kapurthala,31.313579,75.496674,rice,2023-10-24,2.0
KAP_0194,Kapurthala,31.519255,75.268619,rice,2023-11-03,3.86
KAP_0195,Kapurthala,31.460661,75.460287,rice,2023-11-13,0.74
KAP_0196,Kapurthala,31.475488,75.464766,rice,2023-11-04,1.81
KAP_0197,Kapurthala,31.335348,75.383526,rice,2023-11-05,5.01
KAP_0198,Kapurthala,31.498188,75.326294,rice,2023-10-20,5.58
KAP_0199,Kapurthala,31.464243,75.443791,rice,2023-11-04,2.29
KAP_0200,Kapurthala,31.49638,75.267553,rice,2023-11-28,3.13
KAP_0201,Kapurthala,31.394563,75.274387,rice,2023-11-12,3.11
KAP_0202,Kapurthala,31.367551,75.402803,rice,2023-11-17,1.24
KAP_0203,Kapurthala,31.296007,75.290592,rice,2023-10-18,4.75
KAP_0204,Kapurthala,31.388175,75.424647,rice,2023-11-27,4.07
KAP_0205,Kapurthala,31.313457,75.26425,rice,2023-10-28,1.95
KAP_0206,Kapurthala,31.484572,75.306095,rice,2023-11-09,3.65
KAP_0207,Kapurthala,31.357626,75.448013,rice,2023-11-25,2.76
KAP_0208,Kapurthala,31.252419,75.425201,rice,2023-11-27,1.21
KAP_0209,Kapurthala,31.26926,75.425236,rice,2023-11-06,1.21
KAP_0210,Kapurthala,31.362943,75.366651,rice,2023-10-19,5.53
KAP_0211,Kapurthala,31.317318,75.352262,rice,2023-11-04,5.05
KAP_0212,Kapurthala,31.337754,75.416702,rice,2023-11-16,3.93
KAP_0213,Kapurthala,31.324898,75.273214,rice,2023-10-29,1.97
KAP_0214,Kapurthala,31.329119,75.400259,rice,2023-11-15,1.38
KAP_0215,Kapurthala,31.30762,75.364902,rice,2023-11-18,4.75
KAP_0216,Kapurthala,31.328927,75.324579,rice,2023-11-24,5.93
KAP_0217,Kapurthala,31.422948,75.43195,rice,2023-11-18,1.08
KAP_0218,Kapurthala,31.322447,75.475763,rice,2023-10-17,5.51
KAP_0219,Kapurthala,31.293488,75.439975,rice,2023-11-25,5.33
KAP_0220,Kapurthala,31.368466,75.312458,rice,2023-11-24,5.76
KAP_0221,Kapurthala,31.317443,75.310755,rice,2023-11-08,3.43
KAP_0222,Kapurthala,31.270012,75.399793,rice,2023-10-24,5.69
KAP_0223,Kapurthala,31.381391,75.510297,rice,2023-11-12,4.86
KAP_0224,Kapurthala,31.410256,75.48659,rice,2023-11-25,3.55
KAP_0225,Kapurthala,31.298016,75.49905,rice,2023-10-15,5.49
KAP_0226,Kapurthala,31.350081,75.334003,rice,2023-11-07,4.71
KAP_0227,Kapurthala,31.417645,75.363123,rice,2023-10-28,3.34
KAP_0228,Kapurthala,31.243582,75.434097,rice,2023-11-24,0.85
KAP_0229,Kapurthala,31.374709,75.293782,rice,2023-10-24,5.89
KAP_0230,Kapurthala,31.271774,75.452158,rice,2023-10-26,4.01
KAP_0231,Kapurthala,31.294612,75.501895,rice,2023-11-11,3.34
KAP_0232,Kapurthala,31.461346,75.4538,rice,2023-10-24,2.26
KAP_0233,Kapurthala,31.474996,75.509387,rice,2023-11-15,4.09
KAP_0234,Kapurthala,31.342064,75.339143,rice,2023-11-05,3.08
KAP_0235,Kapurthala,31.295197,75.433032,rice,2023-10-26,0.53
KAP_0236,Kapurthala,31.363053,75.261398,rice,2023-10-22,3.59
KAP_0237,Kapurthala,31.385703,75.278434,rice,2023-11-27,0.63
KAP_0238,Kapurthala,31.406307,75.322003,rice,2023-10-26,4.42
KAP_0239,Kapurthala,31.416351,75.344605,rice,2023-10-23,2.26
KAP_0240,Kapurthala,31.330962,75.333157,rice,2023-10-15,5.74
KAP_0241,Kapurthala,31.286077,75.315617,rice,2023-10-25,5.59
KAP_0242,Kapurthala,31.37112,75.391214,rice,2023-11-22,0.79
KAP_0243,Kapurthala,31.466251,75.406477,rice,2023-11-05,2.16
KAP_0244,Kapurthala,31.364256,75.445887,rice,2023-11-06,0.94
KAP_0245,Kapurthala,31.381908,75.249699,rice,2023-11-05,1.66
KAP_0246,Kapurthala,31.492949,75.373306,rice,2023-11-19,3.01
KAP_0247,Kapurthala,31.340899,75.384581,rice,2023-11-18,2.48
KAP_0248,Kapurthala,31.294772,75.33666,rice,2023-10-30,4.96
KAP_0249,Kapurthala,31.308793,75.469955,rice,2023-10-27,4.16
KAP_0250,Kapurthala,31.248591,75.397089,rice,2023-11-23,5.08
KAP_0251,Kapurthala,31.342419,75.31919,rice,2023-10-15,2.83
KAP_0252,Kapurthala,31.259647,75.306552,rice,2023-10-29,4.06
KAP_0253,Kapurthala,31.372296,75.309256,rice,2023-10-23,2.13
KAP_0254,Kapurthala,31.276209,75.295818,rice,2023-11-26,2.13
KAP_0255,Kapurthala,31.386317,75.25857,rice,2023-10-27,5.33
KAP_0256,Kapurthala,31.329138,75.457087,rice,2023-11-23,3.8
KAP_0257,Kapurthala,31.476724,75.317551,rice,2023-11-12,0.9
KAP_0258,Kapurthala,31.242647,75.484915,rice,2023-11-12,2.12
KAP_0259,Kapurthala,31.364715,75.304898,rice,2023-11-05,2.61
KAP_0260,Kapurthala,31.290153,75.410238,rice,2023-11-24,1.63
KAP_0261,Kapurthala,31.312993,75.428383,rice,2023-11-18,4.65
KAP_0262,Kapurthala,31.27476,75.327516,rice,2023-11-28,4.88
KAP_0263,Kapurthala,31.317041,75.447219,rice,2023-10-23,5.36
KAP_0264,Kapurthala,31.340562,75.50168,rice,2023-11-05,2.74
KAP_0265,Kapurthala,31.443346,75.294654,rice,2023-10-18,2.21
KAP_0266,Kapurthala,31.243563,75.362437,rice,2023-11-08,1.45
KAP_0267,Kapurthala,31.508404,75.466405,rice,2023-11-15,2.99
KAP_0268,Kapurthala,31.312549,75.330822,rice,2023-11-18,1.62
KAP_0269,Kapurthala,31.394529,75.467157,rice,2023-11-19,0.53
KAP_0270,Kapurthala,31.27517,75.369061,rice,2023-10-23,0.6
KAP_0271,Kapurthala,31.352915,75.271124,rice,2023-11-18,4.42
KAP_0272,Kapurthala,31.519859,75.294455,rice,2023-10-19,1.76
KAP_0273,Kapurthala,31.322997,75.459831,rice,2023-11-21,3.64
KAP_0274,Kapurthala,31.393022,75.502464,rice,2023-11-07,0.69
KAP_0275,Kapurthala,31.284216,75.346992,rice,2023-10-27,1.13
KAP_0276,Kapurthala,31.490088,75.4298,rice,2023-11-06,5.63
KAP_0277,Kapurthala,31.503424,75.383509,rice,2023-10-20,4.55
KAP_0278,Kapurthala,31.340942,75.424058,rice,2023-11-23,5.74
KAP_0279,Kapurthala,31.453923,75.438635,rice,2023-10-22,5.07
KAP_0280,Kapurthala,31.349106,75.414742,rice,2023-10-25,4.23
KAP_0281,Kapurthala,31.384268,75.286364,rice,2023-10-24,1.86
KAP_0282,Kapurthala,31.314302,75.275502,rice,2023-11-16,3.91
KAP_0283,Kapurthala,31.272874,75.336661,rice,2023-11-02,2.99
KAP_0284,Kapurthala,31.490461,75.377961,rice,2023-11-24,1.48
KAP_0285,Kapurthala,31.452496,75.338965,rice,2023-11-27,1.94
KAP_0286,Kapurthala,31.470201,75.378281,rice,2023-11-28,5.13
KAP_0287,Kapurthala,31.29125,75.417427,rice,2023-11-26,4.93
KAP_0288,Kapurthala,31.305983,75.359721,rice,2023-10-20,4.11
KAP_0289,Kapurthala,31.3739,75.458091,rice,2023-11-25,1.22
KAP_0290,Kapurthala,31.45657,75.358575,rice,2023-11-15,3.79
KAP_0291,Kapurthala,31.30064,75.358466,rice,2023-10-26,5.59
KAP_0292,Kapurthala,31.502835,75.436025,rice,2023-11-21,0.93
KAP_0293,Kapurthala,31.363937,75.29406,rice,2023-10-15,1.39
KAP_0294,Kapurthala,31.513721,75.29447,rice,2023-11-16,0.79
KAP_0295,Kapurthala,31.476193,75.296636,rice,2023-11-05,3.51
KAP_0296,Kapurthala,31.511385,75.314899,rice,2023-10-16,2.75
KAP_0297,Kapurthala,31.306407,75.396236,rice,2023-10-17,3.75
KAP_0298,Kapurthala,31.373846,75.500096,rice,2023-10-29,4.19
KAP_0299,Kapurthala,31.431126,75.376211,rice,2023-10-27,2.23
KAP_0300,Kapurthala,31.381118,75.293735,rice,2023-10-28,1.23
KAP_0301,Kapurthala,31.344262,75.276533,rice,2023-10-26,3.44
KAP_0302,Kapurthala,31.461227,75.302936,rice,2023-10-25,4.85
KAP_0303,Kapurthala,31.244352,75.519166,rice,2023-10-29,3.12
KAP_0304,Kapurthala,31.422156,75.373049,rice,2023-11-07,2.74
KAP_0305,Kapurthala,31.343875,75.513793,rice,2023-11-21,3.26
KAP_0306,Kapurthala,31.474207,75.281745,rice,2023-11-23,3.41
KAP_0307,Kapurthala,31.366048,75.330967,rice,2023-11-05,5.08
KAP_0308,Kapurthala,31.493984,75.417861,rice,2023-11-26,2.57
KAP_0309,Kapurthala,31.451908,75.270399,rice,2023-11-06,0.66
KAP_0310,Kapurthala,31.469099,75.437103,rice,2023-11-23,0.99
KAP_0311,Kapurthala,31.281159,75.36667,rice,2023-11-24,5.27
KAP_0312,Kapurthala,31.293993,75.356782,rice,2023-10-28,1.93
KAP_0313,Kapurthala,31.275611,75.312728,rice,2023-11-17,4.44
KAP_0314,Kapurthala,31.495987,75.353478,rice,2023-11-23,1.82
KAP_0315,Kapurthala,31.247369,75.378644,rice,2023-11-05,0.52
KAP_0316,Kapurthala,31.409318,75.286151,rice,2023-10-16,3.58
KAP_0317,Kapurthala,31.400586,75.442675,rice,2023-11-09,4.38
KAP_0318,Kapurthala,31.34247,75.26738,rice,2023-11-01,2.2
KAP_0319,Kapurthala,31.242119,75.369489,rice,2023-11-05,4.82
KAP_0320,Kapurthala,31.304987,75.26958,rice,2023-11-18,1.52
KAP_0321,Kapurthala,31.51544,75.327389,rice,2023-10-30,0.92
KAP_0322,Kapurthala,31.461012,75.365577,rice,2023-11-03,0.98
KAP_0323,Kapurthala,31.372424,75.439717,rice,2023-11-19,5.83
KAP_0324,Kapurthala,31.484066,75.384146,rice,2023-11-05,5.67
KAP_0325,Kapurthala,31.467189,75.343116,rice,2023-11-03,3.28
KAP_0326,Kapurthala,31.390951,75.385774,rice,2023-11-19,4.92
KAP_0327,Kapurthala,31.497201,75.329465,rice,2023-11-24,3.96
KAP_0328,Kapurthala,31.488499,75.365219,rice,2023-11-13,1.55
KAP_0329,Kapurthala,31.296864,75.254357,rice,2023-10-18,2.16
KAP_0330,Kapurthala,31.268718,75.483906,rice,2023-10-19,2.49
KAP_0331,Kapurthala,31.343171,75.452102,rice,2023-10-21,4.43
KAP_0332,Kapurthala,31.470278,75.34085,rice,2023-10-28,3.13
KAP_0333,Kapurthala,31.330224,75.358486,rice,2023-10-24,2.42
KAP_0334,Kapurthala,31.369957,75.378943,rice,2023-11-10,0.63
KAP_0335,Kapurthala,31.285822,75.391585,rice,2023-10-28,4.37
KAP_0336,Kapurthala,31.49353,75.451279,rice,2023-10-15,2.23
KAP_0337,Kapurthala,31.365955,75.422201,rice,2023-11-02,5.88
KAP_0338,Kapurthala,31.378035,75.30987,rice,2023-11-15,2.49
KAP_0339,Kapurthala,31.498284,75.417159,rice,2023-11-17,4.48
KAP_0340,Kapurthala,31.51032,75.380344,rice,2023-11-23,5.72
KAP_0341,Kapurthala,31.488049,75.476066,rice,2023-10-18,3.39
KAP_0342,Kapurthala,31.447992,75.395494,rice,2023-11-27,4.77
KAP_0343,Kapurthala,31.453851,75.452353,rice,2023-11-24,4.88
KAP_0344,Kapurthala,31.485417,75.418151,rice,2023-11-03,3.0
KAP_0345,Kapurthala,31.47891,75.457966,rice,2023-11-22,3.69
KAP_0346,Kapurthala,31.432031,75.43273,rice,2023-11-05,2.21
KAP_0347,Kapurthala,31.321954,75.488457,rice,2023-10-30,2.71
KAP_0348,Kapurthala,31.495746,75.371794,rice,2023-11-27,1.42
KAP_0349,Kapurthala,31.445207,75.252848,rice,2023-11-28,5.68
KAP_0350,Kapurthala,31.384934,75.314585,rice,2023-10-20,3.14
KAP_0351,Kapurthala,31.40189,75.418896,rice,2023-10-17,2.63
KAP_0352,Kapurthala,31.393934,75.415466,rice,2023-10-31,5.57
KAP_0353,Kapurthala,31.349837,75.484912,rice,2023-10-23,2.36
KAP_0354,Kapurthala,31.24764,75.409224,rice,2023-11-29,5.47
KAP_0355,Kapurthala,31.254949,75.295202,rice,2023-11-14,4.95
KAP_0356,Kapurthala,31.264259,75.341847,rice,2023-11-15,1.81
KAP_0357,Kapurthala,31.510165,75.431091,rice,2023-11-09,5.24
KAP_0358,Kapurthala,31.390545,75.495174,rice,2023-11-05,1.81
KAP_0359,Kapurthala,31.247655,75.360047,rice,2023-10-16,5.1
KAP_0360,Kapurthala,31.389219,75.320826,rice,2023-10-24,4.75
KAP_0361,Kapurthala,31.387528,75.380783,rice,2023-11-25,5.97
KAP_0362,Kapurthala,31.424525,75.479351,rice,2023-10-23,4.68
KAP_0363,Kapurthala,31.380821,75.242725,rice,2023-11-29,1.05
KAP_0364,Kapurthala,31.50921,75.309794,rice,2023-11-14,2.52
KAP_0365,Kapurthala,31.394437,75.380732,rice,2023-11-29,4.81
KAP_0366,Kapurthala,31.45214,75.494264,rice,2023-11-14,3.08
KAP_0367,Kapurthala,31.389568,75.484742,rice,2023-11-11,1.85
KAP_0368,Kapurthala,31.242555,75.446775,rice,2023-10-27,4.28
KAP_0369,Kapurthala,31.317482,75.276376,rice,2023-11-17,3.18
KAP_0370,Kapurthala,31.294175,75.462151,rice,2023-10-16,5.73
KAP_0371,Kapurthala,31.457521,75.478447,rice,2023-11-06,4.57
KAP_0372,Kapurthala,31.398851,75.466803,rice,2023-11-29,3.6
KAP_0373,Kapurthala,31.361104,75.249101,rice,2023-11-26,5.44
KAP_0374,Kapurthala,31.434082,75.353161,rice,2023-11-13,3.89
KAP_0375,Kapurthala,31.467628,75.453987,rice,2023-10-16,2.49
KAP_0376,Kapurthala,31.351122,75.494215,rice,2023-11-06,1.43
KAP_0377,Kapurthala,31.481634,75.294679,rice,2023-11-07,2.97
KAP_0378,Kapurthala,31.445361,75.444225,rice,2023-11-29,4.75
KAP_0379,Kapurthala,31.461031,75.250941,rice,2023-10-31,1.76
KAP_0380,Kapurthala,31.435606,75.431329,rice,2023-10-27,2.13
KAP_0381,Kapurthala,31.462192,75.327254,rice,2023-11-14,2.69
KAP_0382,Kapurthala,31.448485,75.243298,rice,2023-10-30,5.49
KAP_0383,Kapurthala,31.433775,75.404248,rice,2023-11-03,4.82
KAP_0384,Kapurthala,31.484381,75.380433,rice,2023-10-25,2.11
KAP_0385,Kapurthala,31.346555,75.35655,rice,2023-10-31,4.42
KAP_0386,Kapurthala,31.335809,75.469941,rice,2023-10-29,3.05
KAP_0387,Kapurthala,31.416109,75.505427,rice,2023-11-11,1.44
KAP_0388,Kapurthala,31.393978,75.379069,rice,2023-11-04,4.8
KAP_0389,Kapurthala,31.480856,75.439534,rice,2023-11-01,1.98
KAP_0390,Kapurthala,31.306975,75.32156,rice,2023-11-28,4.19
KAP_0391,Kapurthala,31.305111,75.264757,rice,2023-10-19,2.23
KAP_0392,Kapurthala,31.302271,75.34045,rice,2023-11-28,1.37
KAP_0393,Kapurthala,31.250015,75.325507,rice,2023-11-13,4.96
KAP_0394,Kapurthala,31.361978,75.446291,rice,2023-10-30,4.55
KAP_0395,Kapurthala,31.460918,75.497182,rice,2023-10-16,1.07
KAP_0396,Kapurthala,31.250826,75.292335,rice,2023-11-06,5.06
KAP_0397,Kapurthala,31.400818,75.279233,rice,2023-10-25,5.4
KAP_0398,Kapurthala,31.385609,75.288131,rice,2023-10-21,5.43
KAP_0399,Kapurthala,31.441804,75.373775,rice,2023-10-24,4.2
KAP_0400,Kapurthala,31.334727,75.519975,rice,2023-11-05,4.82
KAP_0401,Kapurthala,31.419469,75.432487,rice,2023-10-24,0.56
KAP_0402,Kapurthala,31.246391,75.459808,rice,2023-11-29,1.65
KAP_0403,Kapurthala,31.431847,75.380935,rice,2023-11-07,1.77
KAP_0404,Kapurthala,31.457489,75.287875,rice,2023-10-29,1.37
KAP_0405,Kapurthala,31.363741,75.273398,rice,2023-10-16,5.96
KAP_0406,Kapurthala,31.449416,75.408906,rice,2023-11-13,2.67
KAP_0407,Kapurthala,31.516637,75.486384,rice,2023-11-10,1.77
KAP_0408,Kapurthala,31.274603,75.289824,rice,2023-11-21,1.92
KAP_0409,Kapurthala,31.262876,75.488758,rice,2023-11-18,1.75
KAP_0410,Kapurthala,31.488684,75.50828,rice,2023-10-23,1.72
KAP_0411,Kapurthala,31.322372,75.464029,rice,2023-11-10,4.07
KAP_0412,Kapurthala,31.363924,75.428882,rice,2023-11-28,4.79
KAP_0413,Kapurthala,31.271544,75.361884,rice,2023-11-21,4.38
KAP_0414,Kapurthala,31.283057,75.45146,rice,2023-11-23,4.17
KAP_0415,Kapurthala,31.314102,75.336321,rice,2023-10-31,5.96
KAP_0416,Kapurthala,31.291442,75.472236,rice,2023-10-29,3.42
KAP_0417,Kapurthala,31.486546,75.514921,rice,2023-11-25,5.2
KAP_0418,Kapurthala,31.3558,75.315956,rice,2023-11-28,2.26
KAP_0419,Kapurthala,31.422879,75.335721,rice,2023-11-20,0.94
KAP_0420,Kapurthala,31.455883,75.271211,rice,2023-11-04,2.35
KAP_0421,Kapurthala,31.405322,75.388729,rice,2023-11-14,4.12
KAP_0422,Kapurthala,31.460933,75.324965,rice,2023-11-25,1.23
KAP_0423,Kapurthala,31.448132,75.283002,rice,2023-11-03,5.69
KAP_0424,Kapurthala,31.31922,75.453081,rice,2023-11-22,2.91
KAP_0425,Kapurthala,31.323719,75.36072,rice,2023-11-20,5.93
KAP_0426,Kapurthala,31.324012,75.437664,rice,2023-11-13,2.34
KAP_0427,Kapurthala,31.31039,75.416916,rice,2023-10-18,4.45
KAP_0428,Kapurthala,31.503924,75.270063,rice,2023-11-19,3.47
KAP_0429,Kapurthala,31.321436,75.468748,rice,2023-10-25,1.47
KAP_0430,Kapurthala,31.456168,75.3393,rice,2023-10-17,4.25
KAP_0431,Kapurthala,31.519582,75.368758,rice,2023-11-14,5.86
KAP_0432,Kapurthala,31.44899,75.295092,rice,2023-11-08,4.92
KAP_0433,Kapurthala,31.38444,75.460463,rice,2023-10-27,1.75
KAP_0434,Kapurthala,31.468043,75.240567,rice,2023-11-11,5.38
KAP_0435,Kapurthala,31.469211,75.511639,rice,2023-10-20,2.91
KAP_0436,Kapurthala,31.287357,75.344717,rice,2023-10-16,2.48
KAP_0437,Kapurthala,31.407317,75.36248,rice,2023-10-20,2.03
KAP_0438,Kapurthala,31.35725,75.436183,rice,2023-11-28,2.02
KAP_0439,Kapurthala,31.442667,75.438439,rice,2023-10-25,4.21
KAP_0440,Kapurthala,31.468889,75.518581,rice,2023-11-16,0.8
KAP_0441,Kapurthala,31.379201,75.467663,rice,2023-11-14,3.5
KAP_0442,Kapurthala,31.424744,75.293688,rice,2023-10-15,2.7
KAP_0443,Kapurthala,31.461046,75.258671,rice,2023-10-20,5.0
KAP_0444,Kapurthala,31.466578,75.405313,rice,2023-10-21,2.79
KAP_0445,Kapurthala,31.269582,75.467202,rice,2023-10-17,5.52
KAP_0446,Kapurthala,31.457235,75.262662,rice,2023-10-26,4.0
KAP_0447,Kapurthala,31.497775,75.486167,rice,2023-10-21,1.45
KAP_0448,Kapurthala,31.430468,75.42652,rice,2023-11-12,3.74
KAP_0449,Kapurthala,31.314408,75.492083,rice,2023-11-05,2.13
KAP_0450,Kapurthala,31.311462,75.318685,rice,2023-11-07,3.04
KAP_0451,Kapurthala,31.304638,75.384876,rice,2023-10-24,1.99
KAP_0452,Kapurthala,31.273506,75.340071,rice,2023-10-23,2.73
KAP_0453,Kapurthala,31.353041,75.442968,rice,2023-11-06,4.31
KAP_0454,Kapurthala,31.249279,75.362245,rice,2023-11-06,0.99
KAP_0455,Kapurthala,31.369389,75.412256,rice,2023-10-18,3.53
KAP_0456,Kapurthala,31.346261,75.314049,rice,2023-11-20,5.77
KAP_0457,Kapurthala,31.29552,75.251877,rice,2023-11-02,5.99
KAP_0458,Kapurthala,31.493714,75.329672,rice,2023-10-20,0.52
KAP_0459,Kapurthala,31.454818,75.32415,rice,2023-10-15,3.01
KAP_0460,Kapurthala,31.358764,75.341292,rice,2023-10-16,4.09
KAP_0461,Kapurthala,31.443284,75.396571,rice,2023-11-14,0.62
KAP_0462,Kapurthala,31.486888,75.292204,rice,2023-10-15,2.69
KAP_0463,Kapurthala,31.268988,75.304204,rice,2023-10-29,1.8
KAP_0464,Kapurthala,31.424543,75.342846,rice,2023-11-06,4.84
KAP_0465,Kapurthala,31.408546,75.31111,rice,2023-11-23,5.63
KAP_0466,Kapurthala,31.273612,75.427506,rice,2023-11-21,3.97
KAP_0467,Kapurthala,31.42752,75.248732,rice,2023-11-23,2.12
KAP_0468,Kapurthala,31.262465,75.342502,rice,2023-10-16,5.3
KAP_0469,Kapurthala,31.339242,75.349997,rice,2023-11-27,2.82
KAP_0470,Kapurthala,31.463303,75.47265,rice,2023-10-27,2.82
KAP_0471,Kapurthala,31.351121,75.294618,rice,2023-10-21,2.21
KAP_0472,Kapurthala,31.33594,75.36036,rice,2023-11-28,0.94
KAP_0473,Kapurthala,31.331991,75.500564,rice,2023-11-06,1.82
KAP_0474,Kapurthala,31.30097,75.305819,rice,2023-10-18,5.75
KAP_0475,Kapurthala,31.438396,75.497542,rice,2023-11-24,3.94
KAP_0476,Kapurthala,31.396746,75.382548,rice,2023-11-23,4.29
KAP_0477,Kapurthala,31.436511,75.407848,rice,2023-11-08,4.21
KAP_0478,Kapurthala,31.283872,75.394429,rice,2023-11-04,3.36
KAP_0479,Kapurthala,31.389709,75.383029,rice,2023-10-15,4.67
KAP_0480,Kapurthala,31.332283,75.338211,rice,2023-11-18,0.59
KAP_0481,Kapurthala,31.271723,75.313451,rice,2023-10-30,4.89
KAP_0482,Kapurthala,31.309444,75.483531,rice,2023-11-19,2.57
KAP_0483,Kapurthala,31.463455,75.370719,rice,2023-10-26,2.46
KAP_0484,Kapurthala,31.25977,75.311134,rice,2023-11-16,4.33
KAP_0485,Kapurthala,31.497028,75.415922,rice,2023-10-30,0.58
KAP_0486,Kapurthala,31.452818,75.473951,rice,2023-11-19,2.77
KAP_0487,Kapurthala,31.37829,75.254664,rice,2023-11-11,0.81
KAP_0488,Kapurthala,31.444783,75.463962,rice,2023-10-23,1.1
KAP_0489,Kapurthala,31.498047,75.475067,rice,2023-11-21,5.88
KAP_0490,Kapurthala,31.487091,75.30234,rice,2023-11-10,5.75
KAP_0491,Kapurthala,31.364029,75.283362,rice,2023-10-25,4.26
KAP_0492,Kapurthala,31.516516,75.364676,rice,2023-10-24,3.65
KAP_0493,Kapurthala,31.324067,75.476728,rice,2023-11-03,3.7
KAP_0494,Kapurthala,31.404142,75.240319,rice,2023-10-20,5.67
KAP_0495,Kapurthala,31.512816,75.370893,rice,2023-10-18,5.17
KAP_0496,Kapurthala,31.272677,75.263693,rice,2023-11-17,4.29
KAP_0497,Kapurthala,31.396658,75.43023,rice,2023-10-19,4.5
KAP_0498,Kapurthala,31.283375,75.300373,rice,2023-11-10,1.8
KAP_0499,Kapurthala,31.356626,75.452677,rice,2023-11-17,2.71
KAP_0500,Kapurthala,31.408574,75.32265,rice,2023-11-22,3.12
KAP_0501,Kapurthala,31.503455,75.3154,rice,2023-10-20,0.73
KAP_0502,Kapurthala,31.336668,75.424459,rice,2023-11-20,4.77
KAP_0503,Kapurthala,31.405812,75.483382,rice,2023-10-23,3.9
KAP_0504,Kapurthala,31.337474,75.341839,rice,2023-11-21,3.88
KAP_0505,Kapurthala,31.423834,75.350484,rice,2023-10-29,1.47
KAP_0506,Kapurthala,31.240081,75.369218,rice,2023-11-02,5.07
KAP_0507,Kapurthala,31.454632,75.518303,rice,2023-10-19,1.79
KAP_0508,Kapurthala,31.429658,75.471974,rice,2023-11-14,4.03
KAP_0509,Kapurthala,31.374883,75.413183,rice,2023-10-17,1.96
KAP_0510,Kapurthala,31.284166,75.355756,rice,2023-10-16,5.41
KAP_0511,Kapurthala,31.292626,75.259876,rice,2023-11-15,5.27
KAP_0512,Kapurthala,31.388791,75.345439,rice,2023-11-19,2.87
KAP_0513,Kapurthala,31.424518,75.47275,rice,2023-10-16,5.46
KAP_0514,Kapurthala,31.424069,75.446721,rice,2023-10-23,0.98
KAP_0515,Kapurthala,31.497137,75.387894,rice,2023-11-02,2.69
KAP_0516,Kapurthala,31.32205,75.285632,rice,2023-10-31,0.69
KAP_0517,Kapurthala,31.314034,75.379051,rice,2023-11-19,4.53
KAP_0518,Kapurthala,31.406769,75.272497,rice,2023-11-14,2.87
KAP_0519,Kapurthala,31.426874,75.448089,rice,2023-11-29,5.61
KAP_0520,Kapurthala,31.462707,75.478485,rice,2023-10-29,4.17
KAP_0521,Kapurthala,31.355853,75.501567,rice,2023-10-16,5.06
KAP_0522,Kapurthala,31.489516,75.496651,rice,2023-11-25,4.6
KAP_0523,Kapurthala,31.296094,75.390793,rice,2023-11-06,4.75
KAP_0524,Kapurthala,31.378641,75.383604,rice,2023-11-12,5.98
KAP_0525,Kapurthala,31.366617,75.276403,rice,2023-10-17,2.49
KAP_0526,Kapurthala,31.309591,75.415969,rice,2023-11-16,5.75
KAP_0527,Kapurthala,31.327586,75.344236,rice,2023-11-22,4.28
KAP_0528,Kapurthala,31.350866,75.359025,rice,2023-11-05,4.35
KAP_0529,Kapurthala,31.515838,75.328621,rice,2023-10-18,4.87
KAP_0530,Kapurthala,31.299396,75.469129,rice,2023-11-10,2.45
KAP_0531,Kapurthala,31.271086,75.246973,rice,2023-11-17,4.89
KAP_0532,Kapurthala,31.428983,75.462177,rice,2023-10-16,4.64
KAP_0533,Kapurthala,31.346673,75.501245,rice,2023-11-15,2.42
KAP_0534,Kapurthala,31.456423,75.469504,rice,2023-11-24,3.19
KAP_0535,Kapurthala,31.273717,75.333536,rice,2023-11-07,4.44
KAP_0536,Kapurthala,31.456919,75.495339,rice,2023-11-29,1.62
KAP_0537,Kapurthala,31.511153,75.38508,rice,2023-11-01,2.25
KAP_0538,Kapurthala,31.332234,75.340688,rice,2023-11-18,2.41
KAP_0539,Kapurthala,31.257501,75.326681,rice,2023-11-11,5.46
KAP_0540,Kapurthala,31.251666,75.244656,rice,2023-11-13,3.76
KAP_0541,Kapurthala,31.435909,75.410307,rice,2023-11-08,1.76
KAP_0542,Kapurthala,31.374749,75.496453,rice,2023-11-28,3.9
KAP_0543,Kapurthala,31.401594,75.501196,rice,2023-11-09,1.36
KAP_0544,Kapurthala,31.276185,75.470124,rice,2023-10-30,5.21
KAP_0545,Kapurthala,31.305486,75.36798,rice,2023-10-19,1.26
KAP_0546,Kapurthala,31.477667,75.357286,rice,2023-11-10,5.25
KAP_0547,Kapurthala,31.452821,75.322587,rice,2023-10-28,4.57
KAP_0548,Kapurthala,31.327154,75.311046,rice,2023-11-16,5.03
KAP_0549,Kapurthala,31.429821,75.447081,rice,2023-10-29,4.47
KAP_0550,Kapurthala,31.440006,75.333317,rice,2023-10-29,1.99
KAP_0551,Kapurthala,31.360791,75.446946,rice,2023-11-25,5.31
KAP_0552,Kapurthala,31.311477,75.475097,rice,2023-10-23,1.36
KAP_0553,Kapurthala,31.447043,75.397191,rice,2023-11-08,5.86
KAP_0554,Kapurthala,31.254716,75.281756,rice,2023-11-14,0.93
KAP_0555,Kapurthala,31.385498,75.464786,rice,2023-10-24,4.79
KAP_0556,Kapurthala,31.361256,75.5036,rice,2023-10-17,2.6
KAP_0557,Kapurthala,31.515687,75.395826,rice,2023-11-07,3.98
KAP_0558,Kapurthala,31.336974,75.464954,rice,2023-11-29,3.18
KAP_0559,Kapurthala,31.326466,75.373934,rice,2023-11-15,4.53
KAP_0560,Kapurthala,31.288655,75.474807,rice,2023-11-24,2.87
KAP_0561,Kapurthala,31.263203,75.281208,rice,2023-11-10,4.22
KAP_0562,Kapurthala,31.312118,75.266978,rice,2023-10-18,2.51
KAP_0563,Kapurthala,31.482751,75.416044,rice,2023-10-27,4.53
KAP_0564,Kapurthala,31.261251,75.487176,rice,2023-11-06,1.48
KAP_0565,Kapurthala,31.245987,75.341461,rice,2023-11-13,1.42
KAP_0566,Kapurthala,31.44692,75.353325,rice,2023-10-17,0.54
KAP_0567,Kapurthala,31.420252,75.437991,rice,2023-11-05,1.35
KAP_0568,Kapurthala,31.480006,75.438438,rice,2023-11-25,3.6
KAP_0569,Kapurthala,31.313296,75.368196,rice,2023-10-28,4.45
KAP_0570,Kapurthala,31.437005,75.293628,rice,2023-10-24,1.89
KAP_0571,Kapurthala,31.492311,75.372072,rice,2023-11-25,5.77
KAP_0572,Kapurthala,31.297967,75.415596,rice,2023-11-09,4.76
KAP_0573,Kapurthala,31.329443,75.326469,rice,2023-11-28,1.05
KAP_0574,Kapurthala,31.28406,75.355067,rice,2023-11-25,4.89
KAP_0575,Kapurthala,31.367398,75.315758,rice,2023-11-14,2.95
KAP_0576,Kapurthala,31.443567,75.48325,rice,2023-11-03,2.27
KAP_0577,Kapurthala,31.438391,75.436389,rice,2023-11-04,3.66
KAP_0578,Kapurthala,31.244116,75.423643,rice,2023-11-19,3.87
KAP_0579,Kapurthala,31.411225,75.318764,rice,2023-10-18,1.54
KAP_0580,Kapurthala,31.300537,75.288611,rice,2023-10-19,1.84
KAP_0581,Kapurthala,31.259234,75.315411,rice,2023-11-13,3.31
KAP_0582,Kapurthala,31.336438,75.441736,rice,2023-11-29,3.08
KAP_0583,Kapurthala,31.248259,75.393269,rice,2023-11-07,3.64
KAP_0584,Kapurthala,31.288501,75.375114,rice,2023-10-28,1.57
KAP_0585,Kapurthala,31.323668,75.432406,rice,2023-10-23,2.79
KAP_0586,Kapurthala,31.260479,75.432405,rice,2023-10-25,3.46
KAP_0587,Kapurthala,31.467861,75.389821,rice,2023-11-10,1.83
KAP_0588,Kapurthala,31.44779,75.361051,rice,2023-11-29,2.57
KAP_0589,Kapurthala,31.444828,75.507556,rice,2023-11-16,2.32
KAP_0590,Kapurthala,31.38277,75.300799,rice,2023-11-18,3.91
KAP_0591,Kapurthala,31.352724,75.303877,rice,2023-11-17,5.59
KAP_0592,Kapurthala,31.26207,75.332207,rice,2023-10-15,1.55
KAP_0593,Kapurthala,31.378356,75.294585,rice,2023-10-29,1.74
KAP_0594,Kapurthala,31.291928,75.300728,rice,2023-11-17,2.14
KAP_0595,Kapurthala,31.419713,75.298696,rice,2023-11-29,2.87
KAP_0596,Kapurthala,31.295162,75.307212,rice,2023-11-16,3.4
KAP_0597,Kapurthala,31.346016,75.383843,rice,2023-11-20,0.75
KAP_0598,Kapurthala,31.350211,75.356324,rice,2023-11-21,1.88
KAP_0599,Kapurthala,31.363726,75.398657,rice,2023-10-25,4.18
KAP_0600,Kapurthala,31.261495,75.368802,rice,2023-11-10,4.67
NAW_0001,Nawanshahr,31.117413,76.163816,rice,2023-11-08,3.06
NAW_0002,Nawanshahr,31.0121,76.157303,rice,2023-11-11,3.44
NAW_0003,Nawanshahr,30.991592,76.03792,rice,2023-11-24,3.64
NAW_0004,Nawanshahr,30.994241,76.215878,rice,2023-10-17,5.71
NAW_0005,Nawanshahr,31.263162,76.043444,rice,2023-11-27,5.4
NAW_0006,Nawanshahr,31.182454,76.063649,rice,2023-11-06,5.09
NAW_0007,Nawanshahr,31.150702,76.184396,rice,2023-11-25,5.99
NAW_0008,Nawanshahr,31.13135,76.023852,rice,2023-11-28,3.91
NAW_0009,Nawanshahr,31.170279,76.140201,rice,2023-11-01,3.7
NAW_0010,Nawanshahr,31.139531,76.244514,rice,2023-11-03,5.11
NAW_0011,Nawanshahr,31.100233,76.139843,rice,2023-11-12,3.31
NAW_0012,Nawanshahr,31.006258,76.179526,rice,2023-11-10,4.52
NAW_0013,Nawanshahr,31.125572,76.23244,rice,2023-11-15,4.97
NAW_0014,Nawanshahr,31.249802,76.116501,rice,2023-11-29,5.53
NAW_0015,Nawanshahr,31.251808,76.154599,rice,2023-10-26,1.34
NAW_0016,Nawanshahr,31.122246,76.185963,rice,2023-10-21,3.26
NAW_0017,Nawanshahr,31.213958,76.195541,rice,2023-10-19,1.23
NAW_0018,Nawanshahr,31.187634,76.069707,rice,2023-10-24,5.62
NAW_0019,Nawanshahr,31.233182,76.106347,rice,2023-10-23,5.16
NAW_0020,Nawanshahr,31.233983,76.135953,rice,2023-11-10,5.85
NAW_0021,Nawanshahr,31.135871,75.99151,rice,2023-11-24,4.77
NAW_0022,Nawanshahr,31.265782,76.009503,rice,2023-11-09,2.92
NAW_0023,Nawanshahr,31.154262,76.22681,rice,2023-10-17,1.77
NAW_0024,Nawanshahr,31.230629,76.165988,rice,2023-11-16,5.42
NAW_0025,Nawanshahr,31.223625,76.016193,rice,2023-11-22,3.0
NAW_0026,Nawanshahr,31.265115,76.032362,rice,2023-11-28,4.86
NAW_0027,Nawanshahr,31.07537,75.992545,rice,2023-10-23,2.17
NAW_0028,Nawanshahr,31.012545,76.220939,rice,2023-11-29,2.88
NAW_0029,Nawanshahr,31.151407,76.255756,rice,2023-11-07,0.87
NAW_0030,Nawanshahr,31.183532,76.178968,rice,2023-11-06,1.57
NAW_0031,Nawanshahr,31.142715,76.083382,rice,2023-11-07,2.21
NAW_0032,Nawanshahr,31.244669,76.064069,rice,2023-10-17,1.73
NAW_0033,Nawanshahr,31.253456,76.087052,rice,2023-11-21,5.34
NAW_0034,Nawanshahr,31.12173,76.087789,rice,2023-11-27,1.26
NAW_0035,Nawanshahr,31.043373,76.045084,rice,2023-11-14,2.55
NAW_0036,Nawanshahr,31.214108,76.063069,rice,2023-11-05,2.83
NAW_0037,Nawanshahr,31.024358,76.055942,rice,2023-10-20,4.39
NAW_0038,Nawanshahr,31.102622,76.141692,rice,2023-11-20,3.02
NAW_0039,Nawanshahr,31.240662,76.090513,rice,2023-10-22,1.7
NAW_0040,Nawanshahr,31.111547,76.128213,rice,2023-11-17,1.08
NAW_0041,Nawanshahr,31.154477,76.140906,rice,2023-10-30,5.99
NAW_0042,Nawanshahr,31.015898,76.230685,rice,2023-10-22,3.2
NAW_0043,Nawanshahr,31.052357,76.011584,rice,2023-11-09,4.65
NAW_0044,Nawanshahr,31.178563,76.097564,rice,2023-11-16,1.45
NAW_0045,Nawanshahr,31.211071,76.223945,rice,2023-10-20,5.13
NAW_0046,Nawanshahr,31.167968,76.127554,rice,2023-11-02,3.86
NAW_0047,Nawanshahr,31.02017,76.015112,rice,2023-10-25,5.83
NAW_0048,Nawanshahr,31.132185,75.99512,rice,2023-11-17,0.87
NAW_0049,Nawanshahr,31.120862,76.164146,rice,2023-10-29,0.68
NAW_0050,Nawanshahr,31.194251,76.020917,rice,2023-10-22,2.91
NAW_0051,Nawanshahr,31.195558,76.015083,rice,2023-10-27,1.11
NAW_0052,Nawanshahr,31.087302,76.235481,rice,2023-11-04,4.27
NAW_0053,Nawanshahr,30.996466,76.017654,rice,2023-10-16,5.43
NAW_0054,Nawanshahr,31.199184,76.152898,rice,2023-10-28,1.34
NAW_0055,Nawanshahr,31.250085,76.206276,rice,2023-11-03,2.72
NAW_0056,Nawanshahr,31.109947,76.144502,rice,2023-10-26,2.56
NAW_0057,Nawanshahr,31.048807,76.166757,rice,2023-10-17,2.93
NAW_0058,Nawanshahr,31.126263,75.994188,rice,2023-11-15,3.01
NAW_0059,Nawanshahr,31.214112,76.145615,rice,2023-11-23,4.44
NAW_0060,Nawanshahr,31.207738,76.108356,rice,2023-11-26,1.45
NAW_0061,Nawanshahr,31.245412,76.164575,rice,2023-10-24,3.9
NAW_0062,Nawanshahr,31.117255,76.017727,rice,2023-11-25,2.69
NAW_0063,Nawanshahr,31.157315,76.240614,rice,2023-11-12,3.32
NAW_0064,Nawanshahr,31.115437,75.989317,rice,2023-11-22,2.43
NAW_0065,Nawanshahr,31.264769,76.187487,rice,2023-10-28,5.24
NAW_0066,Nawanshahr,30.996456,76.248135,rice,2023-11-08,4.35
NAW_0067,Nawanshahr,30.993728,76.177549,rice,2023-11-03,4.02
NAW_0068,Nawanshahr,31.074248,76.039386,rice,2023-10-18,3.95
NAW_0069,Nawanshahr,31.111531,75.998066,rice,2023-11-14,1.96
NAW_0070,Nawanshahr,31.163099,76.150621,rice,2023-11-21,0.81
NAW_0071,Nawanshahr,31.269249,76.105345,rice,2023-11-12,2.9
NAW_0072,Nawanshahr,31.158857,75.980851,rice,2023-10-24,2.15
NAW_0073,Nawanshahr,31.140172,76.174454,rice,2023-10-16,2.72
NAW_0074,Nawanshahr,31.051944,76.062051,rice,2023-10-29,4.28
NAW_0075,Nawanshahr,31.084433,76.058293,rice,2023-10-29,3.87
NAW_0076,Nawanshahr,31.147029,76.093932,rice,2023-10-28,3.98
NAW_0077,Nawanshahr,31.169982,75.983671,rice,2023-11-20,1.84
NAW_0078,Nawanshahr,31.222154,76.057122,rice,2023-10-30,2.25
NAW_0079,Nawanshahr,31.14058,76.133272,rice,2023-10-17,2.63
NAW_0080,Nawanshahr,31.068726,76.150308,rice,2023-11-21,4.51
NAW_0081,Nawanshahr,31.267927,76.153124,rice,2023-11-24,1.23
NAW_0082,Nawanshahr,31.266338,76.171798,rice,2023-11-06,1.41
NAW_0083,Nawanshahr,31.11871,76.136885,rice,2023-11-25,4.53
NAW_0084,Nawanshahr,31.172095,76.045449,rice,2023-10-24,5.94
NAW_0085,Nawanshahr,31.255627,76.054346,rice,2023-10-16,5.42
NAW_0086,Nawanshahr,31.103763,76.24735,rice,2023-11-04,1.6
NAW_0087,Nawanshahr,31.192726,76.147862,rice,2023-11-19,4.45
NAW_0088,Nawanshahr,30.996779,76.044644,rice,2023-10-30,1.94
NAW_0089,Nawanshahr,31.022892,75.989509,rice,2023-11-15,1.7
NAW_0090,Nawanshahr,31.027203,76.024047,rice,2023-10-31,5.04
NAW_0091,Nawanshahr,31.016573,76.182959,rice,2023-10-23,0.72
NAW_0092,Nawanshahr,31.113828,76.086919,rice,2023-10-17,3.5
NAW_0093,Nawanshahr,31.18674,76.066747,rice,2023-11-06,5.02
NAW_0094,Nawanshahr,31.036286,76.203567,rice,2023-10-23,3.73
NAW_0095,Nawanshahr,31.071024,76.067993,rice,2023-10-20,3.75
NAW_0096,Nawanshahr,31.264295,76.069116,rice,2023-11-01,5.68
NAW_0097,Nawanshahr,31.047441,76.011628,rice,2023-10-31,5.87
NAW_0098,Nawanshahr,31.125762,76.203976,rice,2023-11-08,3.1
NAW_0099,Nawanshahr,31.228001,76.207567,rice,2023-11-07,3.88
NAW_0100,Nawanshahr,31.13508,76.247892,rice,2023-11-15,3.57
NAW_0101,Nawanshahr,31.084399,76.227021,rice,2023-11-10,3.57
NAW_0102,Nawanshahr,31.181008,76.077684,rice,2023-11-14,2.81
NAW_0103,Nawanshahr,31.044767,76.219406,rice,2023-10-16,5.03
NAW_0104,Nawanshahr,31.078869,76.258722,rice,2023-11-14,2.46
NAW_0105,Nawanshahr,31.08904,76.248978,rice,2023-11-19,5.63
NAW_0106,Nawanshahr,31.16448,76.049013,rice,2023-11-14,2.65
NAW_0107,Nawanshahr,31.230495,76.117049,rice,2023-10-15,1.42
NAW_0108,Nawanshahr,31.101935,76.215048,rice,2023-11-16,5.68
NAW_0109,Nawanshahr,31.080804,76.02832,rice,2023-11-01,1.2
NAW_0110,Nawanshahr,31.223987,76.107592,rice,2023-10-16,2.1
NAW_0111,Nawanshahr,31.207185,76.202165,rice,2023-11-06,5.46
NAW_0112,Nawanshahr,31.119671,76.053145,rice,2023-10-31,5.45
NAW_0113,Nawanshahr,31.032826,76.258864,rice,2023-11-23,5.53
NAW_0114,Nawanshahr,31.040074,76.088951,rice,2023-11-12,5.3
NAW_0115,Nawanshahr,31.224388,76.224118,rice,2023-11-26,3.9
NAW_0116,Nawanshahr,31.099088,76.069817,rice,2023-10-27,3.36
NAW_0117,Nawanshahr,31.190215,76.125185,rice,2023-11-12,4.94
NAW_0118,Nawanshahr,31.263781,76.081606,rice,2023-10-25,5.17
NAW_0119,Nawanshahr,31.231882,76.052946,rice,2023-11-06,5.66
NAW_0120,Nawanshahr,31.19716,75.988406,rice,2023-11-16,3.82
NAW_0121,Nawanshahr,31.207966,76.153078,rice,2023-11-10,1.16
NAW_0122,Nawanshahr,31.214454,76.116655,rice,2023-10-16,5.77
NAW_0123,Nawanshahr,31.106195,76.210078,rice,2023-10-20,5.13
NAW_0124,Nawanshahr,31.230536,76.081381,rice,2023-10-16,2.2
NAW_0125,Nawanshahr,31.244774,76.197757,rice,2023-11-20,2.9
NAW_0126,Nawanshahr,31.245384,76.189222,rice,2023-11-11,2.79
NAW_0127,Nawanshahr,31.129082,76.007561,rice,2023-10-28,5.13
NAW_0128,Nawanshahr,31.08958,76.066703,rice,2023-11-21,1.89
NAW_0129,Nawanshahr,31.038568,76.24538,rice,2023-11-03,2.88
NAW_0130,Nawanshahr,31.020848,76.019042,rice,2023-11-18,4.4
NAW_0131,Nawanshahr,31.046863,76.077405,rice,2023-10-20,3.7
NAW_0132,Nawanshahr,31.216337,76.009087,rice,2023-11-28,2.32
NAW_0133,Nawanshahr,31.24077,76.20693,rice,2023-11-14,3.73
NAW_0134,Nawanshahr,31.065303,76.143935,rice,2023-11-17,0.78
NAW_0135,Nawanshahr,31.046642,76.125114,rice,2023-10-16,1.78
NAW_0136,Nawanshahr,31.032629,76.076744,rice,2023-10-15,5.22
NAW_0137,Nawanshahr,31.255277,76.026216,rice,2023-11-17,5.16
NAW_0138,Nawanshahr,31.038349,76.187569,rice,2023-10-25,0.97
NAW_0139,Nawanshahr,31.171525,76.054396,rice,2023-10-16,3.36
NAW_0140,Nawanshahr,31.040091,76.092624,rice,2023-11-18,3.33
NAW_0141,Nawanshahr,31.268873,76.114501,rice,2023-11-15,3.55
NAW_0142,Nawanshahr,31.05166,76.226278,rice,2023-10-21,5.09
NAW_0143,Nawanshahr,31.026021,76.144745,rice,2023-11-10,1.88
NAW_0144,Nawanshahr,31.165385,76.109553,rice,2023-11-16,3.15
NAW_0145,Nawanshahr,31.144361,76.139638,rice,2023-11-15,2.99
NAW_0146,Nawanshahr,31.192338,76.116062,rice,2023-11-16,4.15
NAW_0147,Nawanshahr,31.063671,76.131676,rice,2023-11-08,2.16
NAW_0148,Nawanshahr,31.007447,76.122854,rice,2023-11-05,0.55
NAW_0149,Nawanshahr,31.099152,76.083783,rice,2023-11-13,5.93
NAW_0150,Nawanshahr,31.23024,76.253023,rice,2023-11-13,5.73
NAW_0151,Nawanshahr,31.010752,76.058945,rice,2023-11-01,0.89
NAW_0152,Nawanshahr,31.227062,76.230692,rice,2023-10-28,3.83
NAW_0153,Nawanshahr,31.239477,76.180023,rice,2023-11-26,1.32
NAW_0154,Nawanshahr,31.258379,76.173838,rice,2023-11-04,2.45
NAW_0155,Nawanshahr,31.026008,76.203712,rice,2023-10-19,3.49
NAW_0156,Nawanshahr,31.269988,76.088198,rice,2023-11-20,5.68
NAW_0157,Nawanshahr,31.166473,76.186198,rice,2023-10-28,5.07
NAW_0158,Nawanshahr,31.070827,76.222826,rice,2023-11-26,3.47
NAW_0159,Nawanshahr,31.002552,76.168669,rice,2023-11-09,3.45
NAW_0160,Nawanshahr,31.105227,75.997944,rice,2023-11-06,1.49
NAW_0161,Nawanshahr,31.201807,76.045584,rice,2023-11-13,3.48
NAW_0162,Nawanshahr,31.051992,76.05856,rice,2023-11-12,2.61
NAW_0163,Nawanshahr,31.236452,76.243566,rice,2023-10-17,0.75
NAW_0164,Nawanshahr,31.158252,76.096921,rice,2023-11-01,3.21
NAW_0165,Nawanshahr,31.113746,76.163281,rice,2023-11-22,5.41
NAW_0166,Nawanshahr,31.10795,76.075665,rice,2023-10-29,5.58
NAW_0167,Nawanshahr,31.09028,76.00326,rice,2023-11-07,4.43
NAW_0168,Nawanshahr,31.147451,76.129693,rice,2023-10-22,0.95
NAW_0169,Nawanshahr,31.035941,76.09094,rice,2023-10-31,2.57
NAW_0170,Nawanshahr,31.130768,76.185394,rice,2023-11-04,4.0
NAW_0171,Nawanshahr,31.16116,76.136178,rice,2023-11-06,3.83
NAW_0172,Nawanshahr,31.034368,76.179616,rice,2023-10-24,2.99
NAW_0173,Nawanshahr,31.152809,76.221582,rice,2023-10-22,1.05
NAW_0174,Nawanshahr,31.239591,76.082195,rice,2023-11-01,2.74
NAW_0175,Nawanshahr,31.072887,76.097647,rice,2023-11-11,5.14
NAW_0176,Nawanshahr,31.191645,76.123719,rice,2023-11-07,4.7
NAW_0177,Nawanshahr,31.227382,75.996282,rice,2023-10-31,0.74
NAW_0178,Nawanshahr,31.076272,76.193477,rice,2023-11-11,4.85
NAW_0179,Nawanshahr,31.237472,76.119507,rice,2023-10-26,1.2
NAW_0180,Nawanshahr,31.058407,76.084211,rice,2023-10-18,3.4
NAW_0181,Nawanshahr,31.170862,76.025501,rice,2023-10-20,1.45
NAW_0182,Nawanshahr,31.201382,76.064585,rice,2023-10-23,1.42
NAW_0183,Nawanshahr,31.110785,76.049305,rice,2023-10-31,5.03
NAW_0184,Nawanshahr,31.083491,76.028961,rice,2023-10-31,1.78
NAW_0185,Nawanshahr,30.99962,76.232316,rice,2023-10-23,3.05
NAW_0186,Nawanshahr,31.147042,76.051145,rice,2023-11-16,2.72
NAW_0187,Nawanshahr,31.079554,76.210872,rice,2023-11-05,2.06
NAW_0188,Nawanshahr,31.203429,76.006301,rice,2023-11-18,1.61
NAW_0189,Nawanshahr,31.019786,76.046709,rice,2023-11-08,5.45
NAW_0190,Nawanshahr,31.081669,76.079461,rice,2023-10-25,1.05
NAW_0191,Nawanshahr,31.008475,76.041429,rice,2023-11-18,2.4
NAW_0192,Nawanshahr,31.042092,76.029888,rice,2023-10-21,4.06
NAW_0193,Nawanshahr,31.25379,75.983495,rice,2023-11-16,4.13
NAW_0194,Nawanshahr,31.153815,76.173843,rice,2023-11-16,3.3
NAW_0195,Nawanshahr,31.249537,76.024303,rice,2023-11-25,4.09
NAW_0196,Nawanshahr,31.244436,76.116482,rice,2023-11-05,5.87
NAW_0197,Nawanshahr,31.173815,76.17578,rice,2023-10-21,4.54
NAW_0198,Nawanshahr,31.136336,76.196333,rice,2023-11-21,0.7
NAW_0199,Nawanshahr,31.251175,76.210482,rice,2023-10-24,0.88
NAW_0200,Nawanshahr,31.072579,76.051016,rice,2023-11-13,1.91
NAW_0201,Nawanshahr,31.178189,76.225319,rice,2023-11-10,2.64
NAW_0202,Nawanshahr,31.261386,76.221523,rice,2023-11-15,4.27
NAW_0203,Nawanshahr,31.10129,76.171472,rice,2023-11-06,1.35
NAW_0204,Nawanshahr,31.163274,76.175469,rice,2023-11-02,2.42
NAW_0205,Nawanshahr,31.250206,76.219193,rice,2023-11-25,0.83
NAW_0206,Nawanshahr,30.99482,76.159168,rice,2023-11-10,4.98
NAW_0207,Nawanshahr,31.130099,75.986577,rice,2023-11-06,1.66
NAW_0208,Nawanshahr,31.165772,76.116097,rice,2023-10-21,1.06
NAW_0209,Nawanshahr,31.130469,76.223458,rice,2023-10-29,1.32
NAW_0210,Nawanshahr,31.151842,76.240228,rice,2023-11-04,1.14
NAW_0211,Nawanshahr,31.033794,76.138716,rice,2023-11-18,5.43
NAW_0212,Nawanshahr,31.189574,76.021185,rice,2023-10-30,5.29
NAW_0213,Nawanshahr,31.169842,76.118218,rice,2023-10-22,4.07
NAW_0214,Nawanshahr,31.241576,75.990773,rice,2023-10-26,2.56
NAW_0215,Nawanshahr,31.251985,76.087215,rice,2023-11-15,1.06
NAW_0216,Nawanshahr,31.183413,76.176034,rice,2023-10-16,1.13
NAW_0217,Nawanshahr,31.05138,76.137884,rice,2023-10-27,1.36
NAW_0218,Nawanshahr,31.117787,76.13737,rice,2023-11-15,0.77
NAW_0219,Nawanshahr,31.052652,76.237291,rice,2023-11-20,2.27
NAW_0220,Nawanshahr,31.233034,76.157115,rice,2023-11-24,5.9
NAW_0221,Nawanshahr,31.260541,76.152743,rice,2023-10-27,1.28
NAW_0222,Nawanshahr,31.138498,76.091524,rice,2023-11-05,4.05
NAW_0223,Nawanshahr,31.015057,76.213777,rice,2023-11-29,1.65
NAW_0224,Nawanshahr,31.167179,76.204543,rice,2023-11-28,3.55
NAW_0225,Nawanshahr,31.251922,76.123323,rice,2023-11-20,3.09
NAW_0226,Nawanshahr,31.126603,76.051039,rice,2023-10-27,4.83
NAW_0227,Nawanshahr,31.162969,76.083703,rice,2023-11-06,2.54
NAW_0228,Nawanshahr,31.115412,76.127866,rice,2023-11-03,2.32
NAW_0229,Nawanshahr,31.219084,76.239943,rice,2023-11-08,4.41
NAW_0230,Nawanshahr,31.250551,76.033743,rice,2023-11-08,1.54
NAW_0231,Nawanshahr,31.010331,76.103789,rice,2023-10-27,3.58
NAW_0232,Nawanshahr,31.116299,76.033254,rice,2023-10-30,2.65
NAW_0233,Nawanshahr,30.998091,76.130468,rice,2023-10-27,1.12
NAW_0234,Nawanshahr,31.00844,76.180046,rice,2023-10-27,1.86
NAW_0235,Nawanshahr,31.174463,76.208342,rice,2023-10-30,1.23
NAW_0236,Nawanshahr,31.162073,76.00005,rice,2023-11-06,4.99
NAW_0237,Nawanshahr,31.203231,76.092583,rice,2023-10-29,4.4
NAW_0238,Nawanshahr,31.148819,76.020626,rice,2023-10-27,4.68
NAW_0239,Nawanshahr,31.083513,76.230277,rice,2023-11-26,2.02
NAW_0240,Nawanshahr,31.061471,76.091409,rice,2023-11-22,4.92
NAW_0241,Nawanshahr,31.026583,76.068494,rice,2023-11-14,0.68
NAW_0242,Nawanshahr,31.005652,76.193408,rice,2023-11-14,3.37
NAW_0243,Nawanshahr,31.146129,76.049682,rice,2023-10-27,3.5
NAW_0244,Nawanshahr,31.105856,76.250039,rice,2023-11-08,0.77
NAW_0245,Nawanshahr,31.10618,76.220096,rice,2023-10-22,5.64
NAW_0246,Nawanshahr,31.109137,76.023848,rice,2023-10-24,1.01
NAW_0247,Nawanshahr,31.081579,76.237523,rice,2023-11-10,3.6
NAW_0248,Nawanshahr,31.023093,76.107846,rice,2023-11-27,2.8
NAW_0249,Nawanshahr,31.054699,76.001289,rice,2023-11-10,2.55
NAW_0250,Nawanshahr,31.187114,76.090383,rice,2023-11-01,0.57
NAW_0251,Nawanshahr,30.995605,76.172504,rice,2023-11-05,1.38
NAW_0252,Nawanshahr,31.232543,76.165534,rice,2023-11-14,1.35
NAW_0253,Nawanshahr,31.070532,76.252626,rice,2023-10-17,1.8
NAW_0254,Nawanshahr,31.136757,76.037554,rice,2023-11-02,4.85
NAW_0255,Nawanshahr,31.212405,76.204236,rice,2023-11-23,4.32
NAW_0256,Nawanshahr,31.079993,76.226089,rice,2023-11-12,1.29
NAW_0257,Nawanshahr,31.061256,76.257952,rice,2023-11-22,3.29
NAW_0258,Nawanshahr,31.12975,76.01271,rice,2023-11-28,4.13
NAW_0259,Nawanshahr,30.998689,76.068017,rice,2023-11-23,5.42
NAW_0260,Nawanshahr,31.261167,76.252719,rice,2023-11-03,4.89
NAW_0261,Nawanshahr,31.071199,75.992698,rice,2023-11-21,2.14
NAW_0262,Nawanshahr,31.173453,76.083896,rice,2023-11-03,5.4
NAW_0263,Nawanshahr,31.094729,76.085839,rice,2023-10-28,3.75
NAW_0264,Nawanshahr,31.061481,76.169473,rice,2023-11-18,3.6
NAW_0265,Nawanshahr,31.019137,76.110834,rice,2023-11-09,1.66
NAW_0266,Nawanshahr,31.106093,76.057266,rice,2023-11-26,3.45
NAW_0267,Nawanshahr,31.263032,76.066759,rice,2023-10-23,5.11
NAW_0268,Nawanshahr,31.062636,76.19633,rice,2023-11-22,5.93
NAW_0269,Nawanshahr,31.257126,76.149607,rice,2023-11-08,1.16
NAW_0270,Nawanshahr,31.06471,76.148368,rice,2023-10-21,2.62
NAW_0271,Nawanshahr,31.185726,76.200578,rice,2023-11-20,5.48
NAW_0272,Nawanshahr,31.00696,76.05418,rice,2023-10-23,4.98
NAW_0273,Nawanshahr,31.041445,76.041639,rice,2023-11-15,5.52
NAW_0274,Nawanshahr,31.217573,76.028664,rice,2023-11-28,1.9
NAW_0275,Nawanshahr,31.055847,76.032955,rice,2023-10-15,1.41
NAW_0276,Nawanshahr,31.19908,75.994284,rice,2023-11-28,3.49
NAW_0277,Nawanshahr,31.009838,75.997291,rice,2023-11-06,5.59
NAW_0278,Nawanshahr,31.168872,76.162392,rice,2023-10-25,2.14
NAW_0279,Nawanshahr,31.192613,76.170835,rice,2023-10-23,4.25
NAW_0280,Nawanshahr,31.232798,76.248907,rice,2023-11-05,5.98
NAW_0281,Nawanshahr,31.126727,75.989171,rice,2023-10-29,1.58
NAW_0282,Nawanshahr,31.074151,76.080941,rice,2023-10-25,4.18
NAW_0283,Nawanshahr,31.137193,76.161928,rice,2023-10-16,0.77
NAW_0284,Nawanshahr,30.994032,76.166342,rice,2023-11-28,3.5
NAW_0285,Nawanshahr,31.12517,76.218932,rice,2023-11-26,3.65
NAW_0286,Nawanshahr,31.25094,76.104839,rice,2023-10-22,3.69
NAW_0287,Nawanshahr,31.0096,76.077771,rice,2023-10-19,3.65
NAW_0288,Nawanshahr,31.155333,76.246235,rice,2023-10-16,4.01
NAW_0289,Nawanshahr,30.990835,76.213306,rice,2023-10-19,4.43
NAW_0290,Nawanshahr,31.063928,76.192863,rice,2023-10-30,5.6
NAW_0291,Nawanshahr,31.012209,76.132421,rice,2023-11-05,2.08
NAW_0292,Nawanshahr,31.085669,76.169325,rice,2023-11-08,2.11
NAW_0293,Nawanshahr,30.998576,76.195372,rice,2023-10-29,1.88
NAW_0294,Nawanshahr,31.259231,76.23156,rice,2023-11-12,5.8
NAW_0295,Nawanshahr,31.133426,76.045847,rice,2023-10-29,5.72
NAW_0296,Nawanshahr,31.239432,76.187462,rice,2023-10-22,3.31
NAW_0297,Nawanshahr,31.097634,76.176965,rice,2023-11-12,3.38
NAW_0298,Nawanshahr,31.180025,76.191053,rice,2023-10-15,2.98
NAW_0299,Nawanshahr,31.198639,76.006836,rice,2023-11-20,1.3
NAW_0300,Nawanshahr,31.085155,76.076374,rice,2023-10-25,2.56
NAW_0301,Nawanshahr,31.120431,76.102173,rice,2023-10-26,4.64
NAW_0302,Nawanshahr,31.029765,76.078198,rice,2023-11-06,0.5
NAW_0303,Nawanshahr,30.997904,76.149798,rice,2023-11-01,2.18
NAW_0304,Nawanshahr,31.102531,76.038765,rice,2023-11-24,1.29
NAW_0305,Nawanshahr,31.237547,76.140194,rice,2023-11-28,5.35
NAW_0306,Nawanshahr,31.15475,76.03048,rice,2023-11-16,4.42
NAW_0307,Nawanshahr,31.199386,76.095906,rice,2023-10-20,3.17
NAW_0308,Nawanshahr,31.08324,76.168277,rice,2023-11-12,1.86
NAW_0309,Nawanshahr,31.081692,76.093593,rice,2023-11-23,5.19
NAW_0310,Nawanshahr,31.162177,76.183303,rice,2023-11-12,2.11
NAW_0311,Nawanshahr,31.154476,76.009078,rice,2023-11-10,4.29
NAW_0312,Nawanshahr,31.040322,76.232587,rice,2023-11-05,2.79
NAW_0313,Nawanshahr,31.17792,76.11157,rice,2023-10-22,3.71
NAW_0314,Nawanshahr,31.02432,76.23892,rice,2023-11-17,4.13
NAW_0315,Nawanshahr,31.12218,76.169449,rice,2023-11-28,4.73
NAW_0316,Nawanshahr,31.105143,76.20541,rice,2023-10-27,2.01
NAW_0317,Nawanshahr,31.211278,76.233874,rice,2023-11-13,4.77
NAW_0318,Nawanshahr,31.187124,76.125584,rice,2023-11-29,1.08
NAW_0319,Nawanshahr,31.146759,76.137711,rice,2023-11-03,4.3
NAW_0320,Nawanshahr,31.031704,76.147051,rice,2023-10-17,3.1
NAW_0321,Nawanshahr,31.235015,76.045028,rice,2023-10-18,3.53
NAW_0322,Nawanshahr,31.118868,76.025163,rice,2023-10-22,3.88
NAW_0323,Nawanshahr,31.243629,76.187271,rice,2023-11-16,1.81
NAW_0324,Nawanshahr,31.146117,76.169705,rice,2023-10-24,5.88
NAW_0325,Nawanshahr,31.01935,76.132977,rice,2023-11-09,1.11
NAW_0326,Nawanshahr,31.262319,76.10941,rice,2023-11-29,4.45
NAW_0327,Nawanshahr,31.109076,76.215492,rice,2023-10-29,1.42
NAW_0328,Nawanshahr,31.199228,75.985807,rice,2023-11-25,2.02
NAW_0329,Nawanshahr,31.144656,76.148897,rice,2023-11-23,1.99
NAW_0330,Nawanshahr,31.038062,76.04712,rice,2023-10-31,1.22
NAW_0331,Nawanshahr,31.063126,76.209958,rice,2023-11-08,5.49
NAW_0332,Nawanshahr,31.058664,76.11775,rice,2023-10-28,1.42
NAW_0333,Nawanshahr,30.994787,76.155151,rice,2023-11-07,2.4
NAW_0334,Nawanshahr,31.104171,76.197773,rice,2023-10-30,2.7
NAW_0335,Nawanshahr,31.014194,76.058051,rice,2023-11-06,5.96
NAW_0336,Nawanshahr,31.030081,76.070566,rice,2023-11-10,3.17
NAW_0337,Nawanshahr,31.2545,76.010358,rice,2023-10-16,4.48
NAW_0338,Nawanshahr,31.075803,76.196651,rice,2023-11-20,3.66
NAW_0339,Nawanshahr,31.037981,76.060007,rice,2023-10-22,2.28
NAW_0340,Nawanshahr,31.198982,76.164883,rice,2023-10-30,5.01
NAW_0341,Nawanshahr,31.133023,76.078149,rice,2023-11-21,4.87
NAW_0342,Nawanshahr,31.010935,76.06441,rice,2023-10-18,4.18
NAW_0343,Nawanshahr,31.203968,75.999184,rice,2023-10-15,1.25
NAW_0344,Nawanshahr,31.202027,76.184359,rice,2023-11-11,4.61
NAW_0345,Nawanshahr,31.007852,76.136639,rice,2023-11-20,3.23
NAW_0346,Nawanshahr,31.267035,76.005332,rice,2023-10-26,3.77
NAW_0347,Nawanshahr,31.0362,76.122814,rice,2023-10-19,3.01
NAW_0348,Nawanshahr,31.169092,76.252774,rice,2023-11-07,4.93
NAW_0349,Nawanshahr,31.258387,76.033047,rice,2023-10-23,2.18
NAW_0350,Nawanshahr,30.999566,76.102146,rice,2023-11-29,1.85
NAW_0351,Nawanshahr,31.203394,76.004344,rice,2023-11-29,2.09
NAW_0352,Nawanshahr,31.047885,76.225179,rice,2023-11-09,3.34
NAW_0353,Nawanshahr,31.081124,76.188913,rice,2023-11-07,2.93
NAW_0354,Nawanshahr,31.040995,76.258415,rice,2023-11-23,2.47
NAW_0355,Nawanshahr,31.047541,76.008927,rice,2023-10-24,5.69
NAW_0356,Nawanshahr,31.255065,76.122221,rice,2023-10-20,4.31
NAW_0357,Nawanshahr,31.22314,76.136087,rice,2023-11-25,5.82
NAW_0358,Nawanshahr,31.03831,76.018859,rice,2023-11-14,4.64
NAW_0359,Nawanshahr,31.186932,76.032067,rice,2023-10-16,4.27
NAW_0360,Nawanshahr,31.128422,76.230173,rice,2023-10-28,5.1
NAW_0361,Nawanshahr,31.126394,76.166722,rice,2023-10-16,1.01
NAW_0362,Nawanshahr,31.109166,76.103167,rice,2023-11-13,5.44
NAW_0363,Nawanshahr,31.237879,75.996138,rice,2023-11-01,3.86
NAW_0364,Nawanshahr,30.994543,76.086863,rice,2023-11-22,5.38
NAW_0365,Nawanshahr,31.090305,76.169405,rice,2023-11-02,3.74
NAW_0366,Nawanshahr,31.124624,76.115056,rice,2023-11-10,5.46
NAW_0367,Nawanshahr,31.105869,76.033595,rice,2023-10-31,4.53
NAW_0368,Nawanshahr,31.123068,76.184987,rice,2023-11-03,1.82
NAW_0369,Nawanshahr,31.153173,76.222011,rice,2023-11-04,4.0
NAW_0370,Nawanshahr,31.180066,76.18711,rice,2023-11-08,2.43
NAW_0371,Nawanshahr,31.165517,76.096527,rice,2023-11-21,3.11
NAW_0372,Nawanshahr,31.104188,75.987243,rice,2023-11-01,4.58
NAW_0373,Nawanshahr,31.153615,76.018522,rice,2023-11-11,3.86
NAW_0374,Nawanshahr,31.135045,76.182558,rice,2023-10-27,3.19
NAW_0375,Nawanshahr,31.226498,76.001687,rice,2023-10-26,2.54
NAW_0376,Nawanshahr,31.075916,76.24422,rice,2023-11-12,5.25
NAW_0377,Nawanshahr,31.04144,75.996082,rice,2023-11-20,1.43
NAW_0378,Nawanshahr,31.24991,76.05765,rice,2023-11-23,2.76
NAW_0379,Nawanshahr,31.002595,76.130509,rice,2023-11-29,2.87
NAW_0380,Nawanshahr,31.247434,76.05072,rice,2023-10-23,3.99
NAW_0381,Nawanshahr,31.046557,76.150757,rice,2023-11-23,4.25
NAW_0382,Nawanshahr,31.205774,76.226589,rice,2023-10-28,5.55
NAW_0383,Nawanshahr,31.057565,76.016118,rice,2023-10-28,4.46
NAW_0384,Nawanshahr,31.04233,76.204047,rice,2023-10-17,5.81
NAW_0385,Nawanshahr,31.03143,76.059333,rice,2023-10-19,2.87
NAW_0386,Nawanshahr,31.109264,76.04079,rice,2023-11-08,5.39
NAW_0387,Nawanshahr,31.180845,76.023083,rice,2023-11-02,4.69
NAW_0388,Nawanshahr,30.99444,76.226517,rice,2023-10-15,3.41
NAW_0389,Nawanshahr,31.250424,76.19612,rice,2023-11-08,4.59
NAW_0390,Nawanshahr,31.151453,76.028457,rice,2023-11-25,4.5
NAW_0391,Nawanshahr,31.155846,76.107304,rice,2023-11-13,1.78
NAW_0392,Nawanshahr,31.10324,76.014775,rice,2023-11-09,2.75
NAW_0393,Nawanshahr,31.120741,76.220176,rice,2023-11-12,5.5
NAW_0394,Nawanshahr,31.261017,75.993717,rice,2023-11-08,3.78
NAW_0395,Nawanshahr,31.073785,76.218371,rice,2023-10-21,0.93
NAW_0396,Nawanshahr,31.050202,76.168689,rice,2023-11-06,0.94
NAW_0397,Nawanshahr,31.096142,76.224054,rice,2023-10-22,4.33
NAW_0398,Nawanshahr,31.179136,76.069806,rice,2023-10-16,1.12
NAW_0399,Nawanshahr,31.018674,76.251384,rice,2023-11-23,2.57
NAW_0400,Nawanshahr,31.223393,76.008934,rice,2023-11-15,1.2
NAW_0401,Nawanshahr,31.045318,76.193797,rice,2023-11-13,4.03
NAW_0402,Nawanshahr,31.055086,76.197644,rice,2023-11-02,4.91
NAW_0403,Nawanshahr,31.105712,76.038599,rice,2023-11-12,1.91
NAW_0404,Nawanshahr,31.031522,76.152423,rice,2023-11-12,3.32
NAW_0405,Nawanshahr,31.209368,76.061847,rice,2023-11-17,4.02
NAW_0406,Nawanshahr,31.186297,76.095742,rice,2023-10-25,2.93
NAW_0407,Nawanshahr,31.024593,76.111437,rice,2023-11-28,1.13
NAW_0408,Nawanshahr,31.149031,75.985149,rice,2023-11-28,2.29
NAW_0409,Nawanshahr,31.20312,76.138805,rice,2023-11-16,2.99
NAW_0410,Nawanshahr,31.012141,76.084588,rice,2023-10-18,4.73
NAW_0411,Nawanshahr,31.06231,76.106949,rice,2023-11-19,5.19
NAW_0412,Nawanshahr,31.024021,76.134117,rice,2023-11-07,0.67
NAW_0413,Nawanshahr,31.016134,76.041802,rice,2023-11-02,0.73
NAW_0414,Nawanshahr,31.254619,76.099747,rice,2023-11-17,5.11
NAW_0415,Nawanshahr,31.052125,76.074587,rice,2023-11-16,2.59
NAW_0416,Nawanshahr,31.132097,76.206591,rice,2023-11-17,4.08
NAW_0417,Nawanshahr,31.224045,76.004216,rice,2023-11-15,3.81
NAW_0418,Nawanshahr,31.159988,76.144867,rice,2023-11-11,4.48
NAW_0419,Nawanshahr,31.22633,76.044287,rice,2023-11-28,0.91
NAW_0420,Nawanshahr,31.03436,76.163667,rice,2023-10-19,2.79
NAW_0421,Nawanshahr,31.087857,76.234786,rice,2023-10-20,3.46
NAW_0422,Nawanshahr,31.11838,76.055723,rice,2023-11-25,3.03
NAW_0423,Nawanshahr,31.105057,75.981947,rice,2023-11-01,2.91
NAW_0424,Nawanshahr,31.052398,76.166553,rice,2023-11-18,2.96
NAW_0425,Nawanshahr,31.077844,76.044627,rice,2023-11-08,3.27
NAW_0426,Nawanshahr,31.095124,75.991292,rice,2023-10-17,4.97
NAW_0427,Nawanshahr,31.21632,76.117207,rice,2023-11-24,3.15
NAW_0428,Nawanshahr,31.037293,76.124927,rice,2023-11-22,2.22
NAW_0429,Nawanshahr,31.116662,76.251788,rice,2023-10-17,1.69
NAW_0430,Nawanshahr,31.025994,76.2275,rice,2023-10-31,0.58
NAW_0431,Nawanshahr,31.244087,75.997296,rice,2023-11-01,2.12
NAW_0432,Nawanshahr,31.059974,76.030382,rice,2023-11-18,1.24
NAW_0433,Nawanshahr,31.008546,76.023412,rice,2023-11-02,3.63
NAW_0434,Nawanshahr,31.068701,76.170367,rice,2023-11-11,4.73
NAW_0435,Nawanshahr,31.264449,76.103135,rice,2023-10-24,5.85
NAW_0436,Nawanshahr,31.253803,76.239545,rice,2023-11-01,3.85
NAW_0437,Nawanshahr,31.162965,76.239834,rice,2023-11-05,1.67
NAW_0438,Nawanshahr,31.265872,76.21578,rice,2023-11-06,0.81
NAW_0439,Nawanshahr,31.02149,76.226993,rice,2023-10-31,4.33
NAW_0440,Nawanshahr,31.02299,76.027749,rice,2023-10-28,4.61
NAW_0441,Nawanshahr,31.264202,76.120616,rice,2023-10-22,1.79
NAW_0442,Nawanshahr,31.049556,76.241876,rice,2023-10-16,2.81
NAW_0443,Nawanshahr,31.255348,76.220684,rice,2023-11-29,0.64
NAW_0444,Nawanshahr,31.262426,75.98282,rice,2023-11-04,5.21
NAW_0445,Nawanshahr,31.105705,76.064367,rice,2023-10-22,2.46
NAW_0446,Nawanshahr,31.182953,76.140362,rice,2023-11-02,1.91
NAW_0447,Nawanshahr,31.1377,76.093386,rice,2023-10-31,5.41
NAW_0448,Nawanshahr,31.162857,76.250303,rice,2023-11-26,2.56
NAW_0449,Nawanshahr,31.014632,75.993343,rice,2023-11-17,2.61
NAW_0450,Nawanshahr,31.230877,76.108446,rice,2023-11-22,0.56
NAW_0451,Nawanshahr,31.138022,76.146473,rice,2023-10-26,5.11
NAW_0452,Nawanshahr,31.170322,76.082127,rice,2023-11-04,4.45
NAW_0453,Nawanshahr,31.079492,76.214793,rice,2023-10-17,4.17
NAW_0454,Nawanshahr,31.106226,76.008331,rice,2023-10-27,3.96
NAW_0455,Nawanshahr,31.097255,76.157594,rice,2023-11-16,0.73
NAW_0456,Nawanshahr,31.047394,76.176118,rice,2023-11-08,3.07
NAW_0457,Nawanshahr,31.120611,75.980672,rice,2023-11-14,4.18
NAW_0458,Nawanshahr,31.238357,76.140722,rice,2023-10-28,3.47
NAW_0459,Nawanshahr,31.121688,76.169975,rice,2023-11-27,1.71
NAW_0460,Nawanshahr,31.189913,76.048279,rice,2023-11-20,0.67
NAW_0461,Nawanshahr,31.01091,75.993032,rice,2023-11-09,1.2
NAW_0462,Nawanshahr,31.013857,76.021324,rice,2023-10-27,0.71
NAW_0463,Nawanshahr,31.086194,76.210388,rice,2023-10-27,0.86
NAW_0464,Nawanshahr,31.094979,76.100354,rice,2023-11-09,1.45
NAW_0465,Nawanshahr,31.094443,76.074291,rice,2023-11-19,4.34
NAW_0466,Nawanshahr,31.124074,76.000707,rice,2023-11-06,0.8
NAW_0467,Nawanshahr,31.238629,76.174534,rice,2023-10-27,5.52
NAW_0468,Nawanshahr,31.141622,76.000643,rice,2023-11-14,4.43
NAW_0469,Nawanshahr,31.035436,76.166534,rice,2023-11-14,0.66
NAW_0470,Nawanshahr,31.005548,76.089937,rice,2023-11-02,3.77
NAW_0471,Nawanshahr,31.037851,76.00989,rice,2023-11-11,4.92
NAW_0472,Nawanshahr,31.209522,76.171559,rice,2023-11-01,2.84
NAW_0473,Nawanshahr,31.113743,76.043264,rice,2023-11-03,0.59
NAW_0474,Nawanshahr,31.230842,76.118932,rice,2023-10-21,0.52
NAW_0475,Nawanshahr,31.138169,76.052331,rice,2023-11-11,4.2
NAW_0476,Nawanshahr,31.216728,76.176135,rice,2023-11-03,5.43
NAW_0477,Nawanshahr,31.055729,76.165188,rice,2023-11-03,2.2
NAW_0478,Nawanshahr,31.213846,76.24326,rice,2023-11-24,4.04
NAW_0479,Nawanshahr,31.035994,76.053041,rice,2023-10-20,5.26
NAW_0480,Nawanshahr,30.996652,76.071373,rice,2023-11-15,1.78
NAW_0481,Nawanshahr,31.108177,76.195174,rice,2023-11-24,3.35
NAW_0482,Nawanshahr,31.160527,76.124389,rice,2023-11-07,4.29
NAW_0483,Nawanshahr,31.01997,75.986384,rice,2023-10-24,3.13
NAW_0484,Nawanshahr,31.073573,76.107205,rice,2023-11-22,4.08
NAW_0485,Nawanshahr,31.024077,76.126611,rice,2023-10-18,5.23
NAW_0486,Nawanshahr,31.147467,76.207041,rice,2023-10-20,4.47
NAW_0487,Nawanshahr,31.218272,76.075706,rice,2023-10-26,5.4
NAW_0488,Nawanshahr,31.237699,76.227316,rice,2023-10-21,5.94
NAW_0489,Nawanshahr,31.156927,76.123499,rice,2023-11-09,1.11
NAW_0490,Nawanshahr,31.209253,76.207423,rice,2023-11-20,3.67
NAW_0491,Nawanshahr,31.098618,76.163744,rice,2023-11-12,1.37
NAW_0492,Nawanshahr,31.077109,76.167998,rice,2023-11-26,5.08
NAW_0493,Nawanshahr,31.172579,76.145436,rice,2023-10-28,2.89
NAW_0494,Nawanshahr,31.239249,76.081259,rice,2023-10-18,2.6
NAW_0495,Nawanshahr,31.090116,76.08157,rice,2023-11-20,4.75
NAW_0496,Nawanshahr,31.117418,76.149984,rice,2023-11-02,2.93
NAW_0497,Nawanshahr,31.234674,76.03005,rice,2023-10-16,2.74
NAW_0498,Nawanshahr,31.262801,76.175943,rice,2023-10-20,3.89
NAW_0499,Nawanshahr,31.099294,76.062643,rice,2023-10-25,2.85
NAW_0500,Nawanshahr,31.189104,76.206923,rice,2023-11-28,4.12
NAW_0501,Nawanshahr,31.05513,76.060635,rice,2023-11-17,5.83
NAW_0502,Nawanshahr,31.223703,76.093123,rice,2023-10-16,5.41
NAW_0503,Nawanshahr,31.033031,75.991771,rice,2023-11-19,5.36
NAW_0504,Nawanshahr,31.034937,75.999075,rice,2023-10-21,1.52
NAW_0505,Nawanshahr,31.106218,76.119001,rice,2023-10-31,4.93
NAW_0506,Nawanshahr,31.258756,76.061434,rice,2023-10-25,5.62
NAW_0507,Nawanshahr,31.219017,76.228086,rice,2023-11-16,5.09
NAW_0508,Nawanshahr,31.154059,75.990712,rice,2023-10-17,4.65
NAW_0509,Nawanshahr,31.05768,76.203181,rice,2023-10-18,3.21
NAW_0510,Nawanshahr,30.996547,76.229109,rice,2023-11-12,1.31
NAW_0511,Nawanshahr,31.222315,76.172686,rice,2023-10-30,3.48
NAW_0512,Nawanshahr,31.259291,76.238386,rice,2023-10-18,1.3
NAW_0513,Nawanshahr,31.038491,76.023018,rice,2023-11-03,1.38
NAW_0514,Nawanshahr,31.008083,76.089293,rice,2023-11-18,5.82
NAW_0515,Nawanshahr,31.076313,76.182786,rice,2023-10-30,3.92
NAW_0516,Nawanshahr,31.152726,76.233168,rice,2023-10-21,4.44
NAW_0517,Nawanshahr,31.02382,76.093344,rice,2023-11-19,1.83
NAW_0518,Nawanshahr,31.261971,76.107608,rice,2023-10-15,5.27
NAW_0519,Nawanshahr,30.996644,76.226416,rice,2023-11-24,4.09
NAW_0520,Nawanshahr,31.02255,76.225285,rice,2023-11-24,5.45
NAW_0521,Nawanshahr,31.046293,76.243246,rice,2023-11-08,1.63
NAW_0522,Nawanshahr,31.10027,76.07427,rice,2023-11-24,3.24
NAW_0523,Nawanshahr,31.23892,76.224817,rice,2023-10-24,3.53
NAW_0524,Nawanshahr,31.13953,76.106112,rice,2023-10-23,4.43
NAW_0525,Nawanshahr,31.170872,76.05703,rice,2023-11-08,5.39
NAW_0526,Nawanshahr,31.081216,76.104344,rice,2023-10-31,5.85
NAW_0527,Nawanshahr,31.230039,76.17571,rice,2023-11-23,3.96
NAW_0528,Nawanshahr,31.169766,76.095237,rice,2023-10-28,0.7
NAW_0529,Nawanshahr,31.092628,76.122277,rice,2023-11-26,4.5
NAW_0530,Nawanshahr,31.020219,76.064398,rice,2023-11-27,3.37
NAW_0531,Nawanshahr,31.116312,75.981434,rice,2023-11-09,5.47
NAW_0532,Nawanshahr,31.248648,76.099995,rice,2023-11-27,5.08
NAW_0533,Nawanshahr,31.18839,76.123289,rice,2023-10-26,1.42
NAW_0534,Nawanshahr,31.056705,76.230855,rice,2023-10-18,4.16
NAW_0535,Nawanshahr,31.265249,76.138601,rice,2023-11-20,3.13
NAW_0536,Nawanshahr,31.0213,76.232382,rice,2023-10-18,2.03
NAW_0537,Nawanshahr,31.045236,76.123257,rice,2023-11-04,3.31
NAW_0538,Nawanshahr,31.000701,76.188028,rice,2023-11-21,0.69
NAW_0539,Nawanshahr,31.159226,76.152741,rice,2023-10-20,2.96
NAW_0540,Nawanshahr,30.991734,76.05943,rice,2023-10-24,3.91
NAW_0541,Nawanshahr,31.069567,75.993337,rice,2023-10-18,4.58
NAW_0542,Nawanshahr,31.231636,76.225153,rice,2023-11-15,3.23
NAW_0543,Nawanshahr,31.104061,76.144042,rice,2023-10-18,3.11
NAW_0544,Nawanshahr,31.268647,76.158504,rice,2023-11-20,2.19
NAW_0545,Nawanshahr,31.212239,76.022215,rice,2023-10-22,2.37
NAW_0546,Nawanshahr,31.181813,76.155086,rice,2023-11-27,1.03
NAW_0547,Nawanshahr,31.192054,76.067309,rice,2023-11-11,1.03
NAW_0548,Nawanshahr,31.216824,76.220876,rice,2023-11-01,1.24
NAW_0549,Nawanshahr,31.217531,76.23144,rice,2023-10-25,5.99
NAW_0550,Nawanshahr,30.991274,76.215874,rice,2023-10-19,3.57
NAW_0551,Nawanshahr,31.258039,76.074668,rice,2023-11-25,5.12
NAW_0552,Nawanshahr,31.188992,76.148145,rice,2023-10-31,4.04
NAW_0553,Nawanshahr,31.181139,75.993396,rice,2023-11-05,1.5
NAW_0554,Nawanshahr,31.0395,76.216014,rice,2023-10-20,2.67
NAW_0555,Nawanshahr,31.127039,76.005031,rice,2023-11-03,0.56
NAW_0556,Nawanshahr,31.013323,76.207391,rice,2023-11-24,1.22
NAW_0557,Nawanshahr,31.21214,76.078117,rice,2023-11-08,0.78
NAW_0558,Nawanshahr,31.085553,76.114757,rice,2023-11-19,3.94
NAW_0559,Nawanshahr,31.224142,76.048451,rice,2023-11-23,1.33
NAW_0560,Nawanshahr,31.212647,76.241302,rice,2023-11-14,0.76
NAW_0561,Nawanshahr,31.01236,76.200511,rice,2023-11-01,4.07
NAW_0562,Nawanshahr,31.119132,76.195339,rice,2023-11-24,2.15
NAW_0563,Nawanshahr,31.267691,76.217438,rice,2023-10-18,5.2
NAW_0564,Nawanshahr,31.251208,75.998059,rice,2023-11-24,5.5
NAW_0565,Nawanshahr,31.059609,76.080568,rice,2023-11-13,1.78
NAW_0566,Nawanshahr,31.112759,76.121546,rice,2023-11-01,1.32
NAW_0567,Nawanshahr,31.090665,76.077481,rice,2023-11-22,3.69
NAW_0568,Nawanshahr,31.190511,76.199504,rice,2023-11-15,4.17
NAW_0569,Nawanshahr,31.057548,76.120593,rice,2023-11-19,0.91
NAW_0570,Nawanshahr,31.240455,76.005602,rice,2023-11-05,5.87
NAW_0571,Nawanshahr,30.998889,76.18431,rice,2023-11-13,5.48
NAW_0572,Nawanshahr,31.220729,75.987003,rice,2023-10-28,0.62
NAW_0573,Nawanshahr,31.158893,76.021886,rice,2023-11-08,5.82
NAW_0574,Nawanshahr,31.167202,75.983033,rice,2023-10-15,3.2
NAW_0575,Nawanshahr,31.03411,76.205451,rice,2023-11-03,2.54
NAW_0576,Nawanshahr,31.056648,76.254644,rice,2023-10-16,0.93
NAW_0577,Nawanshahr,31.191569,76.113848,rice,2023-11-15,1.68
NAW_0578,Nawanshahr,31.229483,76.246103,rice,2023-11-21,1.67
NAW_0579,Nawanshahr,31.057969,76.249827,rice,2023-11-15,5.09
NAW_0580,Nawanshahr,31.22588,76.067039,rice,2023-11-03,1.48
NAW_0581,Nawanshahr,31.092628,76.145733,rice,2023-11-04,4.55
NAW_0582,Nawanshahr,31.143667,76.205544,rice,2023-11-06,1.07
NAW_0583,Nawanshahr,31.112946,75.984498,rice,2023-10-21,2.32
NAW_0584,Nawanshahr,31.242424,76.086443,rice,2023-10-20,2.0
NAW_0585,Nawanshahr,31.177821,76.176972,rice,2023-10-18,2.09
NAW_0586,Nawanshahr,31.074507,76.031953,rice,2023-11-06,2.49
NAW_0587,Nawanshahr,31.037111,76.160018,rice,2023-11-19,1.9
NAW_0588,Nawanshahr,31.05782,76.231483,rice,2023-11-25,3.62
NAW_0589,Nawanshahr,31.194337,76.228958,rice,2023-11-09,4.58
NAW_0590,Nawanshahr,31.098345,76.242687,rice,2023-11-14,4.37
NAW_0591,Nawanshahr,31.010074,76.146661,rice,2023-10-30,3.37
NAW_0592,Nawanshahr,31.014776,76.155628,rice,2023-10-19,3.01
NAW_0593,Nawanshahr,31.144862,76.161706,rice,2023-10-29,2.26
NAW_0594,Nawanshahr,31.124979,76.138567,rice,2023-10-26,5.58
NAW_0595,Nawanshahr,31.088533,76.145684,rice,2023-11-18,4.45
NAW_0596,Nawanshahr,31.081936,76.096118,rice,2023-11-26,5.33
NAW_0597,Nawanshahr,31.112552,76.050572,rice,2023-11-16,1.52
NAW_0598,Nawanshahr,31.152973,76.25762,rice,2023-11-08,5.83
NAW_0599,Nawanshahr,31.161864,76.228158,rice,2023-11-13,5.73
NAW_0600,Nawanshahr,31.234467,76.231953,rice,2023-11-21,1.76
ROP_0001,Ropar,30.867245,76.390312,wheat,2023-11-09,5.63
ROP_0002,Ropar,31.101278,76.616656,wheat,2023-11-14,5.07
ROP_0003,Ropar,30.968287,76.504548,wheat,2023-11-11,0.62
ROP_0004,Ropar,31.045411,76.562095,wheat,2023-11-13,1.44
ROP_0005,Ropar,31.000995,76.545851,wheat,2023-10-16,5.11
ROP_0006,Ropar,30.893957,76.606054,wheat,2023-11-20,1.5
ROP_0007,Ropar,30.93338,76.515941,wheat,2023-11-25,5.46
ROP_0008,Ropar,30.827821,76.584428,wheat,2023-11-21,5.33
ROP_0009,Ropar,31.090205,76.453009,wheat,2023-11-09,3.24
ROP_0010,Ropar,31.075281,76.466372,wheat,2023-10-22,3.28
ROP_0011,Ropar,31.101755,76.505689,wheat,2023-11-10,5.98
ROP_0012,Ropar,30.925832,76.45442,wheat,2023-11-12,2.06
ROP_0013,Ropar,30.995764,76.423557,wheat,2023-10-17,1.93
ROP_0014,Ropar,30.974462,76.614369,wheat,2023-10-22,3.41
ROP_0015,Ropar,31.04214,76.646116,wheat,2023-11-20,4.04
ROP_0016,Ropar,30.825294,76.503555,wheat,2023-11-18,1.97
ROP_0017,Ropar,30.966478,76.644304,wheat,2023-11-22,1.38
ROP_0018,Ropar,31.054251,76.655363,wheat,2023-10-29,4.79
ROP_0019,Ropar,30.86175,76.532195,wheat,2023-11-06,3.98
ROP_0020,Ropar,31.010211,76.603985,wheat,2023-11-02,1.82
ROP_0021,Ropar,31.09311,76.438113,wheat,2023-11-07,5.06
ROP_0022,Ropar,30.95271,76.515264,wheat,2023-10-20,2.25
ROP_0023,Ropar,30.835996,76.432208,wheat,2023-11-22,1.73
ROP_0024,Ropar,31.100946,76.598143,wheat,2023-11-19,5.17
ROP_0025,Ropar,31.067519,76.579293,wheat,2023-10-25,5.54
ROP_0026,Ropar,30.942427,76.404829,wheat,2023-11-05,3.78
ROP_0027,Ropar,30.852558,76.561509,wheat,2023-11-29,4.21
ROP_0028,Ropar,30.881955,76.416601,wheat,2023-11-29,2.46
ROP_0029,Ropar,30.863814,76.537514,wheat,2023-10-15,4.12
ROP_0030,Ropar,30.995816,76.49997,wheat,2023-11-20,1.45
ROP_0031,Ropar,31.001578,76.495417,wheat,2023-10-20,4.13
ROP_0032,Ropar,30.92899,76.425132,wheat,2023-10-29,3.16
ROP_0033,Ropar,30.903971,76.583377,wheat,2023-11-17,5.19
ROP_0034,Ropar,30.952177,76.382464,wheat,2023-10-17,1.23
ROP_0035,Ropar,31.087723,76.528362,wheat,2023-11-11,5.36
ROP_0036,Ropar,30.912686,76.531137,wheat,2023-11-19,4.08
ROP_0037,Ropar,31.058644,76.495625,wheat,2023-11-23,3.84
ROP_0038,Ropar,31.067684,76.40134,wheat,2023-11-27,3.05
ROP_0039,Ropar,30.873167,76.633327,wheat,2023-11-11,4.42
ROP_0040,Ropar,30.840603,76.434236,wheat,2023-10-25,2.26
ROP_0041,Ropar,31.041925,76.448327,wheat,2023-10-31,4.84
ROP_0042,Ropar,31.100817,76.567599,wheat,2023-11-21,4.01
ROP_0043,Ropar,30.99143,76.408693,wheat,2023-11-05,5.18
ROP_0044,Ropar,30.82884,76.413463,wheat,2023-11-07,3.8
ROP_0045,Ropar,31.060164,76.464053,wheat,2023-11-11,2.36
ROP_0046,Ropar,30.953328,76.644849,wheat,2023-11-24,2.8
ROP_0047,Ropar,30.990855,76.63993,wheat,2023-11-04,1.01
ROP_0048,Ropar,31.091248,76.534752,wheat,2023-10-27,5.81
ROP_0049,Ropar,31.065688,76.544495,wheat,2023-11-01,3.14
ROP_0050,Ropar,30.869485,76.504997,wheat,2023-11-05,5.02
ROP_0051,Ropar,31.099861,76.646896,wheat,2023-10-19,0.6
ROP_0052,Ropar,30.967416,76.434037,wheat,2023-11-28,3.88
ROP_0053,Ropar,31.087834,76.623462,wheat,2023-10-17,2.51
ROP_0054,Ropar,30.963328,76.456944,wheat,2023-11-23,3.55
ROP_0055,Ropar,30.907949,76.604445,wheat,2023-11-02,4.35
ROP_0056,Ropar,31.067347,76.46193,wheat,2023-11-05,3.92
ROP_0057,Ropar,31.059828,76.644205,wheat,2023-11-29,4.25
ROP_0058,Ropar,30.944861,76.457946,wheat,2023-10-22,1.37
ROP_0059,Ropar,30.986907,76.471545,wheat,2023-11-08,2.05
ROP_0060,Ropar,30.823166,76.592824,wheat,2023-11-14,1.39
ROP_0061,Ropar,30.893701,76.443899,wheat,2023-11-26,3.17
ROP_0062,Ropar,31.050487,76.560062,wheat,2023-10-30,1.3
ROP_0063,Ropar,30.874429,76.615178,wheat,2023-11-06,1.7
ROP_0064,Ropar,30.824,76.594741,wheat,2023-10-26,4.56
ROP_0065,Ropar,30.920332,76.380048,wheat,2023-11-24,1.05
ROP_0066,Ropar,30.951931,76.613241,wheat,2023-11-20,1.84
ROP_0067,Ropar,30.929307,76.56304,wheat,2023-10-29,3.04
ROP_0068,Ropar,30.944451,76.495463,wheat,2023-11-14,3.17
ROP_0069,Ropar,30.920061,76.449796,wheat,2023-10-31,3.13
ROP_0070,Ropar,30.929999,76.541951,wheat,2023-10-29,3.97
ROP_0071,Ropar,31.10192,76.550247,wheat,2023-11-04,1.04
ROP_0072,Ropar,31.035926,76.520493,wheat,2023-11-17,5.27
ROP_0073,Ropar,31.094854,76.442502,wheat,2023-10-28,4.19
ROP_0074,Ropar,31.029952,76.510261,wheat,2023-11-26,2.45
ROP_0075,Ropar,31.04701,76.384152,wheat,2023-11-29,0.91
ROP_0076,Ropar,30.894298,76.581056,wheat,2023-11-08,4.65
ROP_0077,Ropar,31.071932,76.578322,wheat,2023-11-04,5.7
ROP_0078,Ropar,30.973475,76.561087,wheat,2023-11-15,5.27
ROP_0079,Ropar,31.036835,76.593579,wheat,2023-11-07,3.4
ROP_0080,Ropar,31.004638,76.574153,wheat,2023-11-08,3.5
ROP_0081,Ropar,30.874931,76.447555,wheat,2023-10-19,1.62
ROP_0082,Ropar,30.941576,76.419199,wheat,2023-11-06,1.3
ROP_0083,Ropar,31.0591,76.52983,wheat,2023-11-06,0.56
ROP_0084,Ropar,30.902977,76.382951,wheat,2023-11-19,0.52
ROP_0085,Ropar,30.831965,76.524027,wheat,2023-10-31,4.89
ROP_0086,Ropar,30.967533,76.446699,wheat,2023-10-19,5.11
ROP_0087,Ropar,30.965699,76.476224,wheat,2023-11-27,4.2
ROP_0088,Ropar,30.979465,76.63918,wheat,2023-11-10,2.45
ROP_0089,Ropar,30.937786,76.618479,wheat,2023-11-19,5.81
ROP_0090,Ropar,31.044806,76.52162,wheat,2023-11-13,3.99
ROP_0091,Ropar,30.936704,76.413741,wheat,2023-10-23,2.05
ROP_0092,Ropar,31.012862,76.565375,wheat,2023-11-02,5.66
ROP_0093,Ropar,30.845248,76.508919,wheat,2023-10-30,3.4
ROP_0094,Ropar,30.856478,76.515599,wheat,2023-11-02,4.11
ROP_0095,Ropar,30.91086,76.560124,wheat,2023-11-18,2.53
ROP_0096,Ropar,31.077041,76.385016,wheat,2023-10-27,2.0
ROP_0097,Ropar,31.085003,76.419172,wheat,2023-11-12,3.0
ROP_0098,Ropar,31.005741,76.549297,wheat,2023-11-02,3.95
ROP_0099,Ropar,31.086315,76.48798,wheat,2023-11-05,5.8
ROP_0100,Ropar,30.858883,76.643499,wheat,2023-11-06,5.72
ROP_0101,Ropar,31.089973,76.396768,wheat,2023-10-16,5.11
ROP_0102,Ropar,30.910836,76.543357,wheat,2023-11-10,1.91
ROP_0103,Ropar,30.859292,76.616632,wheat,2023-11-15,0.88
ROP_0104,Ropar,30.85697,76.54281,wheat,2023-11-29,0.97
ROP_0105,Ropar,30.999726,76.579456,wheat,2023-11-11,4.66
ROP_0106,Ropar,30.854816,76.462346,wheat,2023-11-03,4.94
ROP_0107,Ropar,30.847737,76.457824,wheat,2023-11-29,1.86
ROP_0108,Ropar,30.957645,76.612414,wheat,2023-11-12,1.98
ROP_0109,Ropar,30.945038,76.383111,wheat,2023-11-26,2.45
ROP_0110,Ropar,31.063815,76.402797,wheat,2023-11-16,4.8
ROP_0111,Ropar,31.050863,76.595299,wheat,2023-11-08,1.81
ROP_0112,Ropar,30.939685,76.486067,wheat,2023-11-17,1.83
ROP_0113,Ropar,30.960673,76.573309,wheat,2023-11-13,5.86
ROP_0114,Ropar,31.021452,76.501956,wheat,2023-11-06,2.72
ROP_0115,Ropar,30.98641,76.498894,wheat,2023-11-12,3.37
ROP_0116,Ropar,31.01136,76.478365,wheat,2023-10-25,2.06
ROP_0117,Ropar,30.88387,76.47959,wheat,2023-11-19,4.7
ROP_0118,Ropar,31.00184,76.458341,wheat,2023-10-26,5.96
ROP_0119,Ropar,31.003788,76.417892,wheat,2023-11-27,4.65
ROP_0120,Ropar,30.963008,76.44337,wheat,2023-11-22,4.96
ROP_0121,Ropar,30.857865,76.49505,wheat,2023-11-23,4.91
ROP_0122,Ropar,30.99937,76.380168,wheat,2023-11-21,2.33
ROP_0123,Ropar,31.061895,76.579982,wheat,2023-11-18,0.85
ROP_0124,Ropar,31.086415,76.442134,wheat,2023-11-21,2.33
ROP_0125,Ropar,31.058363,76.491741,wheat,2023-11-13,3.54
ROP_0126,Ropar,31.065501,76.421715,wheat,2023-11-13,1.04
ROP_0127,Ropar,31.000059,76.6145,wheat,2023-10-30,2.7
ROP_0128,Ropar,31.02876,76.48742,wheat,2023-11-26,2.25
ROP_0129,Ropar,30.829779,76.448031,wheat,2023-11-04,1.98
ROP_0130,Ropar,30.903844,76.618495,wheat,2023-10-22,1.62
ROP_0131,Ropar,31.052404,76.618616,wheat,2023-10-24,4.48
ROP_0132,Ropar,30.91221,76.382976,wheat,2023-11-05,4.4
ROP_0133,Ropar,30.992796,76.507182,wheat,2023-10-31,4.5
ROP_0134,Ropar,30.942163,76.392946,wheat,2023-11-25,5.32
ROP_0135,Ropar,31.0987,76.555666,wheat,2023-10-18,3.28
ROP_0136,Ropar,30.88926,76.633379,wheat,2023-11-19,4.29
ROP_0137,Ropar,30.976598,76.568984,wheat,2023-10-17,0.82
ROP_0138,Ropar,31.007924,76.379461,wheat,2023-11-07,1.71
ROP_0139,Ropar,30.866674,76.473234,wheat,2023-11-08,0.94
ROP_0140,Ropar,30.923074,76.590677,wheat,2023-11-25,5.25
ROP_0141,Ropar,31.029116,76.648259,wheat,2023-11-16,4.6
ROP_0142,Ropar,30.941179,76.462575,wheat,2023-11-16,3.04
ROP_0143,Ropar,31.038017,76.560074,wheat,2023-11-16,3.95
ROP_0144,Ropar,31.028268,76.421587,wheat,2023-11-19,2.28
ROP_0145,Ropar,30.980134,76.382633,wheat,2023-10-21,1.82
ROP_0146,Ropar,30.847781,76.56399,wheat,2023-11-25,1.57
ROP_0147,Ropar,30.980342,76.447713,wheat,2023-11-29,4.54
ROP_0148,Ropar,30.931744,76.538843,wheat,2023-10-22,1.69
ROP_0149,Ropar,30.977676,76.495945,wheat,2023-10-27,4.5
ROP_0150,Ropar,30.977662,76.637655,wheat,2023-10-17,4.94
ROP_0151,Ropar,30.982913,76.390057,wheat,2023-11-04,3.52
ROP_0152,Ropar,31.056809,76.539769,wheat,2023-11-18,0.51
ROP_0153,Ropar,31.051175,76.601797,wheat,2023-10-26,4.26
ROP_0154,Ropar,30.970308,76.543177,wheat,2023-10-19,5.39
ROP_0155,Ropar,30.892879,76.381685,wheat,2023-11-27,5.53
ROP_0156,Ropar,30.882198,76.566863,wheat,2023-10-24,4.84
ROP_0157,Ropar,31.050699,76.380922,wheat,2023-11-12,5.94
ROP_0158,Ropar,30.97068,76.395837,wheat,2023-10-15,0.65
ROP_0159,Ropar,31.050016,76.631387,wheat,2023-11-11,2.54
ROP_0160,Ropar,31.01966,76.384269,wheat,2023-11-08,5.44
ROP_0161,Ropar,30.894705,76.431454,wheat,2023-11-23,0.85
ROP_0162,Ropar,30.932077,76.578129,wheat,2023-10-29,3.24
ROP_0163,Ropar,31.010034,76.437856,wheat,2023-10-23,3.36
ROP_0164,Ropar,30.983316,76.430191,wheat,2023-11-02,4.94
ROP_0165,Ropar,30.848261,76.40552,wheat,2023-10-17,4.1
ROP_0166,Ropar,30.844584,76.380163,wheat,2023-10-26,3.1
ROP_0167,Ropar,30.920064,76.421889,wheat,2023-11-03,4.03
ROP_0168,Ropar,30.85713,76.442344,wheat,2023-11-14,2.51
ROP_0169,Ropar,31.100211,76.593205,wheat,2023-11-27,5.81
ROP_0170,Ropar,30.950381,76.484493,wheat,2023-10-30,5.69
ROP_0171,Ropar,31.029129,76.531396,wheat,2023-11-25,5.85
ROP_0172,Ropar,30.865812,76.475195,wheat,2023-11-11,2.82
ROP_0173,Ropar,31.098716,76.401574,wheat,2023-11-01,2.89
ROP_0174,Ropar,30.870388,76.569752,wheat,2023-10-20,2.48
ROP_0175,Ropar,31.059938,76.587611,wheat,2023-11-08,5.15
ROP_0176,Ropar,30.851229,76.540708,wheat,2023-11-05,3.83
ROP_0177,Ropar,30.891886,76.391894,wheat,2023-11-13,3.33
ROP_0178,Ropar,31.006011,76.43762,wheat,2023-11-08,1.49
ROP_0179,Ropar,31.096816,76.409833,wheat,2023-10-28,4.46
ROP_0180,Ropar,30.99921,76.473139,wheat,2023-11-29,5.27
ROP_0181,Ropar,31.077817,76.580128,wheat,2023-11-01,3.21
ROP_0182,Ropar,30.844794,76.657728,wheat,2023-11-16,0.59
ROP_0183,Ropar,30.961711,76.480798,wheat,2023-11-27,4.55
ROP_0184,Ropar,30.998854,76.398927,wheat,2023-11-19,1.8
ROP_0185,Ropar,30.849364,76.652113,wheat,2023-11-02,5.82
ROP_0186,Ropar,30.854559,76.619424,wheat,2023-10-20,3.66
ROP_0187,Ropar,31.055883,76.55553,wheat,2023-11-14,4.52
ROP_0188,Ropar,30.895852,76.639814,wheat,2023-11-19,4.04
ROP_0189,Ropar,30.879584,76.463692,wheat,2023-11-28,5.35
ROP_0190,Ropar,31.046091,76.462573,wheat,2023-11-08,4.29
ROP_0191,Ropar,30.823464,76.471139,wheat,2023-11-15,1.33
ROP_0192,Ropar,30.921951,76.378292,wheat,2023-11-22,0.63
ROP_0193,Ropar,30.863885,76.406522,wheat,2023-10-25,5.45
ROP_0194,Ropar,30.8467,76.621554,wheat,2023-11-06,4.17
ROP_0195,Ropar,30.870291,76.459126,wheat,2023-10-15,4.84
ROP_0196,Ropar,31.026028,76.463235,wheat,2023-10-23,0.8
ROP_0197,Ropar,30.870247,76.554365,wheat,2023-11-29,3.45
ROP_0198,Ropar,30.99462,76.570571,wheat,2023-10-19,1.19
ROP_0199,Ropar,30.951718,76.507751,wheat,2023-11-25,3.08
ROP_0200,Ropar,30.936903,76.412569,wheat,2023-11-22,4.32
ROP_0201,Ropar,30.996541,76.578746,wheat,2023-11-29,5.31
ROP_0202,Ropar,31.068657,76.464151,wheat,2023-11-14,1.5
ROP_0203,Ropar,31.082414,76.577651,wheat,2023-10-18,3.23
ROP_0204,Ropar,31.092428,76.412361,wheat,2023-11-28,3.75
ROP_0205,Ropar,30.962086,76.378741,wheat,2023-11-29,1.34
ROP_0206,Ropar,30.840027,76.643482,wheat,2023-10-23,5.81
ROP_0207,Ropar,31.07269,76.654887,wheat,2023-11-09,5.63
ROP_0208,Ropar,30.878337,76.449927,wheat,2023-11-22,5.24
ROP_0209,Ropar,30.95725,76.578752,wheat,2023-10-29,2.18
ROP_0210,Ropar,30.902754,76.58749,wheat,2023-11-09,3.43
ROP_0211,Ropar,30.923628,76.550771,wheat,2023-10-23,3.11
ROP_0212,Ropar,31.012815,76.50623,wheat,2023-11-03,5.72
ROP_0213,Ropar,30.958854,76.64731,wheat,2023-11-09,5.4
ROP_0214,Ropar,31.036717,76.547267,wheat,2023-11-22,3.43
ROP_0215,Ropar,30.977463,76.434407,wheat,2023-11-06,0.69
ROP_0216,Ropar,31.031757,76.412962,wheat,2023-10-24,3.7
ROP_0217,Ropar,30.861618,76.396633,wheat,2023-10-26,5.3
ROP_0218,Ropar,30.922684,76.635384,wheat,2023-11-08,0.56
ROP_0219,Ropar,30.953407,76.419094,wheat,2023-11-09,0.63
ROP_0220,Ropar,30.832897,76.577588,wheat,2023-10-29,4.1
ROP_0221,Ropar,30.881334,76.630322,wheat,2023-11-14,2.35
ROP_0222,Ropar,30.937143,76.459916,wheat,2023-11-15,5.07
ROP_0223,Ropar,30.961309,76.415886,wheat,2023-11-10,2.13
ROP_0224,Ropar,30.935883,76.543939,wheat,2023-10-24,5.8
ROP_0225,Ropar,30.89634,76.469953,wheat,2023-11-21,2.55
ROP_0226,Ropar,31.012022,76.647657,wheat,2023-10-16,4.57
ROP_0227,Ropar,30.856039,76.627211,wheat,2023-11-01,1.54
ROP_0228,Ropar,31.084616,76.577948,wheat,2023-11-22,4.81
ROP_0229,Ropar,30.951559,76.434191,wheat,2023-11-07,3.13
ROP_0230,Ropar,31.09388,76.420934,wheat,2023-11-20,2.45
ROP_0231,Ropar,31.028953,76.538239,wheat,2023-11-24,4.36
ROP_0232,Ropar,31.028338,76.539644,wheat,2023-11-03,2.26
ROP_0233,Ropar,30.996253,76.530668,wheat,2023-11-12,4.09
ROP_0234,Ropar,30.962096,76.383237,wheat,2023-11-20,1.42
ROP_0235,Ropar,30.917246,76.546386,wheat,2023-10-29,5.78
ROP_0236,Ropar,30.990946,76.582076,wheat,2023-11-20,3.92
ROP_0237,Ropar,30.943478,76.548709,wheat,2023-10-30,3.0
ROP_0238,Ropar,31.078081,76.535881,wheat,2023-11-02,1.05
ROP_0239,Ropar,30.969654,76.644913,wheat,2023-11-01,5.84
ROP_0240,Ropar,31.099539,76.535,wheat,2023-10-19,2.33
ROP_0241,Ropar,30.825418,76.382341,wheat,2023-10-15,4.81
ROP_0242,Ropar,31.086865,76.421338,wheat,2023-11-01,3.18
ROP_0243,Ropar,30.963483,76.484485,wheat,2023-11-28,5.59
ROP_0244,Ropar,30.945788,76.416578,wheat,2023-11-08,4.16
ROP_0245,Ropar,30.831785,76.641232,wheat,2023-11-21,1.01
ROP_0246,Ropar,30.977248,76.601269,wheat,2023-11-27,3.06
ROP_0247,Ropar,30.957056,76.649656,wheat,2023-11-21,3.39
ROP_0248,Ropar,30.855191,76.462683,wheat,2023-10-25,5.18
ROP_0249,Ropar,31.023606,76.549361,wheat,2023-11-22,5.18
ROP_0250,Ropar,30.906471,76.527795,wheat,2023-10-20,1.78
ROP_0251,Ropar,30.968806,76.535399,wheat,2023-11-14,3.28
ROP_0252,Ropar,30.936695,76.573299,wheat,2023-10-30,3.49
ROP_0253,Ropar,31.068861,76.3919,wheat,2023-11-20,1.54
ROP_0254,Ropar,30.856201,76.525251,wheat,2023-10-16,1.6
ROP_0255,Ropar,30.827494,76.457134,wheat,2023-10-20,4.43
ROP_0256,Ropar,30.945751,76.64756,wheat,2023-11-07,1.6
ROP_0257,Ropar,30.966937,76.448891,wheat,2023-11-08,1.53
ROP_0258,Ropar,31.092248,76.57865,wheat,2023-11-21,3.56
ROP_0259,Ropar,30.972057,76.479492,wheat,2023-11-19,5.53
ROP_0260,Ropar,31.045582,76.41576,wheat,2023-10-15,1.17
ROP_0261,Ropar,30.909268,76.591679,wheat,2023-10-21,4.1
ROP_0262,Ropar,30.824734,76.636637,wheat,2023-11-07,1.41
ROP_0263,Ropar,30.912292,76.643202,wheat,2023-10-29,3.31
ROP_0264,Ropar,31.064616,76.395153,wheat,2023-11-17,0.92
ROP_0265,Ropar,30.866445,76.45208,wheat,2023-11-18,3.43
ROP_0266,Ropar,30.942292,76.597125,wheat,2023-11-16,2.24
ROP_0267,Ropar,30.846928,76.489095,wheat,2023-10-24,3.11
ROP_0268,Ropar,31.096601,76.617716,wheat,2023-11-19,4.85
ROP_0269,Ropar,31.039491,76.540715,wheat,2023-10-31,3.74
ROP_0270,Ropar,30.92731,76.432852,wheat,2023-11-25,4.97
ROP_0271,Ropar,30.926918,76.599453,wheat,2023-11-14,2.69
ROP_0272,Ropar,30.918408,76.425626,wheat,2023-11-29,3.11
ROP_0273,Ropar,31.006125,76.46558,wheat,2023-10-29,3.45
ROP_0274,Ropar,30.900066,76.384583,wheat,2023-11-06,1.69
ROP_0275,Ropar,31.047882,76.455857,wheat,2023-10-17,2.84
ROP_0276,Ropar,31.014092,76.588675,wheat,2023-10-15,2.78
ROP_0277,Ropar,30.98312,76.586742,wheat,2023-11-22,4.02
ROP_0278,Ropar,31.016442,76.405629,wheat,2023-11-24,2.81
ROP_0279,Ropar,31.071908,76.423002,wheat,2023-11-23,4.23
ROP_0280,Ropar,31.075581,76.394531,wheat,2023-10-29,5.29
ROP_0281,Ropar,30.88469,76.61904,wheat,2023-11-26,4.77
ROP_0282,Ropar,31.081669,76.647124,wheat,2023-11-24,5.59
ROP_0283,Ropar,30.966676,76.507829,wheat,2023-11-27,1.69
ROP_0284,Ropar,31.005662,76.413656,wheat,2023-10-19,5.68
ROP_0285,Ropar,30.886573,76.402621,wheat,2023-11-12,0.77
ROP_0286,Ropar,30.869505,76.542552,wheat,2023-10-25,2.09
ROP_0287,Ropar,31.047325,76.491325,wheat,2023-10-30,4.4
ROP_0288,Ropar,30.861018,76.393843,wheat,2023-11-16,5.13
ROP_0289,Ropar,31.019238,76.426995,wheat,2023-10-25,2.31
ROP_0290,Ropar,30.838891,76.442054,wheat,2023-11-15,4.66
ROP_0291,Ropar,30.932404,76.530561,wheat,2023-11-06,1.01
ROP_0292,Ropar,30.889991,76.510311,wheat,2023-10-21,5.16
ROP_0293,Ropar,31.03675,76.422818,wheat,2023-11-18,1.74
ROP_0294,Ropar,31.061652,76.522437,wheat,2023-10-18,4.94
ROP_0295,Ropar,30.926483,76.543324,wheat,2023-10-22,3.95
ROP_0296,Ropar,30.954642,76.444987,wheat,2023-11-11,2.86
ROP_0297,Ropar,31.095932,76.454191,wheat,2023-11-21,5.7
ROP_0298,Ropar,30.981552,76.515014,wheat,2023-11-17,1.16
ROP_0299,Ropar,31.033915,76.633217,wheat,2023-11-18,1.61
ROP_0300,Ropar,31.080616,76.481675,wheat,2023-11-29,3.91
ROP_0301,Ropar,30.885622,76.447549,wheat,2023-10-29,3.17
ROP_0302,Ropar,31.093032,76.45205,wheat,2023-11-12,5.33
ROP_0303,Ropar,30.951933,76.415675,wheat,2023-11-17,4.66
ROP_0304,Ropar,31.054457,76.389078,wheat,2023-10-25,2.76
ROP_0305,Ropar,30.961368,76.550209,wheat,2023-11-28,5.07
ROP_0306,Ropar,30.899549,76.40934,wheat,2023-11-13,1.53
ROP_0307,Ropar,31.085317,76.531071,wheat,2023-11-10,4.82
ROP_0308,Ropar,30.987362,76.480852,wheat,2023-10-25,0.6
ROP_0309,Ropar,31.04218,76.578884,wheat,2023-10-15,1.96
ROP_0310,Ropar,30.899017,76.565718,wheat,2023-10-27,2.12
ROP_0311,Ropar,30.909902,76.483453,wheat,2023-11-22,3.03
ROP_0312,Ropar,30.928665,76.509606,wheat,2023-11-29,4.46
ROP_0313,Ropar,31.070433,76.655425,wheat,2023-11-25,3.03
ROP_0314,Ropar,30.915487,76.596146,wheat,2023-11-06,4.11
ROP_0315,Ropar,30.924742,76.523192,wheat,2023-10-19,4.32
ROP_0316,Ropar,30.893595,76.475873,wheat,2023-10-24,0.87
ROP_0317,Ropar,30.884564,76.432567,wheat,2023-10-24,4.32
ROP_0318,Ropar,30.97368,76.486376,wheat,2023-11-17,5.39
ROP_0319,Ropar,31.070543,76.546794,wheat,2023-11-22,4.88
ROP_0320,Ropar,31.025377,76.440972,wheat,2023-11-14,3.27
ROP_0321,Ropar,30.865528,76.604627,wheat,2023-11-14,5.89
ROP_0322,Ropar,30.861223,76.520841,wheat,2023-11-14,4.48
ROP_0323,Ropar,31.065856,76.616951,wheat,2023-10-30,5.9
ROP_0324,Ropar,31.097776,76.649336,wheat,2023-10-24,3.87
ROP_0325,Ropar,31.055942,76.399289,wheat,2023-10-23,1.01
ROP_0326,Ropar,30.964557,76.648124,wheat,2023-10-26,4.07
ROP_0327,Ropar,30.952151,76.599994,wheat,2023-11-28,3.02
ROP_0328,Ropar,30.999212,76.521304,wheat,2023-11-09,4.03
ROP_0329,Ropar,31.047738,76.507477,wheat,2023-10-31,3.57
ROP_0330,Ropar,31.076331,76.496435,wheat,2023-11-03,5.16
ROP_0331,Ropar,30.995806,76.381471,wheat,2023-10-18,1.66
ROP_0332,Ropar,30.865103,76.443643,wheat,2023-11-05,4.42
ROP_0333,Ropar,30.998667,76.528319,wheat,2023-11-22,2.64
ROP_0334,Ropar,31.071239,76.639087,wheat,2023-11-06,4.7
ROP_0335,Ropar,30.903703,76.633882,wheat,2023-10-28,1.18
ROP_0336,Ropar,30.91867,76.46973,wheat,2023-11-21,4.52
ROP_0337,Ropar,30.969692,76.452728,wheat,2023-11-19,3.02
ROP_0338,Ropar,31.009468,76.520443,wheat,2023-10-25,1.94
ROP_0339,Ropar,30.996596,76.657695,wheat,2023-11-23,3.41
ROP_0340,Ropar,30.928184,76.439156,wheat,2023-10-23,5.32
ROP_0341,Ropar,31.091176,76.476055,wheat,2023-11-24,1.0
ROP_0342,Ropar,30.995971,76.385433,wheat,2023-10-30,3.23
ROP_0343,Ropar,30.865788,76.566249,wheat,2023-10-24,0.99
ROP_0344,Ropar,31.040767,76.610559,wheat,2023-11-26,1.47
ROP_0345,Ropar,31.08134,76.551857,wheat,2023-10-23,4.19
ROP_0346,Ropar,30.903671,76.385115,wheat,2023-11-08,2.93
ROP_0347,Ropar,31.031137,76.635222,wheat,2023-10-23,1.95
ROP_0348,Ropar,30.859763,76.639938,wheat,2023-11-03,1.77
ROP_0349,Ropar,31.0781,76.429452,wheat,2023-11-16,1.73
ROP_0350,Ropar,30.960981,76.475637,wheat,2023-10-15,5.49
ROP_0351,Ropar,30.975624,76.410975,wheat,2023-11-16,2.64
ROP_0352,Ropar,31.013104,76.598129,wheat,2023-11-12,5.92
ROP_0353,Ropar,30.984461,76.48069,wheat,2023-10-20,2.71
ROP_0354,Ropar,30.94915,76.386416,wheat,2023-11-03,1.86
ROP_0355,Ropar,31.099573,76.637844,wheat,2023-11-22,5.89
ROP_0356,Ropar,31.044747,76.378769,wheat,2023-10-17,5.52
ROP_0357,Ropar,31.091903,76.554052,wheat,2023-10-20,2.33
ROP_0358,Ropar,30.98325,76.582834,wheat,2023-11-20,3.59
ROP_0359,Ropar,30.908289,76.559776,wheat,2023-11-18,5.1
ROP_0360,Ropar,30.860008,76.502718,wheat,2023-11-22,0.71
ROP_0361,Ropar,31.000175,76.445805,wheat,2023-10-17,3.9
ROP_0362,Ropar,30.935173,76.58281,wheat,2023-11-26,1.64
ROP_0363,Ropar,30.848601,76.402467,wheat,2023-11-06,5.39
ROP_0364,Ropar,30.885372,76.590814,wheat,2023-11-10,0.71
ROP_0365,Ropar,30.921935,76.561041,wheat,2023-11-10,5.69
ROP_0366,Ropar,31.00012,76.507549,wheat,2023-11-22,0.83
ROP_0367,Ropar,30.900181,76.636471,wheat,2023-11-06,2.38
ROP_0368,Ropar,30.892669,76.409824,wheat,2023-11-10,4.63
ROP_0369,Ropar,30.938465,76.640234,wheat,2023-10-22,5.0
ROP_0370,Ropar,30.859467,76.420254,wheat,2023-11-04,2.0
ROP_0371,Ropar,30.876546,76.651487,wheat,2023-11-11,2.42
ROP_0372,Ropar,30.96855,76.527309,wheat,2023-11-21,3.84
ROP_0373,Ropar,30.852013,76.475714,wheat,2023-11-04,5.55
ROP_0374,Ropar,30.935967,76.581565,wheat,2023-10-18,5.56
ROP_0375,Ropar,30.909642,76.402598,wheat,2023-10-26,4.19
ROP_0376,Ropar,30.962943,76.398987,wheat,2023-10-30,0.89
ROP_0377,Ropar,31.018877,76.584233,wheat,2023-11-21,4.87
ROP_0378,Ropar,30.919757,76.397099,wheat,2023-10-20,2.34
ROP_0379,Ropar,31.027533,76.561618,wheat,2023-11-02,2.04
ROP_0380,Ropar,30.940021,76.484851,wheat,2023-11-06,2.65
ROP_0381,Ropar,30.960114,76.505479,wheat,2023-11-26,2.1
ROP_0382,Ropar,30.859151,76.546587,wheat,2023-10-19,2.83
ROP_0383,Ropar,31.011139,76.402529,wheat,2023-11-14,1.49
ROP_0384,Ropar,30.848785,76.594565,wheat,2023-10-30,1.22
ROP_0385,Ropar,30.871976,76.480698,wheat,2023-10-15,5.56
ROP_0386,Ropar,31.099821,76.496272,wheat,2023-10-28,1.61
ROP_0387,Ropar,30.962471,76.516787,wheat,2023-10-19,0.61
ROP_0388,Ropar,30.858946,76.417482,wheat,2023-11-05,2.43
ROP_0389,Ropar,30.985621,76.623796,wheat,2023-10-21,4.74
ROP_0390,Ropar,30.886338,76.387133,wheat,2023-10-25,4.07
ROP_0391,Ropar,30.883097,76.635503,wheat,2023-11-17,1.08
ROP_0392,Ropar,30.877521,76.436916,wheat,2023-11-26,5.51
ROP_0393,Ropar,30.844847,76.588327,wheat,2023-11-21,3.7
ROP_0394,Ropar,30.872639,76.603828,wheat,2023-10-28,4.19
ROP_0395,Ropar,30.828921,76.444397,wheat,2023-10-18,3.42
ROP_0396,Ropar,31.054636,76.48635,wheat,2023-11-05,5.6
ROP_0397,Ropar,30.877288,76.61816,wheat,2023-10-26,3.95
ROP_0398,Ropar,31.093907,76.492964,wheat,2023-11-25,4.35
ROP_0399,Ropar,30.825827,76.454911,wheat,2023-11-13,5.32
ROP_0400,Ropar,31.089819,76.540241,wheat,2023-11-10,5.21
ROP_0401,Ropar,31.046785,76.594629,wheat,2023-11-24,3.13
ROP_0402,Ropar,30.959153,76.598488,wheat,2023-10-20,3.72
ROP_0403,Ropar,31.052559,76.645806,wheat,2023-10-17,4.85
ROP_0404,Ropar,30.979957,76.553197,wheat,2023-11-09,3.12
ROP_0405,Ropar,31.091687,76.606922,wheat,2023-10-29,2.31
ROP_0406,Ropar,30.958916,76.619615,wheat,2023-11-18,5.65
ROP_0407,Ropar,31.102314,76.58364,wheat,2023-10-18,1.02
ROP_0408,Ropar,31.033431,76.475088,wheat,2023-11-17,5.26
ROP_0409,Ropar,30.82615,76.639628,wheat,2023-11-23,1.2
ROP_0410,Ropar,30.99128,76.57177,wheat,2023-11-06,4.79
ROP_0411,Ropar,31.019517,76.532945,wheat,2023-11-12,5.25
ROP_0412,Ropar,31.098353,76.595842,wheat,2023-10-18,0.69
ROP_0413,Ropar,31.034595,76.453499,wheat,2023-10-29,0.85
ROP_0414,Ropar,30.848832,76.428784,wheat,2023-11-28,4.64
ROP_0415,Ropar,31.005393,76.581626,wheat,2023-10-22,5.34
ROP_0416,Ropar,30.947952,76.415552,wheat,2023-10-31,4.72
ROP_0417,Ropar,30.971271,76.544155,wheat,2023-11-14,4.41
ROP_0418,Ropar,30.832959,76.515529,wheat,2023-11-01,2.85
ROP_0419,Ropar,31.032014,76.452443,wheat,2023-11-13,2.26
ROP_0420,Ropar,30.957552,76.436766,wheat,2023-10-25,4.26
ROP_0421,Ropar,30.915851,76.496028,wheat,2023-11-20,2.57
ROP_0422,Ropar,31.019344,76.561735,wheat,2023-11-09,4.66
ROP_0423,Ropar,30.969441,76.480878,wheat,2023-10-28,2.9
ROP_0424,Ropar,31.067444,76.411887,wheat,2023-10-24,1.68
ROP_0425,Ropar,31.009269,76.538986,wheat,2023-11-26,0.66
ROP_0426,Ropar,31.068985,76.581137,wheat,2023-11-26,4.77
ROP_0427,Ropar,30.929027,76.464051,wheat,2023-11-18,4.83
ROP_0428,Ropar,30.868235,76.441316,wheat,2023-10-15,2.02
ROP_0429,Ropar,31.066509,76.458612,wheat,2023-11-22,4.61
ROP_0430,Ropar,31.072836,76.599531,wheat,2023-11-03,3.44
ROP_0431,Ropar,30.82361,76.422196,wheat,2023-11-26,2.78
ROP_0432,Ropar,30.924413,76.522034,wheat,2023-10-26,2.77
ROP_0433,Ropar,31.026299,76.392625,wheat,2023-11-20,5.14
ROP_0434,Ropar,30.916791,76.489105,wheat,2023-11-29,5.8
ROP_0435,Ropar,31.085025,76.488089,wheat,2023-11-25,5.93
ROP_0436,Ropar,31.006051,76.572041,wheat,2023-10-17,2.01
ROP_0437,Ropar,31.052237,76.534095,wheat,2023-11-28,4.58
ROP_0438,Ropar,30.927132,76.498233,wheat,2023-11-05,4.09
ROP_0439,Ropar,31.002084,76.649932,wheat,2023-11-21,2.27
ROP_0440,Ropar,30.903483,76.527525,wheat,2023-11-09,1.16
ROP_0441,Ropar,30.987668,76.487271,wheat,2023-11-07,1.56
ROP_0442,Ropar,30.961716,76.388537,wheat,2023-10-31,3.84
ROP_0443,Ropar,30.902954,76.63142,wheat,2023-10-19,4.79
ROP_0444,Ropar,31.061333,76.624115,wheat,2023-11-08,5.29
ROP_0445,Ropar,30.886131,76.462928,wheat,2023-10-24,3.46
ROP_0446,Ropar,30.993613,76.567764,wheat,2023-11-16,1.13
ROP_0447,Ropar,30.870126,76.556594,wheat,2023-11-14,5.0
ROP_0448,Ropar,31.017259,76.436149,wheat,2023-11-12,0.89
ROP_0449,Ropar,30.932487,76.481956,wheat,2023-11-03,4.19
ROP_0450,Ropar,31.067217,76.519193,wheat,2023-11-19,2.09
ROP_0451,Ropar,30.96419,76.438341,wheat,2023-11-19,3.25
ROP_0452,Ropar,30.938809,76.387024,wheat,2023-10-17,4.47
ROP_0453,Ropar,31.003418,76.398665,wheat,2023-11-17,0.96
ROP_0454,Ropar,30.967944,76.552229,wheat,2023-11-16,3.24
ROP_0455,Ropar,31.032274,76.485959,wheat,2023-11-28,3.18
ROP_0456,Ropar,30.918826,76.420357,wheat,2023-10-24,3.09
ROP_0457,Ropar,30.879401,76.509683,wheat,2023-11-03,4.8
ROP_0458,Ropar,31.061886,76.565086,wheat,2023-11-11,5.41
ROP_0459,Ropar,30.979181,76.576921,wheat,2023-11-12,5.04
ROP_0460,Ropar,31.033518,76.630676,wheat,2023-11-19,3.1
ROP_0461,Ropar,31.089975,76.49008,wheat,2023-11-11,1.5
ROP_0462,Ropar,30.979314,76.382085,wheat,2023-10-18,1.37
ROP_0463,Ropar,30.927742,76.552803,wheat,2023-10-22,3.66
ROP_0464,Ropar,31.008681,76.591825,wheat,2023-10-22,4.13
ROP_0465,Ropar,30.893023,76.657261,wheat,2023-10-30,2.55
ROP_0466,Ropar,30.831173,76.526038,wheat,2023-11-24,5.26
ROP_0467,Ropar,31.053144,76.629316,wheat,2023-10-15,4.42
ROP_0468,Ropar,30.868471,76.388196,wheat,2023-11-28,1.33
ROP_0469,Ropar,30.879308,76.395189,wheat,2023-11-14,4.81
ROP_0470,Ropar,30.824191,76.603015,wheat,2023-11-04,5.59
ROP_0471,Ropar,30.865556,76.383977,wheat,2023-10-23,5.28
ROP_0472,Ropar,31.029313,76.387716,wheat,2023-11-06,4.2
ROP_0473,Ropar,31.051969,76.453894,wheat,2023-11-20,3.22
ROP_0474,Ropar,30.880576,76.630423,wheat,2023-11-14,1.73
ROP_0475,Ropar,31.058333,76.574463,wheat,2023-11-06,4.41
ROP_0476,Ropar,30.830281,76.444156,wheat,2023-10-25,2.07
ROP_0477,Ropar,31.071973,76.634308,wheat,2023-10-15,3.11
ROP_0478,Ropar,31.097855,76.564474,wheat,2023-10-27,0.88
ROP_0479,Ropar,30.932601,76.496003,wheat,2023-10-26,3.36
ROP_0480,Ropar,31.029086,76.57162,wheat,2023-10-29,2.43
ROP_0481,Ropar,31.029259,76.527541,wheat,2023-11-19,1.13
ROP_0482,Ropar,30.936333,76.488502,wheat,2023-11-19,2.43
ROP_0483,Ropar,31.018449,76.533996,wheat,2023-11-17,3.45
ROP_0484,Ropar,31.02023,76.567036,wheat,2023-11-01,4.68
ROP_0485,Ropar,31.061413,76.58503,wheat,2023-10-24,5.16
ROP_0486,Ropar,30.915967,76.564473,wheat,2023-10-23,5.95
ROP_0487,Ropar,30.9055,76.453659,wheat,2023-10-23,5.91
ROP_0488,Ropar,30.942542,76.597482,wheat,2023-10-23,0.77
ROP_0489,Ropar,30.873519,76.395692,wheat,2023-10-24,1.09
ROP_0490,Ropar,31.081485,76.563852,wheat,2023-11-21,5.5
ROP_0491,Ropar,30.93748,76.525184,wheat,2023-11-26,3.06
ROP_0492,Ropar,30.988401,76.406165,wheat,2023-10-16,5.9
ROP_0493,Ropar,30.824229,76.452886,wheat,2023-11-11,3.24
ROP_0494,Ropar,30.889976,76.654291,wheat,2023-11-12,1.54
ROP_0495,Ropar,30.982139,76.410448,wheat,2023-10-31,3.18
ROP_0496,Ropar,31.048316,76.526768,wheat,2023-10-17,2.11
ROP_0497,Ropar,30.827684,76.641349,wheat,2023-11-24,3.66
ROP_0498,Ropar,30.827347,76.405217,wheat,2023-10-24,1.44
ROP_0499,Ropar,30.854448,76.526611,wheat,2023-10-19,4.91
ROP_0500,Ropar,30.855537,76.498699,wheat,2023-11-02,2.86
ROP_0501,Ropar,30.887627,76.404869,wheat,2023-11-22,0.6
ROP_0502,Ropar,30.934615,76.393198,wheat,2023-10-15,2.67
ROP_0503,Ropar,30.945475,76.502708,wheat,2023-11-08,3.24
ROP_0504,Ropar,30.932849,76.655068,wheat,2023-10-23,0.75
ROP_0505,Ropar,30.838086,76.608868,wheat,2023-11-05,1.51
ROP_0506,Ropar,31.067856,76.527164,wheat,2023-10-27,3.89
ROP_0507,Ropar,30.825229,76.45101,wheat,2023-11-05,4.68
ROP_0508,Ropar,30.930955,76.539682,wheat,2023-10-26,5.63
ROP_0509,Ropar,31.09871,76.413652,wheat,2023-10-22,4.35
ROP_0510,Ropar,31.041975,76.63563,wheat,2023-11-09,4.51
ROP_0511,Ropar,31.016182,76.393147,wheat,2023-10-24,3.79
ROP_0512,Ropar,31.018019,76.541342,wheat,2023-11-09,2.75
ROP_0513,Ropar,30.959488,76.648849,wheat,2023-11-24,4.81
ROP_0514,Ropar,30.993083,76.502273,wheat,2023-10-30,2.78
ROP_0515,Ropar,30.973423,76.601942,wheat,2023-11-22,5.51
ROP_0516,Ropar,31.039761,76.475728,wheat,2023-10-20,0.56
ROP_0517,Ropar,30.852463,76.418431,wheat,2023-11-02,1.07
ROP_0518,Ropar,31.091841,76.562369,wheat,2023-10-19,5.01
ROP_0519,Ropar,30.980588,76.551456,wheat,2023-10-19,1.94
ROP_0520,Ropar,31.017467,76.629807,wheat,2023-11-24,5.65
ROP_0521,Ropar,30.947334,76.617879,wheat,2023-10-27,1.92
ROP_0522,Ropar,30.893269,76.504495,wheat,2023-11-07,1.92
ROP_0523,Ropar,30.831394,76.407553,wheat,2023-11-17,5.35
ROP_0524,Ropar,31.067452,76.533039,wheat,2023-11-23,5.64
ROP_0525,Ropar,30.962746,76.507513,wheat,2023-11-24,1.9
ROP_0526,Ropar,30.994781,76.503706,wheat,2023-11-05,5.86
ROP_0527,Ropar,30.871155,76.399477,wheat,2023-11-19,1.69
ROP_0528,Ropar,31.100733,76.534402,wheat,2023-10-31,2.48
ROP_0529,Ropar,31.002968,76.504871,wheat,2023-11-08,2.67
ROP_0530,Ropar,30.903179,76.556526,wheat,2023-10-24,4.99
ROP_0531,Ropar,30.896522,76.551971,wheat,2023-10-30,2.54
ROP_0532,Ropar,30.95951,76.478469,wheat,2023-11-16,2.55
ROP_0533,Ropar,30.947941,76.460718,wheat,2023-11-13,4.64
ROP_0534,Ropar,30.933403,76.642723,wheat,2023-11-06,1.7
ROP_0535,Ropar,30.948861,76.546472,wheat,2023-10-27,5.71
ROP_0536,Ropar,30.913812,76.483737,wheat,2023-11-08,3.78
ROP_0537,Ropar,30.989983,76.598483,wheat,2023-10-30,0.56
ROP_0538,Ropar,31.036976,76.579003,wheat,2023-11-20,3.72
ROP_0539,Ropar,30.911756,76.631976,wheat,2023-10-25,1.92
ROP_0540,Ropar,30.908462,76.576928,wheat,2023-11-17,5.55
ROP_0541,Ropar,30.960352,76.624176,wheat,2023-11-19,2.67
ROP_0542,Ropar,31.015064,76.392151,wheat,2023-11-01,1.26
ROP_0543,Ropar,31.026959,76.445784,wheat,2023-10-29,0.99
ROP_0544,Ropar,30.885959,76.448132,wheat,2023-10-23,2.38
ROP_0545,Ropar,31.085732,76.558493,wheat,2023-11-11,1.23
ROP_0546,Ropar,30.876947,76.629628,wheat,2023-11-15,3.99
ROP_0547,Ropar,31.049702,76.47809,wheat,2023-10-30,3.26
ROP_0548,Ropar,30.880515,76.608935,wheat,2023-11-10,2.34
ROP_0549,Ropar,30.953728,76.415238,wheat,2023-10-23,4.85
ROP_0550,Ropar,30.937909,76.651877,wheat,2023-11-13,1.92
ROP_0551,Ropar,31.067463,76.57994,wheat,2023-10-25,4.57
ROP_0552,Ropar,30.961559,76.493772,wheat,2023-11-26,5.06
ROP_0553,Ropar,31.058302,76.542893,wheat,2023-11-02,3.05
ROP_0554,Ropar,30.884144,76.391995,wheat,2023-11-16,4.1
ROP_0555,Ropar,31.01038,76.564274,wheat,2023-11-03,2.38
ROP_0556,Ropar,30.89077,76.396397,wheat,2023-11-09,1.31
ROP_0557,Ropar,30.998923,76.59306,wheat,2023-11-18,0.96
ROP_0558,Ropar,31.050927,76.545278,wheat,2023-11-25,2.16
ROP_0559,Ropar,31.026222,76.655019,wheat,2023-10-24,3.95
ROP_0560,Ropar,30.896033,76.435408,wheat,2023-11-01,1.32
ROP_0561,Ropar,30.832003,76.580667,wheat,2023-11-08,4.22
ROP_0562,Ropar,31.06649,76.615048,wheat,2023-10-21,2.14
ROP_0563,Ropar,30.857834,76.502058,wheat,2023-11-11,2.55
ROP_0564,Ropar,30.98227,76.558417,wheat,2023-10-23,1.7
ROP_0565,Ropar,30.886643,76.620471,wheat,2023-11-14,4.03
ROP_0566,Ropar,30.97891,76.562261,wheat,2023-11-27,1.21
ROP_0567,Ropar,31.074171,76.436407,wheat,2023-10-16,1.72
ROP_0568,Ropar,31.020622,76.588961,wheat,2023-11-14,4.58
ROP_0569,Ropar,30.943036,76.547969,wheat,2023-10-19,4.46
ROP_0570,Ropar,30.96272,76.520042,wheat,2023-11-11,4.26
ROP_0571,Ropar,30.870642,76.560694,wheat,2023-10-22,4.49
ROP_0572,Ropar,30.931896,76.613083,wheat,2023-10-21,0.99
ROP_0573,Ropar,30.951947,76.424821,wheat,2023-11-05,1.19
ROP_0574,Ropar,30.958855,76.40747,wheat,2023-11-23,4.89
ROP_0575,Ropar,30.901971,76.544337,wheat,2023-10-16,2.43
ROP_0576,Ropar,30.854835,76.532233,wheat,2023-10-22,0.52
ROP_0577,Ropar,31.10106,76.494558,wheat,2023-11-29,2.08
ROP_0578,Ropar,30.893909,76.614918,wheat,2023-11-12,4.67
ROP_0579,Ropar,31.003122,76.588645,wheat,2023-11-11,5.64
ROP_0580,Ropar,30.950329,76.621239,wheat,2023-10-23,4.55
ROP_0581,Ropar,30.903058,76.537409,wheat,2023-11-02,0.7
ROP_0582,Ropar,30.942415,76.551751,wheat,2023-11-28,2.37
ROP_0583,Ropar,30.912017,76.587634,wheat,2023-11-02,3.46
ROP_0584,Ropar,31.088499,76.406358,wheat,2023-11-26,1.75
ROP_0585,Ropar,30.847559,76.49995,wheat,2023-11-01,1.6
ROP_0586,Ropar,30.948591,76.56963,wheat,2023-11-12,4.02
ROP_0587,Ropar,30.999199,76.547689,wheat,2023-11-01,4.43
ROP_0588,Ropar,31.077148,76.644484,wheat,2023-11-29,5.23
ROP_0589,Ropar,30.849647,76.526188,wheat,2023-11-08,1.03
ROP_0590,Ropar,30.980979,76.437591,wheat,2023-11-01,3.7
ROP_0591,Ropar,31.051869,76.488275,wheat,2023-11-22,4.72
ROP_0592,Ropar,31.048199,76.409442,wheat,2023-11-27,5.68
ROP_0593,Ropar,30.832668,76.614291,wheat,2023-11-09,1.39
ROP_0594,Ropar,30.911297,76.584573,wheat,2023-10-16,5.45
ROP_0595,Ropar,31.00962,76.581775,wheat,2023-11-20,5.86
ROP_0596,Ropar,30.937166,76.633616,wheat,2023-10-28,4.79
ROP_0597,Ropar,30.925835,76.474078,wheat,2023-10-31,5.67
ROP_0598,Ropar,31.011256,76.61808,wheat,2023-11-15,5.81
ROP_0599,Ropar,30.915401,76.528778,wheat,2023-11-29,1.69
ROP_0600,Ropar,31.046314,76.451292,wheat,2023-11-12,4.39
