date,temperature,humidity,wind_speed,precipitation,solar_radiation,aqi,biomass_tons_per_ha,day_of_year,month,weekday,doy_sin,doy_cos,aqi_lag1,aqi_lag7,aqi_7d_mean
2019-01-01,11.175,78.25,5.8,0.175,9.59,139.0468530411535,1.463,1,1,1,0.017213356155834685,0.9998518392091162,139.0468530411535,139.0468530411535,139.0468530411535
2019-01-02,12.625,79.25,6.75,0.6000000000000001,11.4575,110.24306563748716,1.209,2,1,2,0.03442161162274574,0.9994074007397048,139.0468530411535,139.0468530411535,124.64495933932034
2019-01-03,11.725,76.5,8.45,0.0,11.9575,112.60570574364127,1.317,3,1,3,0.051619667223253764,0.998666816288476,110.24306563748716,139.0468530411535,120.63187480742731
2019-01-04,11.225,75.0,6.825,0.0,9.5375,168.50155750751222,1.206,4,1,4,0.06880242680231986,0.9976303053065857,112.60570574364127,139.0468530411535,132.59929548244855
2019-01-05,11.8,79.75,10.6,3.8,9.1575,115.51715719485584,1.676,5,1,5,0.08596479873744647,0.9962981749346078,168.50155750751222,139.0468530411535,129.18286782493
2019-01-06,11.325,84.0,6.725,5.45,9.432500000000001,144.76554583579883,1.385,6,1,6,0.10310169744743485,0.9946708199115211,115.51715719485584,139.0468530411535,131.77998082674148
2019-01-07,10.75,79.0,7.05,0.0,12.122499999999999,150.27520134975805,1.335,7,1,0,0.1202080448993527,0.9927487224577402,144.76554583579883,139.0468530411535,134.42215518717242
2019-01-08,11.625,74.25,8.525,0.0,10.2975,113.9252852518965,1.306,8,1,1,0.13727877211326478,0.9905324521322229,150.27520134975805,139.0468530411535,130.83335978870713
2019-01-09,11.1,73.0,9.65,0.0,12.5275,115.60084800062512,1.375,9,1,2,0.15430882066428117,0.9880226656636976,113.9252852518965,110.24306563748716,131.5987572691554
2019-01-10,10.925,68.75,6.175,0.125,11.4925,138.941365690136,1.336,10,1,3,0.1712931441814776,0.9852201067560606,115.60084800062512,112.60570574364127,135.36099440436894
2019-01-11,12.05,74.0,6.75,1.6500000000000001,11.4675,166.32619790109686,1.391,11,1,4,0.1882267098432442,0.9821256058680006,138.941365690136,168.50155750751222,135.0502287463096
2019-01-12,12.35,78.0,6.925,2.2,11.1075,182.3134556853426,1.211,12,1,5,0.2051044998686192,0.9787400799669153,166.32619790109686,115.51715719485584,144.59255710209342
2019-01-13,12.6,76.75,8.924999999999999,0.95,11.3275,126.40140956002567,1.232,13,1,6,0.2219215130041655,0.9750645322571948,182.3134556853426,144.76554583579883,141.96910906269724
2019-01-14,10.325,64.25,11.15,0.0,13.23,111.19551378907383,1.266,14,1,0,0.2386727660059501,0.9711000518829505,126.40140956002567,150.27520134975805,136.3862965540281
2019-01-15,9.95,66.5,8.3,0.0,12.5025,92.8103785278699,1.27,15,1,1,0.255353295116187,0.9668478136052775,111.19551378907383,113.9252852518965,133.36988130773855
2019-01-16,10.725,73.0,5.775,0.07500000000000001,10.605,178.92704782272904,1.266,16,1,2,0.2719581575341055,0.9623090774541486,92.8103785278699,115.60084800062512,142.41648128232484
2019-01-17,10.525,79.25,6.75,0.0,13.030000000000001,121.24985517024821,1.504,17,1,3,0.288482432880609,0.9574851883550393,178.92704782272904,138.941365690136,139.88912263662658
2019-01-18,11.075000000000001,76.75,7.425,0.0,11.7025,139.7523310878201,1.383,18,1,4,0.30492122465628907,0.9523775757303974,121.24985517024821,166.32619790109686,136.09285594901561
2019-01-19,13.275,74.25,6.775,0.075,11.695,141.19079537077255,1.492,19,1,5,0.3212696616923644,0.9469877530760753,139.7523310878201,182.3134556853426,130.21819018979133
2019-01-20,13.875,78.0,6.1000000000000005,0.0,8.765,185.28817281170726,1.354,20,1,6,0.3375228995941133,0.9413173175128471,141.19079537077255,126.40140956002567,138.63058494003155
2019-01-21,12.925,90.25,8.7,20.4,4.7275,102.11346365278979,1.44,21,1,0,0.3536761221763716,0.9353679493131483,185.28817281170726,111.19551378907383,137.3331492062767
2019-01-22,12.475,91.0,9.8,20.325,6.8,128.97722054793604,1.339,22,1,1,0.3697245428906731,0.9291414114031743,102.11346365278979,92.8103785278699,142.499840923429
2019-01-23,11.075,86.5,6.25,0.55,11.3375,162.9142205455496,1.39,23,1,2,0.38566340624360707,0.9226395488404876,128.97722054793604,178.92704782272904,140.2122941695462
2019-01-24,10.05,84.5,6.0,0.0,12.635,146.8199034465433,1.316,24,1,3,0.401487989205973,0.9158642882672872,162.9142205455496,121.24985517024821,143.86515820901695
2019-01-25,9.8,75.75,5.175,0.0,13.690000000000001,152.60857560513088,1.203,25,1,4,0.4171936026123168,0.9088176373395029,146.8199034465433,139.7523310878201,145.70176456863277
2019-01-26,9.475,72.0,7.825,0.0,14.0275,145.53714834257227,1.249,26,1,5,0.4327755925504312,0.901501684131884,152.60857560513088,141.19079537077255,146.32267213603274
2019-01-27,9.274999999999999,70.25,9.1,0.0,13.6525,106.526958054027,1.243,27,1,6,0.4482293417404106,0.893918596519257,145.53714834257227,185.28817281170726,135.0710700277927
2019-01-28,9.25,66.5,9.35,0.0,14.525,103.33312896757243,1.513,28,1,0,0.4635502709028509,0.886070621534138,106.526958054027,102.11346365278979,135.2453079299045
2019-01-29,9.775,66.25,7.95,0.0,14.6275,116.14634640374177,1.263,29,1,1,0.47873384011578846,0.8779600847008882,103.33312896757243,128.97722054793604,133.41232590930534
2019-01-30,10.575,74.75,7.175,0.7000000000000001,6.37,131.98221482887683,1.684,30,1,2,0.49377555015997715,0.869589389346611,116.14634640374177,162.9142205455496,128.99346794978064
2019-01-31,10.9,83.75,8.75,6.275,7.295,154.09745712699302,1.436,31,1,3,0.5086709438521044,0.8609610158889943,131.98221482887683,146.8199034465433,130.03311847555918
2019-02-01,11.65,84.0,8.225,2.55,11.745000000000001,152.47059553929125,1.416,32,2,4,0.5234156073655503,0.8520775211013093,154.09745712699302,152.60857560513088,130.01340703758208
2019-02-02,11.55,83.0,7.1,0.0,14.155,104.46458395026957,1.209,33,2,5,0.5380051715382996,0.8429415373547828,152.47059553929125,145.53714834257227,124.1458978386817
2019-02-03,12.625,79.5,7.3,0.0,14.86,105.82063260006967,1.249,34,2,6,0.5524353131676196,0.8335557718385699,104.46458395026957,106.526958054027,124.04499420240208
2019-02-04,12.925,78.5,6.45,0.0,13.4475,139.63047300655532,1.337,35,2,0,0.5667017562911176,0.8239230057575542,105.82063260006967,103.33312896757243,129.23032906511392
2019-02-05,14.25,78.75,5.3,0.375,11.61,137.4832866899986,1.267,36,2,1,0.5808002734538009,0.8140460935082178,139.63047300655532,116.14634640374177,132.27846339172203
2019-02-06,14.725,80.5,10.5,8.850000000000001,12.285,114.18155285747791,1.278,37,2,2,0.5947266869607634,0.8039279618328213,137.4832866899986,131.98221482887683,129.73551168152218
2019-02-07,13.325,87.5,13.825,29.1,7.7675,121.54324778380379,1.236,38,2,3,0.6084768701151261,0.7935716089521474,114.18155285747791,154.09745712699302,125.08491034678089
2019-02-08,11.4,78.0,8.25,2.125,15.3125,158.33696381518246,1.261,39,2,4,0.6220467484408675,0.7829801036770629,121.54324778380379,152.47059553929125,125.92296295762249
2019-02-09,11.35,75.25,9.425,0.0,16.0025,135.9115220555972,1.315,40,2,5,0.6354323008901774,0.7721565844991642,158.33696381518246,104.46458395026957,130.41538268695498
2019-02-10,11.725,72.75,7.074999999999999,0.0,14.54,126.26156541606532,2.108,41,2,6,0.6486295610349814,0.7611042586607747,135.9115220555972,105.82063260006967,133.33551594638294
2019-02-11,13.05,74.5,6.699999999999999,0.075,14.157499999999999,152.3812910732105,1.276,42,2,0,0.6616346182422783,0.7498264012045686,126.26156541606532,139.63047300655532,135.15706138447655
2019-02-12,14.075,78.25,5.6,0.1,11.065,134.43571757137713,1.201,43,2,1,0.6744436188329455,0.7383263540031065,152.3812910732105,137.4832866899986,134.7216943675306
2019-02-13,14.85,80.5,5.575,0.0,12.8275,122.5210188318688,1.243,44,2,2,0.6870527672236669,0.7266075247685656,134.43571757137713,114.18155285747791,135.91304664958645
2019-02-14,14.8,88.0,9.65,16.375,8.805,138.4418276123783,1.671,45,2,3,0.699458327051647,0.7146733860429609,122.5210188318688,121.54324778380379,138.32712948223997
2019-02-15,14.775,86.75,7.15,1.8,11.2875,161.07847266192425,1.235,46,2,4,0.7116566222817746,0.7025274741691571,138.4418276123783,158.33696381518246,138.71877360320306
2019-02-16,13.9,86.25,6.5,0.15000000000000002,12.51,204.1684675237012,1.202,47,2,5,0.7236440382959124,0.6901733882429719,161.07847266192425,135.9115220555972,148.4697658129322
2019-02-17,13.45,76.0,8.35,0.65,12.825,169.76069127775162,1.377,48,2,6,0.7354170229639855,0.6776147890466889,204.1684675237012,126.26156541606532,154.68392665031598
2019-02-18,13.7,79.25,8.775,3.9,11.7675,96.3456795536637,1.216,49,2,0,0.7469720876965552,0.6648553979642865,169.76069127775162,152.3812910732105,146.6788392903807
2019-02-19,14.575,79.75,7.299999999999999,1.875,15.1825,169.0906327217116,1.278,50,2,1,0.7583058084785624,0.6518989958787126,96.3456795536637,134.43571757137713,151.6295414547142
2019-02-20,15.925,81.75,12.2,5.85,8.4925,140.14578887197615,1.335,51,2,2,0.7694148268839378,0.6387494220515272,169.0906327217116,122.5210188318688,154.14736574615813
2019-02-21,16.825,84.0,13.575,13.175,9.86,108.9197287298844,1.618,52,2,3,0.7802958510707755,0.6254105729852463,140.14578887197615,138.4418276123783,149.929923048659
2019-02-22,14.85,78.5,9.375,0.5,16.892500000000002,160.0156827652866,1.24,53,2,4,0.7909456567567772,0.6118864012687243,108.9197287298844,161.07847266192425,149.7780959205679
2019-02-23,13.350000000000001,73.0,9.925,0.0,17.975,151.1374207774557,1.361,54,2,5,0.8013610881746766,0.5981809144059165,160.0156827652866,204.1684675237012,142.20223209967568
2019-02-24,13.524999999999999,70.5,7.075,0.0,18.11,177.9009839795575,1.218,55,2,6,0.8115390590073611,0.5842981736283684,151.1374207774557,169.76069127775162,143.36513105707652
2019-02-25,13.725,69.5,6.875,0.425,16.18,125.69916887430327,1.295,56,2,0,0.8214765533024142,0.5702422926917871,177.9009839795575,96.3456795536637,147.55848667431073
2019-02-26,13.225000000000001,76.0,9.525,3.0500000000000003,13.6775,113.71462775740824,1.524,57,2,1,0.8311706263658079,0.5560174366570446,125.69916887430327,169.0906327217116,139.64762882226742
2019-02-27,11.8,81.0,6.6,2.875,14.690000000000001,157.94281672559703,1.264,58,2,2,0.8406184056344782,0.5416278206559814,113.71462775740824,140.14578887197615,142.1900613727847
2019-02-28,12.025,74.25,6.65,0.0,17.89,154.48993900992417,1.349,59,2,3,0.8498170915275278,0.5270777086423722,157.94281672559703,108.9197287298844,148.70009141279039
2019-03-01,13.6,67.25,8.4,0.025,17.6175,115.84496610602751,1.331,60,3,4,0.8587639582758029,0.5123714121284237,154.48993900992417,160.0156827652866,142.3899890328962
2019-03-02,13.899999999999999,77.75,8.05,6.175,5.555,130.41617603806787,1.221,61,3,5,0.8674563547295969,0.49751328890718066,115.84496610602751,151.1374207774557,139.42981121298365
2019-03-03,14.575,82.5,7.375,1.25,13.0925,131.9537957355346,1.362,62,3,6,0.8758917051442429,0.48250774176121847,130.41617603806787,177.9009839795575,132.86592717812326
2019-03-04,14.8,83.25,7.375,1.875,16.8775,124.22215563776074,1.214,63,3,0,0.8840675099433636,0.4673592171580022,131.9537957355346,125.69916887430327,132.6549252871886
2019-03-05,14.95,76.75,7.325,0.07500000000000001,17.67,105.26745083075714,1.245,64,3,1,0.8919813464595485,0.45207220393230435,124.22215563776074,113.71462775740824,131.44818572623845
2019-03-06,15.75,68.5,8.075,0.0,19.072499999999998,109.5869966868721,1.237,65,3,2,0.8996308696522433,0.43665123195606403,105.26745083075714,157.94281672559703,124.54021143499202
2019-03-07,16.125,63.75,7.0249999999999995,0.0,19.34,145.1451224975981,1.239,66,3,3,0.9070138128026359,0.4211008707960896,109.5869966868721,154.48993900992417,123.20523764751685
2019-03-08,15.175,71.0,7.75,1.075,11.6,146.76790781325846,1.22,67,3,4,0.9141279881853337,0.40542572835999735,145.1451224975981,115.84496610602751,127.62280074854985
2019-03-09,15.675,68.75,8.9,0.0,20.0475,154.33364887576815,1.661,68,3,5,0.9209712877166346,0.38963044953078796,146.76790781325846,130.41617603806787,131.03958258250705
2019-03-10,16.35,61.75,7.225,0.0,20.5075,111.3356900298686,1.299,69,3,6,0.9275416835791966,0.37371971479046906,154.33364887576815,131.9537957355346,128.09413891026904
2019-03-11,16.1,72.75,12.65,7.25,10.4375,91.4963473034334,1.292,70,3,0,0.9338372288229252,0.35769823883312546,111.3356900298686,124.22215563776074,123.41902343393656
2019-03-12,16.225,70.25,8.375,0.0,20.77,125.57042513187783,1.376,71,3,1,0.9398560579418954,0.3415707691678556,91.4963473034334,105.26745083075714,126.31944833409666
2019-03-13,15.75,71.5,6.125,0.15000000000000002,12.4125,135.75327085528,1.431,72,3,2,0.9455963874271426,0.3253420847119801,125.57042513187783,109.5869966868721,130.05748750101208
2019-03-14,15.85,73.0,7.225,0.675,16.384999999999998,109.67610755469681,1.256,73,3,3,0.9510565162951535,0.30901699437494745,135.75327085528,145.1451224975981,124.9904853663119
2019-03-15,16.075,70.25,8.325,0.0,20.9875,120.00695757238591,1.245,74,3,4,0.9562348265919056,0.29260033563334836,109.67610755469681,146.76790781325846,121.16749247475867
2019-03-16,17.075,63.0,7.65,0.0,18.2025,112.24245283141512,1.623,75,3,5,0.9611297838723007,0.27609697309746883,120.00695757238591,154.33364887576815,115.15446446842252
2019-03-17,18.675,57.75,7.275,0.0,20.49,133.4686718742233,1.883,76,3,6,0.9657399376548549,0.2595117970697999,112.24245283141512,111.3356900298686,118.31631901761605
2019-03-18,19.4,59.75,6.4,0.0,19.119999999999997,149.64873693169244,1.32,77,3,0,0.9700639218515071,0.2428497220959356,133.4686718742233,91.4963473034334,126.62380325022448
2019-03-19,20.35,59.25,7.15,0.0,20.375,123.70702782036619,1.389,78,3,1,0.9741004551724205,0.22611568550828828,149.64873693169244,125.57042513187783,126.35760363429426
2019-03-20,20.35,57.75,12.475,0.95,19.6525,115.56556387897604,1.209,79,3,2,0.9778483415056568,0.20931464596304847,123.70702782036619,135.75327085528,123.47364549482225
2019-03-21,19.875,56.25,7.975,0.0,21.4275,98.10399679206964,1.275,80,3,3,0.9813064702716093,0.19245158197082998,115.56556387897604,109.67610755469681,121.82048681444694
2019-03-22,19.625,51.0,11.45,0.0,22.245,53.083797973976914,1.349,81,3,4,0.9844738167520922,0.1755314904214282,98.10399679206964,120.00695757238591,112.26003544324567
2019-03-23,19.4,55.0,12.65,0.1,19.7875,49.75998621657308,1.265,82,3,5,0.9873494423939864,0.15855938510313475,53.083797973976914,112.24245283141512,103.33396878398253
2019-03-24,19.425,65.75,10.15,0.25,15.6675,141.58810583439833,1.229,83,3,6,0.989932495087353,0.141540295217043,49.75998621657308,133.4686718742233,104.49388792115039
2019-03-25,19.675,68.0,7.925000000000001,0.05,16.8075,112.95808696559371,1.246,84,3,0,0.9922222094179323,0.12447926388678915,141.58810583439833,149.64873693169244,99.252366497422
2019-03-26,20.7,61.75,8.325,0.0,22.5075,110.89969441918686,1.22,85,3,1,0.994217906893952,0.10738134666416309,112.95808696559371,123.70702782036619,97.42274744011065
2019-03-27,22.725,61.25,6.925,0.0,20.9925,139.76689055484235,1.205,86,3,2,0.995918996147179,0.09025161003104117,110.89969441918686,115.56556387897604,100.88007982237728
2019-03-28,24.55,60.0,7.125,0.0,21.7625,150.4585369784945,1.501,87,3,3,0.9973249731081555,0.07309512989807777,139.76689055484235,98.10399679206964,108.3592998490094
2019-03-29,25.3,58.5,8.2,0.0,20.8175,112.8502685739405,1.382,88,3,4,0.9984354211555643,0.055916990100603484,150.4585369784945,53.083797973976914,116.89736707757561
2019-03-30,25.0,54.0,9.225,0.0,19.7575,103.05727324875379,1.229,89,3,5,0.9992500112396835,0.03872228089217446,112.8502685739405,49.75998621657308,124.51126522503002
2019-03-31,23.9,42.75,12.825000000000001,0.0,23.5375,77.06585149701831,1.386,90,3,6,0.9997685019798909,0.021516097436222254,103.05727324875379,141.58810583439833,115.29380031969
2019-04-01,23.55,39.5,11.075,0.0,23.7,82.65407844020285,1.366,91,4,0,0.9999907397361901,0.004303538296244289,77.06585149701831,112.95808696559371,110.96465624463416
2019-04-02,24.0,42.25,6.5,0.0,23.6025,100.53606900294044,1.27,92,4,1,0.9999166586547379,-0.01291029607500882,82.65407844020285,110.89969441918686,109.48413832802753
2019-04-03,25.075,45.5,8.025,0.0,23.1125,80.26452656466017,1.302,93,4,2,0.9995462806873573,-0.030120304846908114,100.53606900294044,139.76689055484235,100.98380061514436
2019-04-04,26.55,50.0,6.925,0.0,22.91,99.13255045164664,1.406,94,4,3,0.9988797155850336,-0.04732138832243185,80.26452656466017,150.4585369784945,93.65151682559467
2019-04-05,26.5,56.75,6.3,0.4,21.182499999999997,136.07230660822785,1.224,95,4,4,0.9979171608653922,-0.06450844944931623,99.13255045164664,112.8502685739405,96.96895083049287
2019-04-06,26.225,58.5,8.5,0.15,20.432499999999997,98.12055197622676,1.43,96,4,5,0.9966589017541702,-0.08167639533042241,136.07230660822785,103.05727324875379,96.26370493441756
2019-04-07,27.025,49.75,6.9,0.0,22.155,115.02057431281848,1.234,97,4,6,0.9951053111006976,-0.09882013873287143,98.12055197622676,77.06585149701831,101.6858081938176
2019-04-08,25.175,58.25,10.875,2.3000000000000003,19.517500000000002,71.34475904278071,1.249,98,4,0,0.9932568492674143,-0.11593459959550041,115.02057431281848,82.65407844020285,100.07019113704301
2019-04-09,26.125,52.5,5.8,0.0,23.4975,113.5128507564793,1.459,99,4,1,0.9911140639934547,-0.1330147065341959,71.34475904278071,100.53606900294044,101.92401710183427
2019-04-10,27.9,45.25,9.725,0.0,20.7825,78.36129616807334,1.249,100,4,2,0.9886775902323405,-0.1500553983446526,113.5128507564793,80.26452656466017,101.652127045179
2019-04-11,27.45,43.0,9.575,0.0,22.567500000000003,92.75164701408117,1.505,101,4,3,0.9859481499638304,-0.16705162550211924,78.36129616807334,99.13255045164664,100.74056941124108
2019-04-12,27.15,45.5,10.725,0.0,20.305,72.52547912968588,1.413,102,4,4,0.9829265519799822,-0.18399835165768005,92.75164701408117,136.07230660822785,91.6624512000208
2019-04-13,26.675,51.75,11.1,0.025,19.1225,138.88301951074803,1.402,103,4,5,0.9796136916454901,-0.20089055513063506,72.52547912968588,98.12055197622676,97.48566084780956
2019-04-14,27.25,50.0,11.625,0.0,22.435,119.58042061678891,1.493,104,4,6,0.9760105506323683,-0.21772323039653177,138.88301951074803,115.02057431281848,98.13706746266247
2019-04-15,28.7,42.75,10.05,0.0,23.1725,119.66013020908488,1.438,105,4,0,0.9721181966290613,-0.23449138957040985,119.58042061678891,71.34475904278071,105.03926334356308
2019-04-16,24.325,61.5,13.95,4.425,14.370000000000001,80.82552594124203,1.456,106,4,1,0.9679377830240642,-0.25119006388481935,119.66013020908488,113.5128507564793,100.3696455128149
2019-04-17,19.575,84.25,10.85,21.099999999999998,9.865,104.51517776748959,1.452,107,4,2,0.9634705485641488,-0.2678143051621742,80.82552594124203,78.36129616807334,104.10591431273151
2019-04-18,20.95,74.75,6.325,1.525,21.535,141.64069056581747,1.471,108,4,3,0.9587178169872964,-0.2843591872810034,104.51517776748959,92.75164701408117,111.09006339155097
2019-04-19,23.025,62.5,7.55,0.0,24.1525,116.8495598464655,1.499,109,4,4,0.9536809966304457,-0.30081980763566735,141.64069056581747,72.52547912968588,117.42207492251949
2019-04-20,24.9,57.0,5.85,0.0,23.2925,100.86703816914577,1.633,110,4,5,0.9483615800121715,-0.3171912885891061,116.8495598464655,138.88301951074803,111.99122044514775
2019-04-21,26.225,54.75,6.675,0.475,22.1625,131.35521933289806,1.49,111,4,6,0.9427611433904207,-0.3334687789181868,100.86703816914577,119.58042061678891,113.67333454744903
2019-04-22,27.95,49.25,7.45,0.0,24.1075,111.80845079196123,1.764,112,4,0,0.9368813462954315,-0.3496474552512284,131.35521933289806,119.66013020908488,112.55166605928852
2019-04-23,29.25,47.5,7.699999999999999,0.025,22.8625,104.10395812041156,1.954,113,4,1,0.9307239310379795,-0.36572252349726897,111.80845079196123,80.82552594124203,115.87715637059844
2019-04-24,29.55,44.75,10.05,0.1,22.285,82.93750420252054,1.614,114,4,2,0.9242907221930933,-0.3816892202666588,104.10395812041156,104.51517776748959,112.79463157560288
2019-04-25,28.9,48.25,7.8500000000000005,0.275,20.752499999999998,126.41301555958061,1.755,115,4,3,0.9175836260593937,-0.39754281428255595,82.93750420252054,141.64069056581747,110.61924943185475
2019-04-26,29.525,41.75,10.149999999999999,0.0,23.36,89.04277482748876,1.76,116,4,4,0.9106046300942162,-0.4132786077829042,126.41301555958061,116.8495598464655,106.64685157200094
2019-04-27,29.525,34.25,12.85,0.0,25.1125,75.1547188576136,1.771,117,4,5,0.9033558023246845,-0.4288919379124835,89.04277482748876,100.86703816914577,102.9736630989249
2019-04-28,29.95,31.5,12.399999999999999,0.0,25.065,70.11844793942633,1.83,118,4,6,0.895839290734909,-0.4443781781046132,75.1547188576136,131.35521933289806,94.22555289985753
2019-04-29,30.175,30.0,8.7,0.0,25.095,79.61317141290526,1.955,119,4,0,0.8880573226294932,-0.45973273945210397,70.11844793942633,111.80845079196123,89.62622727427811
2019-04-30,30.674999999999997,28.0,12.95,0.0,22.177500000000002,95.28413834079257,1.95,120,4,1,0.8800122039735357,-0.47495107206704995,79.61317141290526,104.10395812041156,88.36625302004681
2019-05-01,30.5,29.25,10.6,0.0,22.884999999999998,66.84480850427948,2.062,121,5,2,0.8717063187093218,-0.4900286664290592,95.28413834079257,82.93750420252054,86.06729649172667
2019-05-02,29.2,33.75,9.85,0.0,20.005,94.05101645150167,2.193,122,5,3,0.8631421280499114,-0.5049610547215204,66.84480850427948,126.41301555958061,81.4441537620011
2019-05-03,28.55,33.75,8.725000000000001,0.0,23.295,130.66814046718775,2.14,123,5,4,0.854322169749827,-0.5197438121555155,94.05101645150167,89.04277482748876,87.39063456767238
2019-05-04,28.475,28.5,10.725,0.0,25.4575,62.09977537427443,2.565,124,5,5,0.8452490573530633,-0.5343725582809786,130.66814046718775,75.1547188576136,85.52564264148107
2019-05-05,28.85,28.5,8.75,0.0,24.2825,57.376655118463155,2.12,125,5,6,0.8359254794186372,-0.548842958284719,62.09977537427443,70.11844793942633,83.70538652420062
2019-05-06,30.174999999999997,25.75,8.275,0.0,25.48,68.97215119847286,2.302,126,5,0,0.8263541987239096,-0.5631507242749186,57.376655118463155,79.61317141290526,82.1852407792817
2019-05-07,30.225,25.25,8.075,0.0,24.52,92.02177201423514,2.188,127,5,1,0.8165380514459161,-0.5772916165517272,68.97215119847286,95.28413834079257,81.71918844691636
2019-05-08,31.625,24.5,7.9,0.0,24.625,111.73557285504906,2.358,128,5,2,0.8064799463209448,-0.5912614448635781,92.02177201423514,66.84480850427948,88.13215478274059
2019-05-09,32.275,23.75,9.4,0.0,24.669999999999998,68.07668245720767,2.21,129,5,3,0.7961828637826158,-0.6050560696488488,111.73557285504906,94.05101645150167,84.42153564069858
2019-05-10,31.95,26.0,9.975,0.0,20.8,95.80865974775253,2.444,130,5,4,0.7856498550787147,-0.6186714032625031,68.07668245720767,130.66814046718775,79.44160982363641
2019-05-11,29.725,37.0,8.075,0.22499999999999998,20.3675,77.72302209371769,2.556,131,5,5,0.7748840413670407,-0.6321034111873487,95.80865974775253,62.09977537427443,81.6735022121283
2019-05-12,29.5,40.5,8.45,0.0,22.825,86.86455840917462,2.213,132,5,6,0.7638886127905428,-0.6453481132295501,77.72302209371769,57.376655118463155,85.88605982508707
2019-05-13,30.1,39.25,7.575,0.025,19.810000000000002,104.91966485818595,2.224,133,5,0,0.7526668275320085,-0.6584015846980488,86.86455840917462,68.97215119847286,91.02141891933181
2019-05-14,28.175,49.0,7.6000000000000005,0.1,22.3425,124.55908635209211,2.167,134,5,1,0.7412220108485958,-0.6712599575675313,104.91966485818595,92.02177201423514,95.6696066818828
2019-05-15,28.175,50.5,8.225,0.475,19.97,140.513047713023,2.136,135,5,2,0.7295575540864875,-0.6839194216246106,124.55908635209211,111.73557285504906,99.78067451873622
2019-05-16,27.45,55.25,6.475,0.55,22.0125,114.06077416383647,2.185,136,5,3,0.717676913675962,-0.6963762255968722,140.513047713023,68.07668245720767,106.34983047682606
2019-05-17,25.525,65.75,7.75,11.125,12.7,116.14380622550522,2.256,137,5,4,0.705583610107178,-0.7086266782644596,114.06077416383647,95.80865974775253,109.2548514022193
2019-05-18,26.95,59.5,9.2,0.3,23.14,107.9277466430968,2.138,138,5,5,0.6932812268869777,-0.7206671495538609,116.14380622550522,77.72302209371769,113.5698120521306
2019-05-19,29.45,44.75,7.625,0.0,23.52,101.70465790775982,1.971,139,5,6,0.6807734094770161,-0.7324940716135789,107.9277466430968,86.86455840917462,115.68982626621421
2019-05-20,30.325,38.0,9.975,0.0,21.775,100.52838547693376,1.916,140,5,0,0.6680638642135335,-0.7441039398713607,101.70465790775982,104.91966485818595,115.06250064032103
2019-05-21,31.2,34.25,8.275,0.0,24.2025,90.19222341337836,2.043,141,5,1,0.6551563572090853,-0.7554933140726803,100.52838547693376,124.55908635209211,110.15294879193335
2019-05-22,31.75,33.25,8.2,0.0,22.1225,132.68456043664867,1.857,142,5,2,0.6420547132365637,-0.766658819300159,90.19222341337836,140.513047713023,109.03459346673701
2019-05-23,30.875,40.0,8.125,0.15,18.1075,96.62634419719483,1.76,143,5,3,0.6287628145958344,-0.7775971469736269,132.68456043664867,114.06077416383647,106.54396061435965
2019-05-24,28.375,50.5,7.875,0.175,20.6225,82.19460133471352,1.801,144,5,4,0.6152845999633276,-0.7883050558305255,96.62634419719483,116.14380622550522,101.6940742013894
2019-05-25,28.6,48.0,10.325,0.0,23.880000000000003,90.05965997474603,2.109,145,5,5,0.6016240632249226,-0.7987793728863649,82.19460133471352,107.9277466430968,99.14149039162498
2019-05-26,30.125,39.5,9.425,0.0,24.302500000000002,104.94086409000202,1.747,146,5,6,0.5877852522924732,-0.8090169943749473,90.05965997474603,101.70465790775982,99.60380556051673
2019-05-27,31.125,32.5,9.625,0.0,25.064999999999998,67.40760172015297,1.635,147,5,0,0.5737722679043246,-0.8190148866680801,104.94086409000202,100.52838547693376,94.87226502383376
2019-05-28,32.1,24.75,9.7,0.0,25.314999999999998,52.80778925285188,1.545,148,5,1,0.5595892624101765,-0.8287700871745038,67.40760172015297,90.19222341337836,89.53163157232999
2019-05-29,33.3,27.0,9.425,0.0,23.8225,63.96634627157926,1.749,149,5,2,0.545240438540651,-0.8382797052177744,52.80778925285188,132.68456043664867,79.71474383446294
2019-05-30,34.125,24.0,7.9,0.0,24.7225,104.54830823686402,1.537,150,5,3,0.5307300481619334,-0.8475409228928311,63.96634627157926,96.62634419719483,80.8464529829871
2019-05-31,34.900000000000006,24.0,7.925000000000001,0.0,24.6,111.53388802359494,1.794,151,5,4,0.5160623910158528,-0.8565509959010036,104.54830823686402,82.19460133471352,85.03777965282731
2019-06-01,34.8,27.0,9.1,0.0,23.5375,66.31935063238802,1.444,152,6,5,0.5012418134457758,-0.865307254363206,111.53388802359494,90.05965997474603,81.6463068896333
2019-06-02,33.975,36.25,9.95,0.0,23.0675,109.25954490163372,1.888,153,6,6,0.48627270710868997,-0.8738071036110808,66.31935063238802,104.94086409000202,82.26326129129497
2019-06-03,33.75,40.5,13.975,0.725,22.665,83.80527046479233,1.37,154,6,0,0.4711595076738638,-0.8820480249558537,109.25954490163372,67.40760172015297,84.60578539767202
2019-06-04,33.525,43.0,14.05,0.125,21.6875,69.53145546744743,1.314,155,6,1,0.4559066935084588,-0.8900275764346767,83.80527046479233,52.80778925285188,86.99488057118567
2019-06-05,34.75,33.0,7.875,0.0,22.7175,97.83632669651695,1.423,156,6,2,0.440518784350495,-0.8977433935342337,69.53145546744743,63.96634627157926,91.83344920331963
2019-06-06,33.85,26.25,9.575,0.0,21.5725,74.99419717303314,1.348,157,6,3,0.42500033996955416,-0.9051931898913974,97.83632669651695,104.54830823686402,87.61143333705807
2019-06-07,32.75,34.0,7.5,0.0,23.807499999999997,119.06470741081216,1.432,158,6,4,0.4093559588156213,-0.9123747579707273,74.99419717303314,111.53388802359494,88.68726467808912
2019-06-08,33.75,29.5,8.575,0.0,22.88,89.43465898845973,1.291,159,6,5,0.39359027665646673,-0.9192859697186104,119.06470741081216,66.31935063238802,91.98945158609935
2019-06-09,34.6,27.75,7.35,0.0,23.3475,73.68005993170462,1.287,160,6,6,0.3777079652039649,-0.9259247771938498,89.43465898845973,109.25954490163372,86.90666801896661
2019-06-10,35.375,27.25,7.15,0.0,24.335,106.5232828520419,1.469,161,6,0,0.36171373072976765,-0.9322892131745133,73.68005993170462,83.80527046479233,90.15209836000227
2019-06-11,35.55,26.75,8.925,0.0,22.509999999999998,83.60061346592562,1.401,162,6,1,0.3456123126707335,-0.9383773917408641,106.5232828520419,69.53145546744743,92.16197807407059
2019-06-12,34.725,32.5,14.475,0.325,20.105,55.765972324159385,1.406,163,6,2,0.3294084822245304,-0.9441875088341993,83.60061346592562,97.83632669651695,86.15192744944808
2019-06-13,34.45,35.25,8.275,0.0,22.6475,97.84259755226738,1.219,164,6,3,0.3131070409358269,-0.9497178427914316,55.765972324159385,74.99419717303314,89.41598464648155
2019-06-14,34.225,24.75,9.75,0.0,24.9025,93.80245181983965,1.308,165,6,4,0.29671281927349075,-0.9549667548552551,97.84259755226738,119.06470741081216,85.80709099062832
2019-06-15,34.8,26.75,10.4,0.05,21.5775,75.27878586605294,1.4,166,6,5,0.28023067519921585,-0.9599326896597447,93.80245181983965,89.43465898845973,83.78482340171307
2019-06-16,32.85,42.5,11.825,0.275,19.675,112.85453444314783,1.424,167,6,6,0.26366549272800704,-0.9646141756912435,75.27878586605294,73.68005993170462,89.38117690334782
2019-06-17,31.675,53.5,10.9,0.55,20.725,116.16133812087894,1.284,168,6,0,0.24702218048093552,-0.9690098257244062,112.85453444314783,106.5232828520419,90.75804194175312
2019-06-18,28.8,62.75,8.325,2.15,18.3,122.03121002452659,1.678,169,6,1,0.23030567023061221,-0.9731183372332619,116.16133812087894,83.60061346592562,96.24812716441038
2019-06-19,31.5,52.75,5.225,0.0,22.932499999999997,148.5733867102339,1.246,170,6,2,0.21352091543979612,-0.9769384927771817,122.03121002452659,55.765972324159385,109.50632921956388
2019-06-20,31.450000000000003,50.75,7.85,0.05,20.8325,63.98797481775055,1.32,171,6,3,0.19667288979357647,-0.980469160361632,148.5733867102339,97.84259755226738,104.66995454320434
2019-06-21,31.325,51.75,7.15,0.0,22.075,131.83266193675752,1.277,172,6,4,0.1797665857255624,-0.9837092937736097,63.98797481775055,93.80245181983965,110.10284170276404
2019-06-22,33.2,43.0,6.3500000000000005,0.0,23.502499999999998,160.21595077494703,1.211,173,6,5,0.16280701293851715,-0.986657932891657,131.83266193675752,75.27878586605294,122.23672240403462
2019-06-23,33.775,45.75,9.75,0.0,22.255,53.941188623893765,1.205,174,6,6,0.1457991969198751,-0.9893142039703663,160.21595077494703,112.85453444314783,113.8205301441412
2019-06-24,30.775,62.5,11.025,2.65,17.4825,109.22015942061059,1.207,175,6,0,0.12874817745258132,-0.99167731989929,53.941188623893765,116.16133812087894,112.82893318695999
2019-06-25,31.325,62.25,6.85,0.525,19.865000000000002,141.35785337971953,1.211,176,6,1,0.11165900712169512,-0.993746580436178,109.22015942061059,122.03121002452659,115.58988223770184
2019-06-26,33.8,47.5,8.875,0.0,22.71,93.43360000969025,1.219,177,6,2,0.09453674981719912,-0.9955213724144752,141.35785337971953,148.5733867102339,107.7127698519099
2019-06-27,33.675,43.25,9.1,0.0,22.9575,108.14737644460641,1.434,178,6,3,0.07738647923346301,-0.9970011699250151,93.43360000969025,63.98797481775055,114.02125579860358
2019-06-28,34.25,44.25,9.25,0.0,23.06,115.34288233244011,1.238,179,6,4,0.06021327736579302,-0.9981855344718586,108.14737644460641,131.83266193675752,111.66557299798681
2019-06-29,34.875,42.5,8.45,0.0,22.8525,100.62779082935083,1.352,180,6,5,0.04302223300453059,-0.99907411510223,115.34288233244011,160.21595077494703,103.1529787200445
2019-06-30,34.349999999999994,43.75,7.15,0.0,22.1275,114.57497815867106,1.278,181,6,6,0.02581844022713308,-0.9996666485105112,100.62779082935083,53.941188623893765,111.8149486535841
2019-07-01,34.2,47.0,8.375,0.0,21.9925,95.98665005114516,1.254,182,7,0,0.008606996888688698,-0.9999629591162655,114.57497815867106,109.22015942061059,109.92444731508905
2019-07-02,34.475,45.25,6.35,0.0,22.7675,119.29945825155194,1.242,183,7,1,-0.008606996888688009,-0.9999629591162655,95.98665005114516,141.35785337971953,106.7732480110651
2019-07-03,34.75,48.75,6.95,0.0,21.285,99.59847553962402,1.298,184,7,2,-0.02581844022713239,-0.9996666485105112,119.29945825155194,93.43360000969025,107.65394451534135
2019-07-04,33.6,57.75,8.75,1.1,19.445,74.64982039141371,1.292,185,7,3,-0.04302223300453034,-0.99907411510223,99.59847553962402,108.14737644460641,102.86857936488526
2019-07-05,32.175,65.0,7.475,1.525,20.7425,117.74929732407371,1.402,186,7,4,-0.060213277365792774,-0.9981855344718586,74.64982039141371,115.34288233244011,103.21235293511863
2019-07-06,31.8,68.5,7.65,3.4,19.947499999999998,94.0279868015468,1.221,187,7,5,-0.07738647923346322,-0.9970011699250151,117.74929732407371,100.62779082935083,102.26952378828948
2019-07-07,31.325,69.75,5.825,6.4,20.6025,151.66943165812245,1.284,188,7,6,-0.09453674981719933,-0.9955213724144752,94.0279868015468,114.57497815867106,107.56873143106827
2019-07-08,32.45,65.75,7.525,0.725,21.19,160.93773801793674,1.484,189,7,0,-0.11165900712169444,-0.9937465804361781,151.66943165812245,95.98665005114516,116.84745828346705
2019-07-09,30.65,74.25,11.025,7.2,18.0925,124.00668581173564,1.324,190,7,1,-0.12874817745258066,-0.99167731989929,160.93773801793674,119.29945825155194,117.5199193634933
2019-07-10,30.5,75.75,8.175,1.5750000000000002,17.7125,124.51247512099334,1.248,191,7,2,-0.14579919691987442,-0.9893142039703664,124.00668581173564,99.59847553962402,121.07906216083177
2019-07-11,31.325000000000003,74.0,8.05,7.375,19.37,135.76913746962967,1.322,192,7,3,-0.16280701293851646,-0.9866579328916572,124.51247512099334,74.64982039141371,129.81039317200546
2019-07-12,30.400000000000002,76.25,10.125,12.1,18.13,92.26477111647596,1.201,193,7,4,-0.17976658572556214,-0.9837092937736098,135.76913746962967,117.74929732407371,126.16974657092008
2019-07-13,29.475,75.5,9.175,5.9,15.715,125.06115016717702,1.296,194,7,5,-0.19667288979357622,-0.9804691603616321,92.26477111647596,94.0279868015468,130.60305562315298
2019-07-14,27.675,82.5,9.325,15.649999999999999,14.1025,122.70896558178761,1.288,195,7,6,-0.2135209154397959,-0.9769384927771817,125.06115016717702,151.66943165812245,126.46584618367658
2019-07-15,27.65,82.25,8.625,10.65,17.5375,116.84640382657912,1.206,196,7,0,-0.23030567023061196,-0.973118337233262,122.70896558178761,160.93773801793674,120.16708415633977
2019-07-16,26.15,87.0,10.575,16.225,12.2675,91.33584667795009,1.278,197,7,1,-0.24702218048093527,-0.9690098257244063,116.84640382657912,124.00668581173564,115.49982142294182
2019-07-17,26.725,83.25,6.4,8.525,14.8975,166.50598207402555,1.405,198,7,2,-0.2636654927280072,-0.9646141756912435,91.33584667795009,124.51247512099334,121.49889384480358
2019-07-18,28.225,80.5,6.35,2.775,19.03,112.668595438421,1.265,199,7,3,-0.2802306751992161,-0.9599326896597445,166.50598207402555,135.76913746962967,118.19881641177376
2019-07-19,28.325,82.25,6.5,6.8500000000000005,19.2175,139.79592380514805,1.271,200,7,4,-0.2967128192734901,-0.9549667548552553,112.668595438421,92.26477111647596,124.98898108158406
2019-07-20,28.925,82.5,6.1499999999999995,9.225,20.2225,130.63158023469416,1.266,201,7,5,-0.3131070409358267,-0.9497178427914317,139.79592380514805,125.06115016717702,125.78475680551507
2019-07-21,29.4,83.75,7.175,4.7,18.895,121.1038875130254,1.377,202,7,6,-0.3294084822245302,-0.9441875088341994,130.63158023469416,122.70896558178761,125.55545993854905
2019-07-22,30.025,81.5,5.775,4.4,18.5275,133.7991324435966,1.242,203,7,0,-0.3456123126707333,-0.9383773917408642,121.1038875130254,116.84640382657912,127.97727831240869
2019-07-23,31.0,77.0,4.65,0.9750000000000001,21.47,140.87384547584824,1.227,204,7,1,-0.3617137307297674,-0.9322892131745134,133.7991324435966,91.33584667795009,135.05413528353702
2019-07-24,31.75,74.25,6.225,1.975,21.645,116.32074822036027,1.309,205,7,2,-0.37770796520396466,-0.9259247771938499,140.87384547584824,166.50598207402555,127.88481616158481
2019-07-25,28.025,85.75,11.95,19.875,12.7475,115.85628082599929,1.229,206,7,3,-0.39359027665646645,-0.9192859697186105,116.32074822036027,112.668595438421,128.3401997883817
2019-07-26,27.775,86.5,8.6,10.925,13.285,124.54517332702753,1.202,207,7,4,-0.4093559588156211,-0.9123747579707274,115.85628082599929,139.79592380514805,126.16152114865021
2019-07-27,27.05,89.75,10.25,11.475,10.032499999999999,151.38147334297344,1.329,208,7,5,-0.42500033996955394,-0.9051931898913975,124.54517332702753,130.63158023469416,129.1257915926901
2019-07-28,28.25,85.5,9.7,5.125,16.21,105.82754355408368,1.217,209,7,6,-0.4405187843504952,-0.8977433935342336,151.38147334297344,121.1038875130254,126.94345674141273
2019-07-29,29.625,80.25,7.85,0.7,20.3325,155.38501277716955,1.319,210,7,0,-0.455906693508459,-0.8900275764346766,105.82754355408368,133.7991324435966,130.02715393192312
2019-07-30,29.525,82.0,7.65,2.325,19.099999999999998,126.49891847288443,1.286,211,7,1,-0.47115950767386394,-0.8820480249558535,155.38501277716955,140.87384547584824,127.97359293149974
2019-07-31,27.95,84.25,9.975,5.6,12.4875,133.31906732230425,1.37,212,7,2,-0.4862727071086902,-0.8738071036110807,126.49891847288443,116.32074822036027,130.40192423177746
2019-08-01,28.5,84.0,7.775,6.075,16.685000000000002,158.68227713547049,1.238,213,8,3,-0.5012418134457756,-0.8653072543632061,133.31906732230425,115.85628082599929,136.51992370455906
2019-08-02,27.025,91.0,5.975,40.05,8.42,144.01735352498926,1.348,214,8,4,-0.5160623910158526,-0.8565509959010037,158.68227713547049,124.54517332702753,139.3016637328393
2019-08-03,28.1,87.0,6.625,4.25,16.085,146.51831269422394,1.501,215,8,5,-0.5307300481619331,-0.8475409228928312,144.01735352498926,151.38147334297344,138.60692649730365
2019-08-04,29.35,84.75,4.225,1.575,19.8,136.58314726584422,1.258,216,8,6,-0.5452404385406507,-0.8382797052177745,146.51831269422394,105.82754355408368,143.0005841704123
2019-08-05,30.125,83.75,4.6,2.5,19.0475,148.5839599689303,1.206,217,8,0,-0.5595892624101763,-0.828770087174504,136.58314726584422,155.38501277716955,142.0290051978067
2019-08-06,29.075000000000003,86.25,9.375,4.8,16.805,136.97466354995592,1.262,218,8,1,-0.5737722679043243,-0.8190148866680802,148.5839599689303,126.49891847288443,143.52554020881692
2019-08-07,29.125,83.0,6.75,1.0750000000000002,17.634999999999998,108.37174256885459,1.38,219,8,2,-0.5877852522924734,-0.8090169943749472,136.97466354995592,133.31906732230425,139.9616366726098
2019-08-08,30.025,78.75,5.425,0.275,18.415,117.71338284901394,1.206,220,8,3,-0.6016240632249227,-0.7987793728863648,108.37174256885459,158.68227713547049,134.10893748883032
2019-08-09,28.95,83.0,9.925,5.05,15.357499999999998,144.8117598076715,1.212,221,8,4,-0.6152845999633277,-0.7883050558305253,117.71338284901394,144.01735352498926,134.22242410064206
2019-08-10,28.85,81.25,12.325,5.1499999999999995,16.5125,96.34192107497796,1.212,222,8,5,-0.6287628145958345,-0.7775971469736268,144.8117598076715,146.51831269422394,127.05436815503549
2019-08-11,29.725,80.0,6.300000000000001,4.375,19.355,130.50715182619214,1.202,223,8,6,-0.6420547132365636,-0.7666588193001592,96.34192107497796,136.58314726584422,126.18636880651376
2019-08-12,29.45,85.0,4.875,4.3,15.8575,170.05901592931914,1.218,224,8,0,-0.655156357209085,-0.7554933140726804,130.50715182619214,148.5839599689303,129.2542339437122
2019-08-13,29.225,84.5,6.75,9.5,16.5225,149.24106517834633,1.3,225,8,1,-0.6680638642135333,-0.7441039398713608,170.05901592931914,136.97466354995592,131.00657703348222
2019-08-14,28.625,87.0,7.8,8.725,15.4975,114.98442160181318,1.222,226,8,2,-0.6807734094770159,-0.7324940716135792,149.24106517834633,108.37174256885459,131.95124546676203
2019-08-15,28.675,86.75,6.125,2.775,15.555,148.57901978543106,1.517,227,8,3,-0.6932812268869771,-0.7206671495538615,114.98442160181318,117.71338284901394,136.36062217196448
2019-08-16,28.525,84.5,7.35,6.4,17.009999999999998,134.1460508384277,1.253,228,8,4,-0.7055836101071774,-0.70862667826446,148.57901978543106,144.8117598076715,134.8369494620725
2019-08-17,26.2,91.75,11.55,52.775,5.6675,153.2372519511464,1.217,229,8,5,-0.7176769136759615,-0.6963762255968726,134.1460508384277,96.34192107497796,142.9648538729537
2019-08-18,26.725,83.75,8.725,30.075,18.5825,123.69085993255752,1.242,230,8,6,-0.7295575540864876,-0.6839194216246105,153.2372519511464,130.50715182619214,141.99109788814877
2019-08-19,27.0,84.5,7.449999999999999,22.349999999999998,17.302500000000002,165.87131826463704,1.314,231,8,0,-0.7412220108485957,-0.6712599575675315,123.69085993255752,170.05901592931914,141.39285536462276
2019-08-20,28.325,79.25,6.550000000000001,0.2,22.91,134.65575306808017,1.257,232,8,1,-0.7526668275320083,-0.6584015846980489,165.87131826463704,149.24106517834633,139.30923934887045
2019-08-21,29.175,76.75,6.225,0.0,23.0175,168.2419059506104,2.337,233,8,2,-0.7638886127905429,-0.64534811322955,134.65575306808017,114.98442160181318,146.9174513986986
2019-08-22,29.4,78.25,5.375,0.3,21.6075,156.75713057937554,1.528,234,8,3,-0.7748840413670406,-0.6321034111873488,168.2419059506104,148.57901978543106,148.0857529406907
2019-08-23,29.6,80.0,5.0,0.5,21.2675,158.7385812447398,1.386,235,8,4,-0.7856498550787144,-0.6186714032625032,156.75713057937554,134.1460508384277,151.59897157016385
2019-08-24,29.9,79.25,5.025,2.075,19.259999999999998,153.22694274645525,1.507,236,8,5,-0.7961828637826154,-0.6050560696488494,158.7385812447398,153.2372519511464,151.59749882663655
2019-08-25,28.75,83.0,10.0,0.7999999999999999,16.634999999999998,139.2142933107954,1.213,237,8,6,-0.8064799463209447,-0.5912614448635782,153.22694274645525,123.69085993255752,153.81513216638479
2019-08-26,29.0,79.75,6.8999999999999995,0.2,16.72,117.23330269615474,1.215,238,8,0,-0.8165380514459157,-0.5772916165517278,139.2142933107954,165.87131826463704,146.8668442280302
2019-08-27,29.900000000000002,78.5,4.95,0.275,20.2475,184.90171899029082,1.478,239,8,1,-0.8263541987239094,-0.5631507242749187,117.23330269615474,134.65575306808017,154.04483935977456
2019-08-28,30.925,76.0,4.6,0.2,20.33,186.07733867926697,1.476,240,8,2,-0.8359254794186365,-0.5488429582847199,184.90171899029082,168.2419059506104,156.59275832101122
2019-08-29,30.725,78.5,6.375,0.975,18.58,124.38900745579254,1.51,241,8,3,-0.8452490573530634,-0.5343725582809785,186.07733867926697,156.75713057937554,151.96874073192794
2019-08-30,29.925,80.75,6.7,6.275,18.5225,164.00564207021054,1.323,242,8,4,-0.8543221697498269,-0.5197438121555157,124.38900745579254,158.7385812447398,152.72117799270947
2019-08-31,30.325,80.5,4.65,3.0500000000000003,18.560000000000002,117.49217692487429,1.264,243,8,5,-0.8631421280499115,-0.5049610547215202,164.00564207021054,153.22694274645525,147.61621144676934
2019-09-01,28.9,85.0,7.95,8.2,16.23,176.29758215947987,1.435,244,9,6,-0.8717063187093217,-0.4900286664290594,117.49217692487429,139.2142933107954,152.91382413943853
2019-09-02,29.2,82.0,5.75,1.1,18.6675,173.05472292002682,1.242,245,9,0,-0.8800122039735356,-0.4749510720670502,176.29758215947987,117.23330269615474,160.88831274284885
2019-09-03,30.3,78.25,4.3,0.15000000000000002,20.1575,141.25650167748987,1.524,246,9,1,-0.888057322629493,-0.4597327394521046,173.05472292002682,184.90171899029082,154.653281698163
2019-09-04,30.3,79.0,7.0,1.2,18.877499999999998,169.94000928637377,1.619,247,9,2,-0.8958392907349089,-0.4443781781046134,141.25650167748987,186.07733867926697,152.34794892774968
2019-09-05,29.075,82.75,9.25,6.625,17.1875,155.76395851615095,1.426,248,9,3,-0.9033558023246842,-0.4288919379124841,169.94000928637377,124.38900745579254,156.83008479351517
2019-09-06,29.575,81.0,6.6,1.4000000000000001,19.049999999999997,149.7784014366881,1.515,249,9,4,-0.9106046300942162,-0.41327860778290443,155.76395851615095,164.00564207021054,154.7976218458691
2019-09-07,29.924999999999997,79.0,7.049999999999999,0.675,19.185000000000002,127.49591089434034,1.334,250,9,5,-0.9175836260593934,-0.3975428142825566,149.7784014366881,117.49217692487429,156.22672669864997
2019-09-08,29.9,78.5,6.45,0.4,19.14,110.66994792011465,1.511,251,9,6,-0.9242907221930934,-0.3816892202666586,127.49591089434034,176.29758215947987,146.85135037874065
2019-09-09,30.425,75.75,5.8,0.2,20.2425,135.65438478648406,1.825,252,9,0,-0.9307239310379793,-0.3657225234972692,110.66994792011465,173.05472292002682,141.50844493109167
2019-09-10,31.025,74.25,5.95,0.175,20.305,136.81617904203102,1.326,253,9,1,-0.9368813462954315,-0.34964745525122826,135.65438478648406,141.25650167748987,140.87411312602612
2019-09-11,31.7,73.25,7.15,0.025,20.5825,142.45488383069718,1.454,254,9,2,-0.9427611433904206,-0.33346877891818705,136.81617904203102,169.94000928637377,136.94766663235805
2019-09-12,31.6,73.25,9.5,0.225,19.375,114.45503845923847,1.301,255,9,3,-0.9483615800121716,-0.31719128858910595,142.45488383069718,155.76395851615095,131.0463923385134
2019-09-13,30.725,74.5,9.175,0.07500000000000001,18.93,126.0791534002778,1.555,256,9,4,-0.9536809966304455,-0.300819807635668,114.45503845923847,149.7784014366881,127.66078547616908
2019-09-14,30.25,75.25,7.875,1.95,17.880000000000003,103.98230230309065,1.436,257,9,5,-0.9587178169872964,-0.2843591872810036,126.0791534002778,127.49591089434034,124.30169853456198
2019-09-15,30.025,74.0,7.074999999999999,0.35,18.855,126.51328818783688,1.347,258,9,6,-0.9634705485641486,-0.26781430516217486,103.98230230309065,110.66994792011465,126.5650328585223
2019-09-16,29.8,74.0,6.6,0.825,18.8575,125.07819421563919,1.375,259,9,0,-0.9679377830240642,-0.25119006388481957,126.51328818783688,135.65438478648406,125.05414849125874
2019-09-17,29.725,72.75,7.15,0.9999999999999999,18.384999999999998,145.43355307321184,1.38,260,9,1,-0.9721181966290612,-0.23449138957041052,125.07819421563919,136.81617904203102,126.28520192428458
2019-09-18,29.1,73.25,10.225,1.25,17.207500000000003,98.0246404952174,1.541,261,9,2,-0.9760105506323682,-0.21772323039653224,145.43355307321184,142.45488383069718,119.93802430493032
2019-09-19,28.375,72.0,12.325,1.2,16.53,66.31152958895953,1.518,262,9,3,-0.9796136916454901,-0.20089055513063528,98.0246404952174,114.45503845923847,113.06038018060475
2019-09-20,28.075,72.75,6.925,0.525,18.405,145.26740018229452,1.66,263,9,4,-0.9829265519799822,-0.18399835165767986,66.31152958895953,126.0791534002778,115.80155829232142
2019-09-21,28.025,73.5,5.15,4.25,18.0425,119.76480546021087,1.646,264,9,5,-0.9859481499638303,-0.1670516255021195,145.26740018229452,103.98230230309065,118.05620160048146
2019-09-22,28.0,73.25,8.2,1.575,18.2575,120.97996016168676,1.568,265,9,6,-0.9886775902323404,-0.15005539834465262,119.76480546021087,126.51328818783688,117.2657261681743
2019-09-23,28.0,71.5,6.175,0.2,18.555,132.19996248737752,1.587,266,9,0,-0.9911140639934546,-0.13301470653419636,120.97996016168676,125.07819421563919,118.2831216355655
2019-09-24,28.575,69.0,5.75,0.2,17.9375,134.13586688540462,1.764,267,9,1,-0.9932568492674143,-0.11593459959550066,132.19996248737752,145.43355307321184,116.66916646587876
2019-09-25,28.8,72.25,7.25,0.45,17.0075,132.63823313597817,1.67,268,9,2,-0.9951053111006974,-0.09882013873287211,134.13586688540462,98.0246404952174,121.61396541455885
2019-09-26,28.4,73.25,7.65,1.8,16.377499999999998,174.35073074541123,1.72,269,9,3,-0.99665890175417,-0.08167639533042288,132.63823313597817,66.31152958895953,137.04813700833768
2019-09-27,27.425,76.75,7.275,3.1,14.1175,158.7215836637527,1.896,270,9,4,-0.9979171608653922,-0.06450844944931625,174.35073074541123,145.26740018229452,138.97016321997455
2019-09-28,26.75,78.75,7.625,5.35,15.6625,152.37767018335956,2.016,271,9,5,-0.9988797155850335,-0.04732138832243232,158.7215836637527,119.76480546021087,143.6291438947101
2019-09-29,25.575,78.0,10.15,1.7750000000000001,13.225,146.42699642971797,2.041,272,9,6,-0.9995462806873573,-0.03012030484690836,152.37767018335956,120.97996016168676,147.2644347901431
2019-09-30,25.05,81.25,6.55,12.000000000000002,15.1725,188.83497645817846,1.994,273,9,0,-0.9999166586547379,-0.012910296075008843,146.42699642971797,132.19996248737752,155.3551510716861
2019-10-01,25.175,79.5,7.175,0.875,14.9575,126.71037339328068,2.245,274,10,1,-0.9999907397361901,0.004303538296243821,188.83497645817846,134.13586688540462,154.29436628709695
2019-10-02,26.025,75.75,6.025,0.07500000000000001,17.585,113.73752587368662,2.426,275,10,2,-0.9997685019798909,0.021516097436222233,126.71037339328068,132.63823313597817,151.59426524962674
2019-10-03,25.575,75.75,6.35,3.175,16.0975,113.57458432224689,2.283,276,10,3,-0.9992500112396835,0.03872228089217399,113.73752587368662,174.35073074541123,142.91195861774614
2019-10-04,24.225,76.75,7.1,2.65,14.805,175.77907850951465,2.61,277,10,4,-0.9984354211555643,0.05591699010060302,113.57458432224689,158.7215836637527,145.34874359571214
2019-10-05,24.75,69.75,8.55,0.0,18.42,125.15533011641466,2.448,278,10,5,-0.9973249731081555,0.07309512989807776,175.77907850951465,152.37767018335956,141.45983787186285
2019-10-06,24.875,68.25,8.075,0.0,14.7775,158.26000425147942,2.613,279,10,6,-0.9959189961471792,0.0902516100310407,125.15533011641466,146.42699642971797,143.1502675606859
2019-10-07,25.5,62.0,9.55,0.05,16.705,113.36664998803383,2.711,280,10,0,-0.994217906893952,0.10738134666416306,158.26000425147942,188.83497645817846,132.36907806495097
2019-10-08,24.6,62.5,6.475,0.0,18.185,150.0828016508222,2.788,281,10,1,-0.9922222094179324,0.12447926388678869,113.36664998803383,126.71037339328068,135.70799638745692
2019-10-09,24.55,66.5,5.7,0.0,16.4975,133.96511087360358,3.084,282,10,2,-0.989932495087353,0.141540295217043,150.0828016508222,113.73752587368662,138.59765138744504
2019-10-10,25.125,66.75,5.325,0.0,17.2775,98.69454498647669,3.07,283,10,3,-0.9873494423939864,0.15855938510313475,133.96511087360358,113.57458432224689,136.471931482335
2019-10-11,25.5,65.0,5.9,0.0,16.9875,117.46435083176996,3.153,284,10,4,-0.9844738167520923,0.17553149042142777,98.69454498647669,175.77907850951465,128.14125609980005
2019-10-12,25.85,65.0,5.95,0.0,16.6,131.4472025215378,3.518,285,10,5,-0.9813064702716093,0.19245158197082995,117.46435083176996,125.15533011641466,129.04009501481764
2019-10-13,25.8,65.75,5.95,0.0,16.5,123.36497101038827,3.852,286,10,6,-0.9778483415056567,0.20931464596304888,131.4472025215378,158.26000425147942,124.05509026609035
2019-10-14,26.175,65.5,5.525,0.0,16.495,138.2723794252932,3.533,287,10,0,-0.9741004551724206,0.22611568550828803,123.36497101038827,113.36664998803383,127.61305161427025
2019-10-15,26.275,67.25,5.7,0.0,16.4925,157.53862235515365,3.976,288,10,1,-0.970063921851507,0.2428497220959358,138.2723794252932,150.0828016508222,128.67816885774616
2019-10-16,26.125,69.75,5.925,0.0,15.8675,118.97044705324046,4.031,289,10,2,-0.965739937654855,0.25951179706979943,157.53862235515365,133.96511087360358,126.53607402626572
2019-10-17,25.125,72.0,7.3,2.825,14.705,154.8405151836854,3.962,290,10,3,-0.9611297838723007,0.27609697309746883,118.97044705324046,98.69454498647669,134.55692691158126
2019-10-18,23.5,73.5,9.225,5.475,12.2425,96.96231454556398,4.098,291,10,4,-0.9562348265919058,0.2926003356333479,154.8405151836854,117.46435083176996,131.6280645849804
2019-10-19,24.05,61.0,7.949999999999999,0.0,16.26,116.43085656066367,4.516,292,10,5,-0.9510565162951536,0.30901699437494723,96.96231454556398,131.4472025215378,129.48287230485553
2019-10-20,23.375,60.25,7.9,0.0,15.88,112.79886727462318,4.265,293,10,6,-0.9455963874271428,0.3253420847119795,116.43085656066367,123.36497101038827,127.97342891403194
2019-10-21,22.775,62.75,7.975,0.0,16.475,88.13531300206351,4.468,294,10,0,-0.9398560579418953,0.341570769167856,112.79886727462318,138.2723794252932,120.81099085357054
2019-10-22,23.225,58.75,9.125,0.0,16.5975,113.16207797489348,4.789,295,10,1,-0.9338372288229252,0.35769823883312546,88.13531300206351,157.53862235515365,114.47148451353338
2019-10-23,23.575,61.5,7.125,0.0,15.865,120.2238818525603,4.73,296,10,2,-0.9275416835791965,0.3737197147904692,113.16207797489348,118.97044705324046,114.65054662772194
2019-10-24,23.6,63.75,6.5249999999999995,0.0,15.3125,134.8481173079901,4.674,297,10,3,-0.9209712877166347,0.38963044953078774,120.2238818525603,154.8405151836854,111.79448978833689
2019-10-25,23.625,65.5,5.425,0.0,15.015,138.60170492121117,4.76,298,10,4,-0.9141279881853337,0.4054257283599973,134.8481173079901,96.96231454556398,117.74297412771504
2019-10-26,23.1,68.25,5.775,0.0,15.3725,121.9501458953523,4.803,299,10,5,-0.9070138128026362,0.42110087079608916,138.60170492121117,116.43085656066367,118.53144403267058
2019-10-27,23.1,64.0,8.325,0.0,15.67,108.97901138963296,5.058,300,10,6,-0.8996308696522434,0.4366512319560638,121.9501458953523,112.79886727462318,117.98575033481484
2019-10-28,23.35,68.75,6.8,0.0,15.2425,144.6532821100793,5.21,301,10,0,-0.8919813464595487,0.45207220393230374,108.97901138963296,88.13531300206351,126.05974592167422
2019-10-29,24.025,68.0,5.475,0.0,14.39,169.2338334760171,5.034,302,10,1,-0.8840675099433637,0.46735921715800205,144.6532821100793,113.16207797489348,134.06999670754902
2019-10-30,24.05,70.25,6.25,0.0,14.4625,186.43143866963752,5.049,303,10,2,-0.8758917051442433,0.48250774176121763,169.2338334760171,120.2238818525603,143.52821910998864
2019-10-31,23.924999999999997,69.5,6.25,0.0,14.71,136.01362409569487,5.031,304,10,3,-0.8674563547295971,0.4975132889071803,186.43143866963752,134.8481173079901,143.69472007966075
2019-11-01,23.275,70.0,6.525,0.0,10.33,122.72053694360481,5.048,305,11,4,-0.858763958275803,0.5123714121284235,136.01362409569487,138.60170492121117,141.42598179714554
2019-11-02,22.025,77.0,7.35,0.35000000000000003,8.705,106.06770497608275,5.01,306,11,5,-0.8498170915275277,0.5270777086423724,122.72053694360481,121.9501458953523,139.15706166582135
2019-11-03,21.75,76.25,6.85,1.1500000000000001,12.9425,160.0886320417444,5.446,307,11,6,-0.8406184056344783,0.5416278206559811,106.06770497608275,108.97901138963296,146.45843604469437
2019-11-04,21.975,68.0,9.025,0.0,14.2475,145.8152709920641,5.14,308,11,0,-0.8311706263658079,0.5560174366570446,160.0886320417444,144.6532821100793,146.6244344564065
2019-11-05,22.025,63.0,8.775,0.0,14.5125,106.38958935537863,5.121,309,11,1,-0.8214765533024145,0.5702422926917867,145.8152709920641,169.2338334760171,137.6466852963153
2019-11-06,22.25,58.75,9.15,0.47500000000000003,12.337499999999999,138.87746866666012,4.901,310,11,2,-0.8115390590073611,0.5842981736283683,106.38958935537863,186.43143866963752,130.85326101017566
2019-11-07,19.425,75.75,13.95,17.15,8.9025,102.2391408285553,4.889,311,11,3,-0.801361088174677,0.5981809144059158,138.87746866666012,136.01362409569487,126.02833482915572
2019-11-08,19.0,74.25,8.775,7.35,12.8775,123.83283819353609,4.723,312,11,4,-0.7909456567567774,0.6118864012687242,102.2391408285553,122.72053694360481,126.18723500771735
2019-11-09,18.775,66.5,8.7,0.0,14.2575,136.4110215663498,4.681,313,11,5,-0.780295851070776,0.6254105729852457,123.83283819353609,106.06770497608275,130.52199452061262
2019-11-10,17.925,64.5,7.025,0.0,14.15,135.04934543222754,4.744,314,11,6,-0.7694148268839381,0.6387494220515268,136.4110215663498,160.0886320417444,126.94495357639595
2019-11-11,17.975,63.25,6.550000000000001,0.0,10.68,136.68934033886006,4.522,315,11,0,-0.7583058084785625,0.6518989958787125,135.04934543222754,145.8152709920641,125.6412491973668
2019-11-12,18.25,69.25,6.65,0.0,11.8725,133.02013279134334,4.413,316,11,1,-0.7469720876965551,0.6648553979642866,136.68934033886006,106.38958935537863,129.44561254536174
2019-11-13,18.6,75.0,6.5,0.0,9.545,132.02595650333055,4.262,317,11,2,-0.7354170229639858,0.6776147890466887,133.02013279134334,138.87746866666012,128.46682509345752
2019-11-14,18.925,80.75,7.15,1.025,5.672499999999999,145.51361605326773,4.137,318,11,3,-0.7236440382959124,0.690173388242972,132.02595650333055,102.2391408285553,134.64889298270216
2019-11-15,20.075,74.25,8.55,0.75,9.8125,103.12550094909768,4.264,319,11,4,-0.711656622281775,0.7025274741691566,145.51361605326773,123.83283819353609,131.6907019477824
2019-11-16,20.125,71.5,9.725,0.0,11.1775,98.61190221259648,3.886,320,11,5,-0.6994583270516471,0.7146733860429608,103.12550094909768,136.4110215663498,126.29082775438906
2019-11-17,19.325,71.0,11.25,0.0,13.192499999999999,103.55752368778822,3.834,321,11,6,-0.6870527672236675,0.7266075247685652,98.61190221259648,135.04934543222754,121.79199607661201
2019-11-18,18.125,71.5,8.075,0.0,13.1375,134.12670060580544,3.722,322,11,0,-0.6744436188329457,0.7383263540031063,103.55752368778822,136.68934033886006,121.42590468617563
2019-11-19,17.675,69.25,6.75,0.0,12.442499999999999,160.89926037115794,3.723,323,11,1,-0.661634618242279,0.749826401204568,134.12670060580544,133.02013279134334,125.40863719757772
2019-11-20,17.125,73.0,4.925,0.0,11.59,136.66885754680752,3.405,324,11,2,-0.6486295610349818,0.7611042586607742,160.89926037115794,132.02595650333055,126.07190877521728
2019-11-21,16.8,78.0,5.4,0.0,9.215,133.79820644446994,3.258,325,11,3,-0.6354323008901775,0.7721565844991641,136.66885754680752,145.51361605326773,124.39827883110333
2019-11-22,17.425,78.25,6.525,0.0,7.3575,138.5312867121443,3.129,326,11,4,-0.622046748440868,0.7829801036770624,133.79820644446994,103.12550094909768,129.45624822582425
2019-11-23,18.65,70.0,8.575,0.025,10.41,121.18238980796984,3.093,327,11,5,-0.6084768701151264,0.7935716089521472,138.5312867121443,98.61190221259648,132.68060359659188
2019-11-24,17.925,70.75,6.5,0.0,12.065,109.36054491016787,3.185,328,11,6,-0.594726686960764,0.8039279618328208,121.18238980796984,103.55752368778822,133.50960662836042
2019-11-25,17.325,67.0,5.3,0.0,12.2,167.08186374313104,2.949,329,11,0,-0.5808002734538013,0.8140460935082175,109.36054491016787,134.12670060580544,138.2174870765498
2019-11-26,17.35,74.5,6.575,1.2000000000000002,8.4025,129.54532121262676,2.892,330,11,1,-0.5667017562911184,0.8239230057575536,167.08186374313104,160.89926037115794,133.73835291104533
2019-11-27,16.925,83.25,6.6499999999999995,9.1,7.8875,134.22371936781622,2.831,331,11,2,-0.5524353131676203,0.8335557718385695,129.54532121262676,136.66885754680752,133.3890474569037
2019-11-28,16.925,85.0,8.125,9.95,9.0225,111.32653453180782,3.05,332,11,3,-0.5380051715382992,0.8429415373547832,134.22371936781622,133.79820644446994,130.17880861223767
2019-11-29,16.2,83.0,6.575,0.42500000000000004,10.725000000000001,134.97014612626975,2.528,333,11,4,-0.5234156073655503,0.8520775211013093,111.32653453180782,138.5312867121443,129.67007424282704
2019-11-30,15.375,80.25,6.725,0.0,11.9875,135.44484633077408,2.463,334,11,5,-0.5086709438521042,0.8609610158889945,134.97014612626975,121.18238980796984,131.7075680317991
2019-12-01,15.024999999999999,71.0,7.5,0.0,12.209999999999999,125.00270162438794,2.183,335,12,6,-0.49377555015997737,0.8695893893466109,135.44484633077408,109.36054491016787,133.94216184811623
2019-12-02,14.6,69.25,8.075,0.0,12.2625,126.14048440935058,2.291,336,12,0,-0.4787338401157883,0.8779600847008883,125.00270162438794,167.08186374313104,128.09339337186188
2019-12-03,14.125,69.5,7.775,0.0,12.432500000000001,156.47556115736077,2.161,337,12,1,-0.4635502709028512,0.8860706215341378,126.14048440935058,129.54532121262676,131.9405705068239
2019-12-04,13.75,75.0,5.275,0.0,11.8425,148.4907895032048,1.989,338,12,2,-0.4482293417404106,0.893918596519257,156.47556115736077,134.22371936781622,133.97872338330797
2019-12-05,13.425,79.25,5.8,0.0,12.035,171.76182895274925,2.309,339,12,3,-0.4327755925504317,0.9015016841318838,148.4907895032048,111.32653453180782,142.61233687201388
2019-12-06,13.75,81.0,7.025,0.0,11.787500000000001,123.53292167954949,1.942,340,12,4,-0.41719360261231697,0.9088176373395028,171.76182895274925,134.97014612626975,140.97844766533956
2019-12-07,14.25,77.75,6.025,0.0,11.855,126.20195568985405,1.731,341,12,5,-0.4014879892059737,0.9158642882672868,123.53292167954949,135.44484633077408,139.65803471663668
2019-12-08,14.25,73.0,5.75,0.0,12.03,126.4493563069039,1.755,342,12,6,-0.38566340624360745,0.9226395488404875,126.20195568985405,125.00270162438794,139.86469967128184
2019-12-09,13.8,76.0,5.25,0.1,9.5975,167.30167416711333,1.623,343,12,0,-0.3697245428906732,0.9291414114031743,126.4493563069039,126.14048440935058,145.7448696366765
2019-12-10,13.225,79.0,6.125,0.0,10.525,176.48854612516382,1.592,344,12,1,-0.3536761221763721,0.935367949313148,167.30167416711333,156.47556115736077,148.6038674892198
2019-12-11,13.6,79.25,5.1,0.0,9.942499999999999,137.947986127508,1.663,345,12,2,-0.33752289959411347,0.941317317512847,176.48854612516382,148.4907895032048,147.0977527212631
2019-12-12,13.825,87.25,9.675,18.975,3.8375,118.25303757448518,1.661,346,12,3,-0.32126966169236515,0.9469877530760751,137.947986127508,171.76182895274925,139.4536396672254
2019-12-13,13.075,88.0,10.0,26.55,6.455,125.16251335651144,1.628,347,12,4,-0.3049212246562894,0.9523775757303973,118.25303757448518,123.53292167954949,139.68643847821997
2019-12-14,12.4,84.5,6.05,0.42500000000000004,8.9,156.16103088920732,1.646,348,12,5,-0.2884824328806098,0.9574851883550389,125.16251335651144,126.20195568985405,143.96630636384185
2019-12-15,12.025,84.0,7.574999999999999,0.07500000000000001,11.489999999999998,142.14536438181182,1.399,349,12,6,-0.27195815753410524,0.9623090774541487,156.16103088920732,126.4493563069039,146.20859323168585
2019-12-16,11.675,83.0,8.7,0.0,11.59,148.87645017250466,1.399,350,12,0,-0.2553532951161881,0.9668478136052773,142.14536438181182,167.30167416711333,143.57641837531318
2019-12-17,11.3,82.5,8.125,0.0,11.684999999999999,132.47254479371253,1.377,351,12,1,-0.23867276600594997,0.9711000518829505,148.87645017250466,176.48854612516382,137.28841818510585
2019-12-18,10.5,81.75,6.625,0.0,11.495000000000001,158.05097629858145,1.664,352,12,2,-0.22192151300416674,0.9750645322571945,132.47254479371253,137.947986127508,140.16027392383063
2019-12-19,10.05,88.0,4.55,0.25,9.5775,157.64494319637222,1.4,353,12,3,-0.20510449986861926,0.9787400799669153,158.05097629858145,118.25303757448518,145.78768901267162
2019-12-20,11.25,88.0,6.35,1.2,9.085,154.50708844324396,1.504,354,12,4,-0.1882267098432439,0.9821256058680006,157.64494319637222,125.16251335651144,149.97977116791913
2019-12-21,11.3,89.0,7.55,0.0,10.8025,132.0303249744505,1.402,355,12,5,-0.1712931441814778,0.9852201067560606,154.50708844324396,156.16103088920732,146.532527465811
2019-12-22,10.8,90.5,8.0,0.0,10.32,118.29645184648268,1.354,356,12,6,-0.154308820664281,0.9880226656636976,132.0303249744505,142.14536438181182,143.125539960764
2019-12-23,10.025,88.5,6.525,0.0,10.7875,145.95212959365114,1.367,357,12,0,-0.13727877211326517,0.9905324521322227,118.29645184648268,148.87645017250466,142.70777987807062
2019-12-24,8.575,91.75,5.075,0.025,8.1,142.32087334890005,1.352,358,12,1,-0.12020804489935275,0.9927487224577402,145.95212959365114,132.47254479371253,144.11468395738316
2019-12-25,8.075,90.0,7.375,0.0,8.997499999999999,170.01093153771808,1.56,359,12,2,-0.10310169744743544,0.9946708199115211,142.32087334890005,158.05097629858145,145.82324899154554
2019-12-26,7.5,89.0,6.85,0.0,10.0825,136.77366161503485,1.251,360,12,3,-0.0859647987374467,0.9962981749346077,170.01093153771808,157.64494319637222,142.84163733706876
2019-12-27,6.0,91.5,4.699999999999999,0.0,9.46,155.0072369882714,1.237,361,12,4,-0.06880242680232064,0.9976303053065857,136.77366161503485,154.50708844324396,142.91308712921554
2019-12-28,5.925,91.5,4.575,0.0,8.65,170.44104452685198,1.234,362,12,5,-0.05161966722325418,0.9986668162884759,155.0072369882714,132.0303249744505,148.4003327795586
2019-12-29,6.2,90.75,4.825,0.0,9.495000000000001,201.36248093919906,1.317,363,12,6,-0.034421611622745804,0.9994074007397048,170.44104452685198,118.29645184648268,160.26690836423236
2019-12-30,5.9,93.0,4.675,0.0,8.41,172.8287415670316,1.476,364,12,0,-0.01721335615583528,0.9998518392091162,201.36248093919906,145.95212959365114,164.1064243604296
2019-12-31,6.625,89.0,6.75,0.0,8.932500000000001,185.25183054394148,1.387,365,12,1,6.432490598706546e-16,1.0,172.8287415670316,142.32087334890005,170.23941824543547
2020-01-01,7.699999999999999,86.5,5.825,0.0,10.35,143.6175166429084,1.248,1,1,2,0.017213356155834685,0.9998518392091162,185.25183054394148,170.01093153771808,166.4689304033198
2020-01-02,10.325,84.5,6.975,0.0,9.86,160.46421481628744,1.326,2,1,3,0.03442161162274574,0.9994074007397048,143.6175166429084,136.77366161503485,169.85329514635592
2020-01-03,11.675,82.0,5.8,0.0,11.622499999999999,148.117675360682,1.281,3,1,4,0.051619667223253764,0.998666816288476,160.46421481628744,155.0072369882714,168.86907205670028
2020-01-04,11.525,81.0,5.175,0.425,10.98,187.6870449674452,1.41,4,1,5,0.06880242680231986,0.9976303053065857,148.117675360682,170.44104452685198,171.33278640535644
2020-01-05,11.5,80.75,6.574999999999999,0.725,9.265,167.45801212960293,1.224,5,1,6,0.08596479873744647,0.9962981749346078,187.6870449674452,201.36248093919906,166.48929086112844
2020-01-06,11.15,90.0,7.699999999999999,11.95,1.81,112.65584134003052,1.202,6,1,0,0.10310169744743485,0.9946708199115211,167.45801212960293,172.8287415670316,157.89316225727114
2020-01-07,11.95,93.5,6.5,12.6,3.555,175.331983104876,1.298,7,1,1,0.1202080448993527,0.9927487224577402,112.65584134003052,185.25183054394148,156.4760411945475
2020-01-08,10.675,88.25,7.3,5.225,8.225000000000001,134.50967976493916,1.244,8,1,2,0.13727877211326478,0.9905324521322229,175.331983104876,143.6175166429084,155.1749216405519
2020-01-09,8.675,84.5,7.949999999999999,0.0,12.245000000000001,121.17951986532047,1.685,9,1,3,0.15430882066428117,0.9880226656636976,134.50967976493916,160.46421481628744,149.56282236184234
2020-01-10,9.025,78.5,10.35,0.0,12.8975,117.42532125865982,1.287,10,1,4,0.1712931441814776,0.9852201067560606,121.17951986532047,148.117675360682,145.17820034726773
2020-01-11,10.0,77.25,7.55,0.0,9.315000000000001,151.69057932947783,1.206,11,1,5,0.1882267098432442,0.9821256058680006,117.42532125865982,187.6870449674452,140.03584811327238
2020-01-12,12.05,75.25,6.45,0.025,8.82,112.78953688298854,1.218,12,1,6,0.2051044998686192,0.9787400799669153,151.69057932947783,167.45801212960293,132.2260659351846
2020-01-13,11.825,87.75,10.875,19.075,3.55,107.8454498035077,1.314,13,1,0,0.2219215130041655,0.9750645322571948,112.78953688298854,112.65584134003052,131.5388671442528
2020-01-14,9.8,88.75,6.675000000000001,0.0,10.217500000000001,180.38015959546487,1.417,14,1,1,0.2386727660059501,0.9711000518829505,107.8454498035077,175.331983104876,132.26003521433694
2020-01-15,9.25,83.0,6.55,0.0,12.925,123.60918577863198,1.234,15,1,2,0.255353295116187,0.9668478136052775,180.38015959546487,134.50967976493916,130.7028217877216
2020-01-16,9.75,86.25,5.95,0.225,10.2475,197.3381265832066,1.277,16,1,3,0.2719581575341055,0.9623090774541486,123.60918577863198,121.17951986532047,141.5826227474196
2020-01-17,10.725,86.5,4.85,0.175,11.5475,166.4030212057122,1.218,17,1,4,0.288482432880609,0.9574851883550393,197.3381265832066,117.42532125865982,148.57943702556994
2020-01-18,10.925,85.5,5.625,0.125,10.89,141.09764390150116,1.22,18,1,5,0.30492122465628907,0.9523775757303974,166.4030212057122,151.69057932947783,147.06616053585898
2020-01-19,10.3,88.25,6.75,0.0,12.3275,150.0053468707335,1.378,19,1,6,0.3212696616923644,0.9469877530760753,141.09764390150116,112.78953688298854,152.38270481982258
2020-01-20,11.525,79.25,6.675,0.2,10.5975,130.27469156463303,1.555,20,1,0,0.3375228995941133,0.9413173175128471,150.0053468707335,107.8454498035077,155.58688221426902
2020-01-21,12.15,79.0,7.574999999999999,0.525,12.285,135.74901857609316,1.379,21,1,1,0.3536761221763716,0.9353679493131483,130.27469156463303,180.38015959546487,149.21100492578736
2020-01-22,11.175,77.0,9.45,0.0,13.5275,120.85810607933104,1.227,22,1,2,0.3697245428906731,0.9291414114031743,135.74901857609316,123.60918577863198,148.81799354017295
2020-01-23,10.625,73.25,11.7,0.0,14.0125,84.10966798470047,1.379,23,1,3,0.38566340624360707,0.9226395488404876,120.85810607933104,197.3381265832066,132.64249945467208
2020-01-24,10.625,70.25,10.775,0.0,14.0325,129.1196490396943,1.358,24,1,4,0.401487989205973,0.9158642882672872,84.10966798470047,166.4030212057122,127.31630343095523
2020-01-25,11.15,79.75,5.3,1.05,9.795,175.56526162690318,1.216,25,1,5,0.4171936026123168,0.9088176373395029,129.1196490396943,141.09764390150116,132.24024882029838
2020-01-26,11.675,82.75,6.075,0.0,13.3725,202.58711453628118,1.369,26,1,6,0.4327755925504312,0.901501684131884,175.56526162690318,150.0053468707335,139.75192991537662
2020-01-27,11.524999999999999,85.25,7.675,1.65,6.845,174.77943099992962,1.459,27,1,0,0.4482293417404106,0.893918596519257,202.58711453628118,130.27469156463303,146.1097498347047
2020-01-28,12.575,88.25,12.075,15.35,6.575,121.7884084682007,1.516,28,1,1,0.4635502709028509,0.886070621534138,174.77943099992962,135.74901857609316,144.11537696214864
2020-01-29,11.975,88.0,8.15,2.4250000000000003,11.5225,122.49571413866454,1.27,29,1,2,0.47873384011578846,0.8779600847008882,121.7884084682007,120.85810607933104,144.34932097062486
2020-01-30,10.8,84.5,8.575,0.0,13.9825,111.60409974753391,1.282,30,1,3,0.49377555015997715,0.869589389346611,122.49571413866454,84.10966798470047,148.2770969367439
2020-01-31,10.625,81.75,6.875,0.025,14.01,129.393107207721,1.442,31,1,4,0.5086709438521044,0.8609610158889943,111.60409974753391,129.1196490396943,148.31616238931915
2020-02-01,10.4,82.5,5.95,0.075,13.77,135.1753528714321,1.203,32,2,5,0.5234156073655503,0.8520775211013093,129.393107207721,175.56526162690318,142.54617542425186
2020-02-02,11.075,81.5,7.975,0.0,14.79,150.78138794013023,1.296,33,2,6,0.5380051715382996,0.8429415373547828,135.1753528714321,202.58711453628118,135.14535733908744
2020-02-03,10.875,80.0,6.875,0.0,14.7625,141.90607137370634,1.377,34,2,0,0.5524353131676196,0.8335557718385699,150.78138794013023,174.77943099992962,130.44916310676982
2020-02-04,10.65,81.5,7.725,0.65,11.5775,137.43492469512515,1.455,35,2,1,0.5667017562911176,0.8239230057575542,141.90607137370634,121.7884084682007,132.68437971061618
2020-02-05,10.425,81.0,8.65,0.0,15.2575,88.74210811029207,1.201,36,2,2,0.5808002734538009,0.8140460935082178,137.43492469512515,122.49571413866454,127.86243599227724
2020-02-06,10.825,75.0,5.95,0.1,15.3175,139.53905313613225,1.219,37,2,3,0.5947266869607634,0.8039279618328213,88.74210811029207,111.60409974753391,131.85314361921988
2020-02-07,11.3,75.75,6.1,0.0,15.4375,137.73544153523298,1.483,38,2,4,0.6084768701151261,0.7935716089521474,139.53905313613225,129.393107207721,133.04490566600728
2020-02-08,11.95,75.75,7.05,0.0,15.7225,144.03766590372987,1.367,39,2,5,0.6220467484408675,0.7829801036770629,137.73544153523298,135.1753528714321,134.310950384907
2020-02-09,12.25,76.5,6.15,0.0,15.837499999999999,121.75020957035434,1.224,40,2,6,0.6354323008901774,0.7721565844991642,144.03766590372987,150.78138794013023,130.16363918922474
2020-02-10,12.65,75.25,7.425,0.0,15.8025,173.56211958220595,1.213,41,2,0,0.6486295610349814,0.7611042586607747,121.75020957035434,141.90607137370634,134.68593179043896
2020-02-11,12.975,77.0,6.8,0.0,15.37,144.46672863573224,1.308,42,2,1,0.6616346182422783,0.7498264012045686,173.56211958220595,137.43492469512515,135.69047521052568
2020-02-12,15.025,73.0,10.825,0.0,15.08,102.04150709655123,1.326,43,2,2,0.6744436188329455,0.7383263540031065,144.46672863573224,88.74210811029207,137.59038935141984
2020-02-13,16.775,70.0,12.125,0.0,15.615,129.46547029532172,1.365,44,2,3,0.6870527672236669,0.7266075247685656,102.04150709655123,139.53905313613225,136.15130608844692
2020-02-14,15.850000000000001,67.25,13.275,0.0,16.6675,93.52984825652874,1.313,45,2,4,0.699458327051647,0.7146733860429609,129.46547029532172,137.73544153523298,129.8362213343463
2020-02-15,15.5,55.5,11.175,0.0,17.055,94.8777385730816,1.336,46,2,5,0.7116566222817746,0.7025274741691571,93.52984825652874,144.03766590372987,122.81337457282511
2020-02-16,15.9,64.25,6.925,0.0,17.035,156.82607972497112,1.469,47,2,6,0.7236440382959124,0.6901733882429719,94.8777385730816,121.75020957035434,127.8242131663418
2020-02-17,15.575,64.25,9.65,0.0,17.4925,132.92401014143786,1.644,48,2,0,0.7354170229639855,0.6776147890466889,156.82607972497112,173.56211958220595,122.01876896051779
2020-02-18,15.525,60.75,9.025,0.0,17.5625,142.30109032317554,1.231,49,2,1,0.7469720876965552,0.6648553979642865,132.92401014143786,144.46672863573224,121.70939205872398
2020-02-19,16.775,64.75,16.225,0.025,13.445,82.76628435108822,1.251,50,2,2,0.7583058084785624,0.6518989958787126,142.30109032317554,102.04150709655123,118.95578880937212
2020-02-20,18.175,70.5,17.95,11.325000000000001,13.175,63.80869141031942,1.357,51,2,3,0.7694148268839378,0.6387494220515272,82.76628435108822,129.46547029532172,109.57624896865751
2020-02-21,15.799999999999999,81.0,11.675,5.1,12.99,101.9973063161548,1.669,52,2,4,0.7802958510707755,0.6254105729852463,63.80869141031942,93.52984825652874,110.78588583431838
2020-02-22,16.35,78.0,7.425,0.0,17.0,144.8388721069481,1.307,53,2,5,0.7909456567567772,0.6118864012687243,101.9973063161548,94.8777385730816,117.92319062487071
2020-02-23,17.025,77.75,7.175,0.05,16.7975,121.56655060410925,1.39,54,2,6,0.8013610881746766,0.5981809144059165,144.8388721069481,156.82607972497112,112.88611503617618
2020-02-24,17.3,73.75,7.05,0.0,17.2575,129.94005298709163,1.322,55,2,0,0.8115390590073611,0.5842981736283684,121.56655060410925,132.92401014143786,112.45983544269814
2020-02-25,17.45,70.75,6.65,0.0,17.3675,92.98043359847941,1.68,56,2,1,0.8214765533024142,0.5702422926917871,129.94005298709163,142.30109032317554,105.41402733917012
2020-02-26,17.975,73.5,5.075,0.0,17.8125,140.7316172557958,1.24,57,2,2,0.8311706263658079,0.5560174366570446,92.98043359847941,82.76628435108822,113.69478918269978
2020-02-27,18.475,78.75,6.95,0.0,16.595,136.96541174343847,1.275,58,2,3,0.8406184056344782,0.5416278206559814,140.7316172557958,63.80869141031942,124.1457492302882
2020-02-28,19.325,78.5,14.35,1.2,15.84,111.35333880016553,1.307,59,2,4,0.8498170915275278,0.5270777086423722,136.96541174343847,101.9973063161548,125.48232529943259
2020-02-29,18.25,80.75,15.35,12.575,12.252500000000001,110.09860198050069,1.352,60,2,5,0.8587639582758029,0.5123714121284237,111.35333880016553,144.8388721069481,120.51942956708298
2020-03-01,17.825,80.0,6.949999999999999,1.2249999999999999,17.1875,126.9963895795464,1.222,61,3,6,0.8674563547295969,0.49751328890718066,110.09860198050069,121.56655060410925,121.29512084928827
2020-03-02,18.225,76.5,5.6,0.1,17.2975,144.6556080426377,1.715,62,3,0,0.8758917051442429,0.48250774176121847,126.9963895795464,129.94005298709163,123.39734300008058
2020-03-03,18.15,72.5,6.925,0.0,19.1575,102.93613841108304,1.25,63,3,1,0.8840675099433636,0.4673592171580022,144.6556080426377,92.98043359847941,124.81958654473824
2020-03-04,18.675,69.5,5.275,0.225,18.375,114.3804108668516,1.241,64,3,2,0.8919813464595485,0.45207220393230435,102.93613841108304,140.7316172557958,121.05512848917476
2020-03-05,16.975,80.0,13.325,7.85,13.67,93.36469960628594,1.35,65,3,3,0.8996308696522433,0.43665123195606403,114.3804108668516,136.96541174343847,114.82645532672441
2020-03-06,15.0,87.25,16.25,27.0,6.862500000000001,130.38698114633956,1.588,66,3,4,0.9070138128026359,0.4211008707960896,93.36469960628594,111.35333880016553,117.54554709046354
2020-03-07,14.4,86.75,12.4,6.5249999999999995,11.835,110.18752157057042,1.206,67,3,5,0.9141279881853337,0.40542572835999735,130.38698114633956,110.09860198050069,117.55824988904494
2020-03-08,15.75,79.75,7.425,0.025,19.6125,127.84231259070015,1.388,68,3,6,0.9209712877166346,0.38963044953078796,110.18752157057042,126.9963895795464,117.6790960334955
2020-03-09,15.55,71.75,11.7,0.0,20.8575,120.07967678078221,1.225,69,3,0,0.9275416835791966,0.37371971479046906,127.84231259070015,144.6556080426377,114.16824871037326
2020-03-10,15.8,70.0,5.675,0.0,20.5025,128.63484143873703,1.268,70,3,1,0.9338372288229252,0.35769823883312546,120.07967678078221,102.93613841108304,117.83949200003813
2020-03-11,15.825,79.5,13.3,16.375,9.275,148.903632404158,1.344,71,3,2,0.9398560579418954,0.3415707691678556,128.63484143873703,114.3804108668516,122.77138079108191
2020-03-12,16.925,81.0,16.975,14.049999999999999,17.495,98.9134178646816,1.212,72,3,3,0.9455963874271426,0.3253420847119801,148.903632404158,93.36469960628594,123.56405482799558
2020-03-13,15.875,80.0,12.925,8.05,17.965,88.90116687276559,1.341,73,3,4,0.9510565162951535,0.30901699437494745,98.9134178646816,130.38698114633956,117.63750993177071
2020-03-14,14.075,86.75,7.0,7.825,14.2625,176.14680980745604,1.283,74,3,5,0.9562348265919056,0.29260033563334836,88.90116687276559,110.18752157057042,127.06026539418293
2020-03-15,15.125,81.5,6.425,0.05,19.595,143.40987866736435,1.232,75,3,6,0.9611297838723007,0.27609697309746883,176.14680980745604,127.84231259070015,129.28420340513497
2020-03-16,16.95,76.75,8.325,0.0,18.965,133.38273704312763,1.287,76,3,0,0.9657399376548549,0.2595117970697999,143.40987866736435,120.07967678078221,131.18464058547005
2020-03-17,18.275,74.0,8.725,0.0,21.1875,92.43217738127558,1.204,77,3,1,0.9700639218515071,0.2428497220959356,133.38273704312763,128.63484143873703,126.0128314344041
2020-03-18,19.225,75.75,8.175,0.65,19.255,147.86494087165593,1.262,78,3,2,0.9741004551724205,0.22611568550828828,92.43217738127558,148.903632404158,125.86444692976094
2020-03-19,19.625,73.5,6.45,0.025,19.9525,128.87368451009317,1.392,79,3,3,0.9778483415056568,0.20931464596304847,147.86494087165593,98.9134178646816,130.1444850219626
2020-03-20,20.175,71.75,6.025,0.375,18.3425,112.19032292086513,1.293,80,3,4,0.9813064702716093,0.19245158197082998,128.87368451009317,88.90116687276559,133.47150731454826
2020-03-21,19.85,75.25,7.125,0.725,17.8425,119.74826783094875,1.357,81,3,5,0.9844738167520922,0.1755314904214282,112.19032292086513,176.14680980745604,125.41457274647578
2020-03-22,20.1,70.0,8.0,0.0,21.4675,112.1047154068271,1.611,82,3,6,0.9873494423939864,0.15855938510313475,119.74826783094875,143.40987866736435,120.94240656639906
2020-03-23,21.075,66.0,5.85,0.0,21.5975,117.93152200593521,1.205,83,3,0,0.989932495087353,0.141540295217043,112.1047154068271,133.38273704312763,118.73509013251442
2020-03-24,20.825,72.75,8.975,1.95,14.0075,154.29110859485357,1.701,84,3,1,0.9922222094179323,0.12447926388678915,117.93152200593521,92.43217738127558,127.5720803058827
2020-03-25,20.65,73.25,6.375,0.05,19.13,137.6202964898898,1.342,85,3,2,0.994217906893952,0.10738134666416309,154.29110859485357,147.86494087165593,126.1085596799161
2020-03-26,21.125,71.0,9.275,0.0,13.4025,101.53382494216368,1.297,86,3,3,0.995918996147179,0.09025161003104117,137.6202964898898,128.87368451009317,122.20286545592617
2020-03-27,19.0,85.75,11.0,17.925,8.5275,101.83485458122466,1.231,87,3,4,0.9973249731081555,0.07309512989807777,101.53382494216368,112.19032292086513,120.72351283597754
2020-03-28,19.3,76.75,8.325,0.375,20.2175,148.9648735392736,1.264,88,3,5,0.9984354211555643,0.055916990100603484,101.83485458122466,119.74826783094875,124.8973136514525
2020-03-29,19.95,68.5,10.525,0.0,22.4425,90.64385458881299,1.359,89,3,6,0.9992500112396835,0.03872228089217446,148.9648735392736,112.1047154068271,121.83147639173622
2020-03-30,19.9,67.25,9.675,0.0,19.415,131.24865178784412,1.335,90,3,0,0.9997685019798909,0.021516097436222254,90.64385458881299,117.93152200593521,123.73392350343748
2020-03-31,19.925,70.75,11.8,1.225,10.9725,109.93966341025393,1.548,91,3,1,0.9999907397361901,0.004303538296244289,131.24865178784412,154.29110859485357,117.3980027627804
2020-04-01,21.425,63.75,8.85,0.05,22.1825,98.51803354275552,1.215,92,4,2,0.9999166586547379,-0.01291029607500882,109.93966341025393,137.6202964898898,111.81196519890406
2020-04-02,20.875,60.0,10.9,0.025,22.57,95.5853463906319,1.396,93,4,3,0.9995462806873573,-0.030120304846908114,98.51803354275552,101.53382494216368,110.96218254868525
2020-04-03,20.35,57.0,10.05,0.0,23.502499999999998,114.11917787256937,1.211,94,4,4,0.9988797155850336,-0.04732138832243185,95.5853463906319,101.83485458122466,112.71708587602019
2020-04-04,21.575,59.25,8.425,0.0,23.447499999999998,155.623819071292,1.662,95,4,5,0.9979171608653922,-0.06450844944931623,114.11917787256937,148.9648735392736,113.66836380916568
2020-04-05,22.775,59.0,6.375,0.15,21.2625,142.78219874855256,1.259,96,4,6,0.9966589017541702,-0.08167639533042241,155.623819071292,90.64385458881299,121.11669868912848
2020-04-06,23.2,56.5,9.600000000000001,0.0,22.560000000000002,105.78572282884193,1.525,97,4,0,0.9951053111006976,-0.09882013873287143,142.78219874855256,131.24865178784412,117.47913740927103
2020-04-07,21.825,60.0,11.025,0.125,18.1175,106.30504960880637,1.245,98,4,1,0.9932568492674143,-0.11593459959550041,105.78572282884193,109.93966341025393,116.95990686620709
2020-04-08,21.925,58.5,8.3,0.0,23.5,109.82390186735891,1.619,99,4,2,0.9911140639934547,-0.1330147065341959,106.30504960880637,98.51803354275552,118.575030912579
2020-04-09,23.475,54.25,8.025,0.0,22.2775,76.54423321991182,1.303,100,4,3,0.9886775902323405,-0.1500553983446526,109.82390186735891,95.5853463906319,115.85487188819043
2020-04-10,25.025,48.5,9.325,0.0,20.01,92.85799689294234,1.51,101,4,4,0.9859481499638304,-0.16705162550211924,76.54423321991182,114.11917787256937,112.81756031967227
2020-04-11,25.875,49.5,8.625,0.0,23.295,98.04720531791435,1.295,102,4,5,0.9829265519799822,-0.18399835165768005,92.85799689294234,155.623819071292,104.59232978347548
2020-04-12,26.55,47.5,9.3,0.0,23.345,125.54533939505008,1.988,103,4,6,0.9796136916454901,-0.20089055513063506,98.04720531791435,142.78219874855256,102.12992130440368
2020-04-13,27.575,50.25,8.525,0.0,22.5475,91.63045720427696,1.345,104,4,0,0.9760105506323683,-0.21772323039653177,125.54533939505008,105.78572282884193,100.1077405008944
2020-04-14,28.4,50.0,9.35,0.15,21.29,108.24631645328003,1.374,105,4,1,0.9721181966290613,-0.23449138957040985,91.63045720427696,106.30504960880637,100.38506433581922
2020-04-15,28.875,44.25,13.0,0.07500000000000001,19.950000000000003,99.20749509206549,1.355,106,4,2,0.9679377830240642,-0.25119006388481935,108.24631645328003,109.82390186735891,98.86843479649157
2020-04-16,28.35,40.25,9.45,0.0,20.740000000000002,144.76820002072452,1.467,107,4,3,0.9634705485641488,-0.2678143051621742,99.20749509206549,76.54423321991182,108.61471576803625
2020-04-17,25.875,48.25,11.575,1.85,13.2675,106.55570858587137,1.546,108,4,4,0.9587178169872964,-0.2843591872810034,144.76820002072452,92.85799689294234,110.57153172416898
2020-04-18,24.375,57.25,10.7,2.65,21.1775,117.36569962233781,1.42,109,4,5,0.9536809966304457,-0.30081980763566735,106.55570858587137,98.04720531791435,113.33131662480089
2020-04-19,25.025,53.5,9.225,0.025,22.9,80.22409757291734,1.465,110,4,6,0.9483615800121715,-0.3171912885891061,117.36569962233781,125.54533939505008,106.85685350735336
2020-04-20,23.8,57.75,8.825,0.575,16.945,116.93616606918212,1.736,111,4,0,0.9427611433904207,-0.3334687789181868,80.22409757291734,91.63045720427696,110.47195477376839
2020-04-21,24.025,55.25,7.550000000000001,0.025,23.1075,79.35733968981125,1.635,112,4,1,0.9368813462954315,-0.3496474552512284,116.93616606918212,108.24631645328003,106.34495809327284
2020-04-22,25.6,48.25,6.5,0.0,23.29,102.25575435943031,1.628,113,4,2,0.9307239310379795,-0.36572252349726897,79.35733968981125,99.20749509206549,106.7804237028964
2020-04-23,26.975,44.5,6.675,0.0,19.9925,110.47927707602298,1.616,114,4,3,0.9242907221930933,-0.3816892202666588,102.25575435943031,144.76820002072452,101.8820061393676
2020-04-24,27.725,42.5,6.45,0.0,22.822499999999998,130.36864193920215,1.759,115,4,4,0.9175836260593937,-0.39754281428255595,110.47927707602298,106.55570858587137,105.28385376127198
2020-04-25,27.175,47.5,6.475,0.1,19.54,102.10970954572659,1.785,116,4,5,0.9106046300942162,-0.4132786077829042,130.36864193920215,117.36569962233781,103.10442660747039
2020-04-26,25.9,59.25,10.625,2.05,19.052500000000002,102.34828107992364,2.025,117,4,6,0.9033558023246845,-0.4288919379124835,102.10970954572659,80.22409757291734,106.26502425132843
2020-04-27,24.25,70.5,14.95,12.674999999999999,17.52,32.18439024039624,1.846,118,4,0,0.895839290734909,-0.4443781781046132,102.34828107992364,116.93616606918212,94.15762770435903
2020-04-28,25.425,62.5,8.525,0.325,21.3425,115.05481029505695,1.95,119,4,1,0.8880573226294932,-0.45973273945210397,32.18439024039624,79.35733968981125,99.25726636225126
2020-04-29,27.325,56.25,5.75,0.0,23.54,128.0426097888912,2.266,120,4,2,0.8800122039735357,-0.47495107206704995,115.05481029505695,102.25575435943031,102.94110285217425
2020-04-30,28.075,56.0,7.3999999999999995,0.375,21.175,112.65753804361103,1.957,121,4,3,0.8717063187093218,-0.4900286664290592,128.0426097888912,110.47927707602298,103.25228299040111
2020-05-01,29.425,51.0,6.45,0.0,23.535,127.1739393200609,2.048,122,5,4,0.8631421280499114,-0.5049610547215204,112.65753804361103,130.36864193920215,102.79589690195237
2020-05-02,28.775,57.0,13.600000000000001,0.3,18.759999999999998,81.70120196109218,2.307,123,5,5,0.854322169749827,-0.5197438121555155,127.1739393200609,102.10970954572659,99.88039581843316
2020-05-03,26.975,64.25,12.325,3.775,19.560000000000002,69.00260954416072,2.245,124,5,6,0.8452490573530633,-0.5343725582809786,81.70120196109218,102.34828107992364,95.11672845618132
2020-05-04,26.525,64.5,6.275,0.05,21.814999999999998,144.36391561348148,2.238,125,5,0,0.8359254794186372,-0.548842958284719,69.00260954416072,32.18439024039624,111.14237493805062
2020-05-05,27.525,48.0,8.525,0.15,20.317500000000003,78.95105742498315,2.245,126,5,1,0.8263541987239096,-0.5631507242749186,144.36391561348148,115.05481029505695,105.98469595661153
2020-05-06,25.875,51.25,9.6,3.175,18.615000000000002,121.9349155541685,2.329,127,5,2,0.8165380514459161,-0.5772916165517272,78.95105742498315,128.0426097888912,105.11216820879399
2020-05-07,27.125,46.5,7.75,0.0,24.33,112.94846533826103,2.325,128,5,3,0.8064799463209448,-0.5912614448635781,121.9349155541685,112.65753804361103,105.15372925088685
2020-05-08,29.075,39.5,6.8,0.0,23.9125,124.56556003384128,2.41,129,5,4,0.7961828637826158,-0.6050560696488488,112.94846533826103,127.1739393200609,104.78110363856976
2020-05-09,29.6,41.75,7.65,0.65,21.0425,185.59796772894128,2.25,130,5,5,0.7856498550787147,-0.6186714032625031,124.56556003384128,81.70120196109218,119.62349874826249
2020-05-10,28.925,50.75,12.275,2.5,21.5475,118.6457250595169,2.223,131,5,6,0.7748840413670407,-0.6321034111873487,185.59796772894128,69.00260954416072,126.71537239331337
2020-05-11,28.55,54.75,13.675,1.4000000000000001,19.575,59.83307613843894,2.408,132,5,0,0.7638886127905428,-0.6453481132295501,118.6457250595169,144.36391561348148,114.63953818259301
2020-05-12,28.85,52.75,6.025,0.0,22.2825,82.27476691215864,2.36,133,5,1,0.7526668275320085,-0.6584015846980488,59.83307613843894,78.95105742498315,115.11435382361807
2020-05-13,28.875,52.75,6.0,0.15,18.8675,142.5538217459451,2.224,134,5,2,0.7412220108485958,-0.6712599575675313,82.27476691215864,121.9349155541685,118.05991185101473
2020-05-14,28.1,56.25,8.75,0.725,17.5875,134.30123347914656,2.356,135,5,3,0.7295575540864875,-0.6839194216246106,142.5538217459451,112.94846533826103,121.11030729971267
2020-05-15,28.875,45.0,11.9,0.0,24.0275,86.69856034642744,2.194,136,5,4,0.717676913675962,-0.6963762255968722,134.30123347914656,124.56556003384128,115.7007359157964
2020-05-16,29.4,43.25,9.100000000000001,0.0,24.43,86.746012956132,2.324,137,5,5,0.705583610107178,-0.7086266782644596,86.69856034642744,185.59796772894128,101.57902809110938
2020-05-17,30.025,36.0,8.3,0.0,22.572499999999998,68.93376703808401,2.065,138,5,6,0.6932812268869777,-0.7206671495538609,86.746012956132,118.6457250595169,94.47731980233324
2020-05-18,30.05,29.5,9.35,0.0,23.65,82.86126697481856,2.108,139,5,0,0.6807734094770161,-0.7324940716135789,68.93376703808401,59.83307613843894,97.76706135038748
2020-05-19,29.05,29.25,9.5,0.0,21.205000000000002,71.31301166233344,1.961,140,5,1,0.6680638642135335,-0.7441039398713607,82.86126697481856,82.27476691215864,96.20109631469815
2020-05-20,29.775,30.75,10.774999999999999,0.0,25.3175,53.174585052420284,1.884,141,5,2,0.6551563572090853,-0.7554933140726803,71.31301166233344,142.5538217459451,83.4326339299089
2020-05-21,31.225,29.0,11.675,0.0,25.465,54.76158292181836,1.94,142,5,3,0.6420547132365637,-0.766658819300159,53.174585052420284,134.30123347914656,72.06982670743344
2020-05-22,32.675,30.25,5.875,0.0,24.509999999999998,69.22002122152162,1.786,143,5,4,0.6287628145958344,-0.7775971469736269,54.76158292181836,86.69856034642744,69.57289254673262
2020-05-23,33.425,31.0,10.875,0.0,22.0875,108.9214993443906,1.741,144,5,5,0.6152845999633276,-0.7883050558305255,69.22002122152162,86.746012956132,72.74081917362669
2020-05-24,33.275,33.25,9.25,0.0,22.9925,79.48875859166913,1.755,145,5,6,0.6016240632249226,-0.7987793728863649,108.9214993443906,68.93376703808401,74.24867510985314
2020-05-25,34.2,28.25,9.725,0.0,23.7325,117.49873923403105,1.688,146,5,0,0.5877852522924732,-0.8090169943749473,79.48875859166913,82.86126697481856,79.19688543259778
2020-05-26,34.95,27.0,8.975,0.0,23.84,75.75679020322153,1.7,147,5,1,0.5737722679043246,-0.8190148866680801,117.49873923403105,71.31301166233344,79.83171093843895
2020-05-27,34.475,27.5,7.875,0.0,23.4625,83.90339617401328,1.586,148,5,2,0.5595892624101765,-0.8287700871745038,75.75679020322153,53.174585052420284,84.2215410986665
2020-05-28,32.725,38.75,16.6,0.95,21.175,44.79429501333618,2.131,149,5,3,0.545240438540651,-0.8382797052177744,83.90339617401328,54.76158292181836,82.79764282602619
2020-05-29,29.525,55.5,17.9,1.725,19.1475,54.14310288377976,1.568,150,5,4,0.5307300481619334,-0.8475409228928311,44.79429501333618,69.22002122152162,80.64379734920593
2020-05-30,27.075,69.0,12.075,10.3,17.6925,85.76117205731022,1.436,151,5,5,0.5160623910158528,-0.8565509959010036,54.14310288377976,108.9214993443906,77.33517916533731
2020-05-31,25.725,73.0,8.6,5.075,16.6475,142.53931257803305,1.562,152,5,6,0.5012418134457758,-0.865307254363206,85.76117205731022,79.48875859166913,86.34240116338931
2020-06-01,26.7,65.75,6.125,1.25,21.697499999999998,136.20891263280714,1.445,153,6,0,0.48627270710868997,-0.8738071036110808,142.53931257803305,117.49873923403105,89.01528307750017
2020-06-02,27.925,61.25,5.2,0.3,21.465,123.88923205633697,1.476,154,6,1,0.4711595076738638,-0.8820480249558537,136.20891263280714,75.75679020322153,95.89134619937381
2020-06-03,28.6,57.75,5.425,0.025,21.487499999999997,135.06735096198557,1.32,155,6,2,0.4559066935084588,-0.8900275764346767,123.88923205633697,83.90339617401328,103.20048259765555
2020-06-04,29.275,54.0,7.125,0.07500000000000001,21.51,142.08042606074167,1.397,156,6,3,0.440518784350495,-0.8977433935342337,135.06735096198557,44.79429501333618,117.09850131871349
2020-06-05,28.45,59.0,6.35,0.525,21.625,119.34080261436168,1.344,157,6,4,0.42500033996955416,-0.9051931898913974,142.08042606074167,54.14310288377976,126.41245842308233
2020-06-06,27.7,65.75,9.15,1.525,20.0275,119.94118962051878,1.356,158,6,5,0.4093559588156213,-0.9123747579707273,119.34080261436168,85.76117205731022,131.29531807496926
2020-06-07,28.5,61.75,6.25,0.375,21.5475,146.5022392632945,1.314,159,6,6,0.39359027665646673,-0.9192859697186104,119.94118962051878,142.53931257803305,131.86145045857805
2020-06-08,30.225,57.5,5.375,0.0,23.41,112.4494918483336,1.375,160,6,0,0.3777079652039649,-0.9259247771938498,146.5022392632945,136.20891263280714,128.46724748936754
2020-06-09,31.825000000000003,53.75,6.85,0.0,22.4925,94.48019166564423,1.265,161,6,1,0.36171373072976765,-0.9322892131745133,112.4494918483336,123.88923205633697,124.26595600498285
2020-06-10,32.275,54.75,6.475,0.075,20.8075,133.2347759874356,1.373,162,6,2,0.3456123126707335,-0.9383773917408641,94.48019166564423,135.06735096198557,124.00415958004714
2020-06-11,32.425,55.5,6.85,0.0,22.387500000000003,134.37112681609864,1.551,163,6,3,0.3294084822245304,-0.9441875088341993,133.2347759874356,142.08042606074167,122.90283111652671
2020-06-12,32.825,51.75,8.275,0.075,21.697499999999998,113.64340378298795,1.246,164,6,4,0.3131070409358269,-0.9497178427914316,134.37112681609864,119.34080261436168,122.08891699775904
2020-06-13,32.25,53.0,8.3,0.1,21.625,104.56623959423014,1.251,165,6,5,0.29671281927349075,-0.9549667548552551,113.64340378298795,119.94118962051878,119.8924955654321
2020-06-14,32.75,51.5,7.475,0.0,22.2175,114.2911183649388,1.485,166,6,6,0.28023067519921585,-0.9599326896597447,104.56623959423014,146.5022392632945,115.290906865667
2020-06-15,33.325,45.0,7.05,0.0,22.740000000000002,105.40156887670621,1.373,167,6,0,0.26366549272800704,-0.9646141756912435,114.2911183649388,112.4494918483336,114.28406072686307
2020-06-16,33.575,44.5,8.100000000000001,0.0,22.9125,87.85114697715701,1.296,168,6,1,0.24702218048093552,-0.9690098257244062,105.40156887670621,94.48019166564423,113.33705434279348
2020-06-17,33.825,47.0,8.975,0.0,23.362499999999997,119.88199879210899,1.251,169,6,2,0.23030567023061221,-0.9731183372332619,87.85114697715701,133.2347759874356,111.42951474346111
2020-06-18,34.575,47.25,8.625,0.0,23.08,112.73625434102243,1.522,170,6,3,0.21352091543979612,-0.9769384927771817,119.88199879210899,134.37112681609864,108.33881867559307
2020-06-19,34.175,50.5,9.65,0.025,21.7625,157.88059120185113,1.442,171,6,4,0.19667288979357647,-0.980469160361632,112.73625434102243,113.64340378298795,114.65841687828781
2020-06-20,33.675,53.0,8.425,1.5750000000000002,21.3475,91.5573905498839,1.203,172,6,5,0.1797665857255624,-0.9837092937736097,157.88059120185113,104.56623959423014,112.80000987195264
2020-06-21,33.325,53.25,9.375,0.05,21.5975,89.18994984340146,1.219,173,6,6,0.16280701293851715,-0.986657932891657,91.5573905498839,114.2911183649388,109.21412865459016
2020-06-22,31.900000000000002,62.0,9.1,1.7,22.1475,83.03382759921455,1.22,174,6,0,0.1457991969198751,-0.9893142039703663,89.18994984340146,105.40156887670621,106.01873704351992
2020-06-23,32.75,58.25,11.350000000000001,0.0,21.755,68.69074362611038,1.505,175,6,1,0.12874817745258132,-0.99167731989929,83.03382759921455,87.85114697715701,103.28153656479897
2020-06-24,31.85,64.25,10.525,0.275,20.3475,48.10565687283654,1.287,176,6,2,0.11165900712169512,-0.993746580436178,68.69074362611038,119.88199879210899,93.02777343347434
2020-06-25,30.675,70.0,6.1,0.725,17.1925,145.19533129641036,1.279,177,6,3,0.09453674981719912,-0.9955213724144752,48.10565687283654,112.73625434102243,97.66478442710118
2020-06-26,30.85,68.5,6.575,1.275,20.27,152.63905586736433,1.262,178,6,4,0.07738647923346301,-0.9970011699250151,145.19533129641036,157.88059120185113,96.91599366503165
2020-06-27,32.8,63.25,6.425000000000001,0.025,21.5,126.88929218288212,1.252,179,6,5,0.06021327736579302,-0.9981855344718586,152.63905586736433,91.5573905498839,101.9634081840314
2020-06-28,33.525,60.75,7.125,0.8,21.575,156.9803598274068,1.495,180,6,6,0.04302223300453059,-0.99907411510223,126.88929218288212,89.18994984340146,111.64775246746072
2020-06-29,32.5,66.25,7.574999999999999,4.5,21.245,112.51128688728184,1.323,181,6,0,0.02581844022713308,-0.9996666485105112,156.9803598274068,83.03382759921455,115.85881808004176
2020-06-30,31.950000000000003,66.25,8.5,0.025,22.5925,100.6993292737689,1.432,182,6,1,0.008606996888688698,-0.9999629591162655,112.51128688728184,68.69074362611038,120.43147317256442
2020-07-01,32.65,63.25,7.55,0.25,20.9375,134.5759618771345,1.307,183,7,2,-0.008606996888688009,-0.9999629591162655,100.6993292737689,48.10565687283654,132.78437388746414
2020-07-02,33.975,59.5,6.975,0.0,22.6675,145.6205065246782,1.253,184,7,3,-0.02581844022713239,-0.9996666485105112,134.5759618771345,145.19533129641036,132.8451132057881
2020-07-03,34.5,59.25,8.700000000000001,0.075,22.455,90.97671525619145,1.254,185,7,4,-0.04302223300453034,-0.99907411510223,145.6205065246782,152.63905586736433,124.03620740419197
2020-07-04,32.975,63.5,14.55,8.175,22.5225,82.80391413582772,1.587,186,7,5,-0.060213277365792774,-0.9981855344718586,90.97671525619145,126.88929218288212,117.73829625461278
2020-07-05,29.15,72.5,10.125,3.725,19.2875,119.7387991807367,1.357,187,7,6,-0.07738647923346322,-0.9970011699250151,82.80391413582772,156.9803598274068,112.41807330508848
2020-07-06,30.4,66.75,6.325,0.05,21.995,123.46135274900864,1.204,188,7,0,-0.09453674981719933,-0.9955213724144752,119.7387991807367,112.51128688728184,113.98236842819232
2020-07-07,30.875,68.25,12.05,1.125,20.625,144.87408377627168,1.301,189,7,1,-0.11165900712169444,-0.9937465804361781,123.46135274900864,100.6993292737689,120.29304764283555
2020-07-08,28.05,80.0,11.725,22.95,11.5275,102.74840117759481,1.22,190,7,2,-0.12874817745258066,-0.99167731989929,144.87408377627168,134.5759618771345,115.74625325718704
2020-07-09,29.425,79.0,4.975,11.875,19.8425,176.25862213392634,1.498,191,7,3,-0.14579919691987442,-0.9893142039703664,102.74840117759481,145.6205065246782,120.12312691565106
2020-07-10,32.15,69.0,5.875,0.025,21.5275,153.21525357228137,1.248,192,7,4,-0.16280701293851646,-0.9866579328916572,176.25862213392634,90.97671525619145,129.01434667509247
2020-07-11,30.65,73.5,7.425,3.125,19.595,117.31302804164983,1.507,193,7,5,-0.17976658572556214,-0.9837092937736098,153.21525357228137,82.80391413582772,133.9442200902099
2020-07-12,29.275,78.25,7.35,6.9,20.005,147.01411503776615,1.243,194,7,6,-0.19667288979357622,-0.9804691603616321,117.31302804164983,119.7387991807367,137.84069378407125
2020-07-13,29.7,75.25,6.0,0.375,23.0425,153.97202496450512,1.202,195,7,0,-0.2135209154397959,-0.9769384927771817,147.01411503776615,123.46135274900864,142.1993612434279
2020-07-14,31.2,72.0,5.425,0.0,23.497500000000002,152.91163219920477,1.221,196,7,1,-0.23030567023061196,-0.973118337233262,153.97202496450512,144.87408377627168,143.34758244670405
2020-07-15,31.0,73.25,10.75,0.125,21.66,80.50601376941229,1.259,197,7,2,-0.24702218048093527,-0.9690098257244063,152.91163219920477,102.74840117759481,140.1700985312494
2020-07-16,30.575,73.75,11.075,0.675,21.7525,130.27041169727084,1.247,198,7,3,-0.2636654927280072,-0.9646141756912435,80.50601376941229,176.25862213392634,133.6003541831558
2020-07-17,30.625,76.0,9.05,3.425,19.9925,132.23901915461377,1.203,199,7,4,-0.2802306751992161,-0.9599326896597445,130.27041169727084,153.21525357228137,130.6037492663461
2020-07-18,30.85,77.75,7.075,7.050000000000001,19.365,121.29282045846746,1.298,200,7,5,-0.2967128192734901,-0.9549667548552553,132.23901915461377,117.31302804164983,131.17229104017719
2020-07-19,30.725,78.25,6.6,1.0750000000000002,20.7375,132.0344221953617,1.209,201,7,6,-0.3131070409358267,-0.9497178427914317,121.29282045846746,147.01411503776615,129.0323349198337
2020-07-20,29.775,78.5,6.75,4.375,19.009999999999998,119.89264636179618,1.383,202,7,0,-0.3294084822245302,-0.9441875088341994,132.0344221953617,153.97202496450512,124.16385226230386
2020-07-21,26.15,87.75,8.95,21.5,7.9975000000000005,105.77762735003118,1.303,203,7,1,-0.3456123126707333,-0.9383773917408642,119.89264636179618,152.91163219920477,117.43042299813622
2020-07-22,26.625,85.5,4.625,6.5,14.89,176.75869805241348,1.265,204,7,2,-0.3617137307297674,-0.9322892131745134,105.77762735003118,80.50601376941229,131.18080646713636
2020-07-23,28.675,77.5,4.675000000000001,0.125,22.380000000000003,160.7249298481582,1.332,205,7,3,-0.37770796520396466,-0.9259247771938499,176.75869805241348,130.27041169727084,135.53145191726313
2020-07-24,29.55,75.25,8.75,0.125,21.57,93.99766078480596,1.319,206,7,4,-0.39359027665646645,-0.9192859697186105,160.7249298481582,132.23901915461377,130.06840072157632
2020-07-25,29.4,77.0,9.425,0.625,18.0375,122.72367313852698,1.485,207,7,5,-0.4093559588156211,-0.9123747579707274,93.99766078480596,121.29282045846746,130.2728082472991
2020-07-26,30.05,76.5,6.375,0.225,20.7,140.53780469865566,1.242,208,7,6,-0.42500033996955394,-0.9051931898913975,122.72367313852698,132.0344221953617,131.4875771763411
2020-07-27,31.0,75.25,5.325,1.1,20.64,156.93809781236973,1.206,209,7,0,-0.4405187843504952,-0.8977433935342336,140.53780469865566,119.89264636179618,136.77978452642304
2020-07-28,31.724999999999998,72.25,7.0,0.65,21.195,128.70206095227496,1.996,210,7,1,-0.455906693508459,-0.8900275764346766,156.93809781236973,105.77762735003118,140.05470361245784
2020-07-29,31.299999999999997,73.0,10.7,3.1,20.1375,90.22340643566454,1.324,211,7,2,-0.47115950767386394,-0.8820480249558535,128.70206095227496,176.75869805241348,127.69251909577945
2020-07-30,28.675,81.0,10.575,7.15,16.43,115.8216411942487,1.211,212,7,3,-0.4862727071086902,-0.8738071036110807,90.22340643566454,160.7249298481582,121.27776357379237
2020-07-31,29.475,79.0,6.025,5.325,20.509999999999998,115.3698900547248,1.467,213,7,4,-0.5012418134457756,-0.8653072543632061,115.8216411942487,93.99766078480596,124.33093918378077
2020-08-01,29.675,81.25,5.375,7.125,19.155,138.0966130925789,1.57,214,8,5,-0.5160623910158526,-0.8565509959010037,115.3698900547248,122.72367313852698,126.52707346293106
2020-08-02,30.45,78.0,6.375,1.05,20.985,140.86565094380057,1.856,215,8,6,-0.5307300481619331,-0.8475409228928312,138.0966130925789,140.53780469865566,126.5739086408089
2020-08-03,31.425,76.0,6.625,1.0,20.3625,131.6740318538973,1.504,216,8,0,-0.5452404385406507,-0.8382797052177745,140.86565094380057,156.93809781236973,122.96475636102711
2020-08-04,31.725,74.5,6.325,0.225,22.560000000000002,107.89759302229439,1.231,217,8,1,-0.5595892624101763,-0.828770087174504,131.6740318538973,128.70206095227496,119.99268951388704
2020-08-05,31.5,75.25,7.25,0.025,21.884999999999998,110.01044807849055,1.281,218,8,2,-0.5737722679043243,-0.8190148866680802,107.89759302229439,90.22340643566454,122.81940974857646
2020-08-06,31.375,73.0,9.425,0.125,17.57,114.19993070311543,1.273,219,8,3,-0.5877852522924734,-0.8090169943749472,110.01044807849055,115.8216411942487,122.58773682127172
2020-08-07,30.8,71.0,12.775,0.1,15.8625,95.97033902875191,1.337,220,8,4,-0.6016240632249227,-0.7987793728863648,114.19993070311543,115.3698900547248,119.81637238898988
2020-08-08,31.175,73.75,4.275,0.325,20.995,141.07850928922102,1.242,221,8,5,-0.6152845999633277,-0.7883050558305253,95.97033902875191,138.0966130925789,120.24235755993872
2020-08-09,30.275,82.25,5.65,10.5,18.125,136.07538296227824,1.439,222,8,6,-0.6287628145958345,-0.7775971469736268,141.07850928922102,140.86565094380057,119.55803356257842
2020-08-10,29.025,87.0,6.95,9.925,14.15,152.3189901299996,1.32,223,8,0,-0.6420547132365636,-0.7666588193001592,136.07538296227824,131.6740318538973,122.5073133163073
2020-08-11,29.35,85.75,5.975,13.7,15.5475,143.19019500779714,1.258,224,8,1,-0.655156357209085,-0.7554933140726804,152.3189901299996,107.89759302229439,127.54911359995056
2020-08-12,30.325,82.75,6.75,5.65,18.025,135.03609435620731,1.476,225,8,2,-0.6680638642135333,-0.7441039398713608,143.19019500779714,110.01044807849055,131.12420592533866
2020-08-13,28.8,83.75,11.975,13.475,16.869999999999997,165.8473023231983,1.22,226,8,3,-0.6807734094770159,-0.7324940716135792,135.03609435620731,114.19993070311543,138.5024018710648
2020-08-14,28.9,80.25,11.3,1.175,17.572499999999998,124.87975557180422,1.43,227,8,4,-0.6932812268869771,-0.7206671495538615,165.8473023231983,95.97033902875191,142.63231852007226
2020-08-15,29.9,79.5,7.975,0.35,20.9775,137.47331547445992,1.829,228,8,5,-0.7055836101071774,-0.70862667826446,124.87975557180422,141.07850928922102,142.11729083224924
2020-08-16,29.925,81.0,8.925,2.675,18.7825,122.02920881217108,1.324,229,8,6,-0.7176769136759615,-0.6963762255968726,137.47331547445992,136.07538296227824,140.11069452509108
2020-08-17,30.0,82.0,8.825,1.3,16.7925,134.1237438577134,1.314,230,8,0,-0.7295575540864876,-0.6839194216246105,122.02920881217108,152.3189901299996,137.51137362905018
2020-08-18,29.975,83.75,7.575,10.8,18.005000000000003,139.4112219169257,1.274,231,8,1,-0.7412220108485957,-0.6712599575675315,134.1237438577134,143.19019500779714,136.97152033035428
2020-08-19,28.65,87.0,8.825,14.899999999999999,15.615,130.89254445068718,1.299,232,8,2,-0.7526668275320083,-0.6584015846980489,139.4112219169257,135.03609435620731,136.3795846295657
2020-08-20,27.1,87.0,12.55,5.3,12.6575,130.5513449244848,1.436,233,8,3,-0.7638886127905429,-0.64534811322955,130.89254445068718,165.8473023231983,131.33730500117804
2020-08-21,26.400000000000002,88.75,10.625,21.825,9.872499999999999,139.43803115820214,1.207,234,8,4,-0.7748840413670406,-0.6321034111873488,130.5513449244848,124.87975557180422,133.41705865637775
2020-08-22,28.325,79.75,5.3,0.19999999999999998,19.4525,143.66796244476063,1.416,235,8,5,-0.7856498550787144,-0.6186714032625032,139.43803115820214,137.47331547445992,134.30200822356355
2020-08-23,28.625,80.75,7.550000000000001,0.5,20.0275,100.07972885150161,1.251,236,8,6,-0.7961828637826154,-0.6050560696488494,143.66796244476063,122.02920881217108,131.1663682291822
2020-08-24,28.95,79.25,10.825,0.35,19.32,108.25226014509431,1.211,237,8,0,-0.8064799463209447,-0.5912614448635782,100.07972885150161,134.1237438577134,127.47044198452235
2020-08-25,28.9,80.0,10.5,2.2,18.8475,127.18494763631583,1.278,238,8,1,-0.8165380514459157,-0.5772916165517278,108.25226014509431,139.4112219169257,125.72383137300665
2020-08-26,28.35,84.75,8.325,6.1,16.0275,160.26717629611954,1.264,239,8,2,-0.8263541987239094,-0.5631507242749187,127.18494763631583,130.89254445068718,129.92020735092555
2020-08-27,28.5,82.5,5.375,2.75,18.22,130.2132241952478,1.779,240,8,3,-0.8359254794186365,-0.5488429582847199,160.26717629611954,130.5513449244848,129.871904389606
2020-08-28,27.95,85.5,4.125,10.45,17.7275,188.5189902469074,1.41,241,8,4,-0.8452490573530634,-0.5343725582809785,130.2132241952478,139.43803115820214,136.88346997370672
2020-08-29,28.35,83.25,3.775,0.7999999999999999,19.9725,173.27574569818276,1.21,242,8,5,-0.8543221697498269,-0.5197438121555157,188.5189902469074,143.66796244476063,141.11315329562416
2020-08-30,28.55,81.5,9.625,2.15,17.404999999999998,116.63216401924839,1.796,243,8,6,-0.8631421280499115,-0.5049610547215202,173.27574569818276,100.07972885150161,143.4777868910166
2020-08-31,28.4,78.0,16.55,2.375,18.427500000000002,87.20349215570637,1.213,244,8,0,-0.8717063187093217,-0.4900286664290594,116.63216401924839,108.25226014509431,140.47082003538972
2020-09-01,28.35,77.5,11.95,0.675,17.7,101.32535596018978,1.329,245,9,1,-0.8800122039735356,-0.4749510720670502,87.20349215570637,127.18494763631583,136.776592653086
2020-09-02,28.775,79.75,7.225,0.875,18.945,140.1512346812382,1.39,246,9,2,-0.888057322629493,-0.4597327394521046,101.32535596018978,160.26717629611954,133.90288670810295
2020-09-03,28.225,84.75,8.65,9.6,15.455,165.1741149488637,1.557,247,9,3,-0.8958392907349089,-0.4443781781046134,140.1512346812382,130.2132241952478,138.89729967290523
2020-09-04,28.125,85.75,6.575,3.5999999999999996,15.865,131.28531382804613,1.424,248,9,4,-0.9033558023246842,-0.4288919379124841,165.1741149488637,188.5189902469074,130.72106018449648
2020-09-05,27.8,86.75,3.925,6.4,14.2525,143.57089668605246,1.231,249,9,5,-0.9106046300942162,-0.41327860778290443,131.28531382804613,173.27574569818276,126.47751032562073
2020-09-06,27.85,86.75,3.9,8.35,16.62,170.3617964831038,1.262,250,9,6,-0.9175836260593934,-0.3975428142825566,143.57089668605246,116.63216401924839,134.1531721061715
2020-09-07,28.55,81.0,4.7,0.5750000000000001,19.7575,174.873307144563,1.248,251,9,0,-0.9242907221930934,-0.3816892202666586,170.3617964831038,87.20349215570637,146.67743139029386
2020-09-08,29.1,78.25,5.125,0.0,21.0975,169.26564564520282,1.301,252,9,1,-0.9307239310379793,-0.3657225234972692,174.873307144563,101.32535596018978,156.38318705958145
2020-09-09,29.5,76.0,5.75,0.0,20.7925,139.20016955580587,1.282,253,9,2,-0.9368813462954315,-0.34964745525122826,169.26564564520282,140.1512346812382,156.2473206130911
2020-09-10,29.55,75.0,6.35,0.0,20.9625,142.84261673443584,1.479,254,9,3,-0.9427611433904206,-0.33346877891818705,139.20016955580587,165.1741149488637,153.05710658245857
2020-09-11,29.925,72.25,5.425,0.0,20.8825,150.4740218928946,1.412,255,9,4,-0.9483615800121716,-0.31719128858910595,142.84261673443584,131.28531382804613,155.79835059172265
2020-09-12,29.75,71.0,5.375,0.0,21.314999999999998,123.21479514233619,1.343,256,9,5,-0.9536809966304455,-0.300819807635668,150.4740218928946,143.57089668605246,152.89033608547743
2020-09-13,29.825,70.25,4.675,0.05,20.9375,130.21105404238205,1.32,257,9,6,-0.9587178169872964,-0.2843591872810036,123.21479514233619,170.3617964831038,147.15451573680292
2020-09-14,29.65,68.75,4.8,0.0,21.189999999999998,122.6948175770011,1.569,258,9,0,-0.9634705485641486,-0.26781430516217486,130.21105404238205,174.873307144563,139.70044579857978
2020-09-15,30.325,67.75,5.675,0.0,20.7575,163.8172527319414,1.424,259,9,1,-0.9679377830240642,-0.25119006388481957,122.6948175770011,169.26564564520282,138.92210395382816
2020-09-16,31.325,65.25,7.5,0.0,18.6875,134.69695938787638,1.37,260,9,2,-0.9721181966290612,-0.23449138957041052,163.8172527319414,139.20016955580587,138.2787882155525
2020-09-17,31.1,64.0,7.525,0.0,20.1575,117.61360883191614,1.663,261,9,3,-0.9760105506323682,-0.21772323039653224,134.69695938787638,142.84261673443584,134.67464422947828
2020-09-18,30.95,64.25,6.35,0.0,20.545,132.15125021142305,1.486,262,9,4,-0.9796136916454901,-0.20089055513063528,117.61360883191614,150.4740218928946,132.05710541783947
2020-09-19,30.325,65.25,4.925,0.0,20.585,133.3177347271594,1.454,263,9,5,-0.9829265519799822,-0.18399835165767986,132.15125021142305,123.21479514233619,133.50038250138564
2020-09-20,29.9,63.25,6.8,0.0,20.965,121.52368216003686,1.516,264,9,6,-0.9859481499638303,-0.1670516255021195,133.3177347271594,130.21105404238205,132.25932937533634
2020-09-21,30.025000000000002,60.5,6.2,0.0,20.62,124.89066262378316,2.129,265,9,0,-0.9886775902323404,-0.15005539834465262,121.52368216003686,122.6948175770011,132.57302152487662
2020-09-22,29.8,66.0,5.7,0.325,18.32,124.3947494561459,1.718,266,9,1,-0.9911140639934546,-0.13301470653419636,124.89066262378316,163.8172527319414,126.94123534262015
2020-09-23,29.575,71.0,5.7,0.625,18.01,150.97058873195508,1.631,267,9,2,-0.9932568492674143,-0.11593459959550066,124.3947494561459,134.69695938787638,129.26603953463137
2020-09-24,29.85,66.75,7.05,0.07500000000000001,18.927500000000002,136.6899976357756,1.989,268,9,3,-0.9951053111006974,-0.09882013873287211,150.97058873195508,117.61360883191614,131.9912379351827
2020-09-25,29.525,61.75,6.925,0.0,18.7725,78.9100669534892,1.727,269,9,4,-0.99665890175417,-0.08167639533042288,136.6899976357756,132.15125021142305,124.38535461262074
2020-09-26,28.075,61.25,6.65,0.05,17.205,133.6038119225642,1.905,270,9,5,-0.9979171608653922,-0.06450844944931625,78.9100669534892,133.3177347271594,124.42622278339286
2020-09-27,28.025,59.0,6.1,0.0,19.92,111.1491007825036,1.884,271,9,6,-0.9988797155850335,-0.04732138832243232,133.6038119225642,121.52368216003686,122.94413972945952
2020-09-28,27.75,59.75,6.575,0.0,19.5625,160.556434910608,2.06,272,9,0,-0.9995462806873573,-0.03012030484690836,111.1491007825036,124.89066262378316,128.0392500561488
2020-09-29,27.325,59.75,7.3,0.0,18.96,114.7344383414528,2.085,273,9,1,-0.9999166586547379,-0.012910296075008843,160.556434910608,124.3947494561459,126.65920561119265
2020-09-30,27.0,58.0,8.65,0.0,19.857499999999998,89.07392029659971,2.165,274,9,2,-0.9999907397361901,0.004303538296243821,114.7344383414528,150.97058873195508,117.81682440614188
2020-10-01,27.325,56.75,6.8500000000000005,0.0,19.715,106.78132443329609,2.212,275,10,3,-0.9997685019798909,0.021516097436222233,89.07392029659971,136.6899976357756,113.54415680578767
2020-10-02,27.075,55.0,7.525,0.0,19.564999999999998,129.4754503685099,2.303,276,10,4,-0.9992500112396835,0.03872228089217399,106.78132443329609,78.9100669534892,120.76778300793346
2020-10-03,26.475,51.0,6.575,0.0,19.6475,109.96230252961331,2.551,277,10,5,-0.9984354211555643,0.05591699010060302,129.4754503685099,133.6038119225642,117.3904245232262
2020-10-04,26.45,50.25,7.125,0.0,19.4675,129.56039209296438,2.539,278,10,6,-0.9973249731081555,0.07309512989807776,109.96230252961331,111.1491007825036,120.02060899614919
2020-10-05,26.475,52.25,8.55,0.0,19.36,92.86838997636863,2.547,279,10,0,-0.9959189961471792,0.0902516100310407,129.56039209296438,160.556434910608,110.35088829125785
2020-10-06,26.7,53.25,6.7749999999999995,0.0,19.2325,146.7562623377976,2.788,280,10,1,-0.994217906893952,0.10738134666416306,92.86838997636863,114.7344383414528,114.92543457644994
2020-10-07,26.475,53.75,6.5,0.0,18.9175,112.65313179519106,3.14,281,10,2,-0.9922222094179324,0.12447926388678869,146.7562623377976,89.07392029659971,118.293893361963
2020-10-08,26.575,51.25,6.3,0.0,18.69,118.0348785913512,2.95,282,10,3,-0.989932495087353,0.141540295217043,112.65313179519106,106.78132443329609,119.90154395597087
2020-10-09,26.775,52.75,6.225,0.0,18.387500000000003,117.95846771774244,3.365,283,10,4,-0.9873494423939864,0.15855938510313475,118.0348785913512,129.4754503685099,118.25626072014695
2020-10-10,26.875,53.0,7.25,0.0,18.25,114.50787112040908,3.324,284,10,5,-0.9844738167520923,0.17553149042142777,117.95846771774244,109.96230252961331,118.90562766168921
2020-10-11,26.75,50.5,7.1,0.0,18.3225,126.40698820166216,3.267,285,10,6,-0.9813064702716093,0.19245158197082995,114.50787112040908,129.56039209296438,118.45514139150316
2020-10-12,26.4,50.0,5.375,0.0,18.1825,128.02432645429462,3.511,286,10,0,-0.9778483415056567,0.20931464596304888,126.40698820166216,92.86838997636863,123.47741803120688
2020-10-13,26.725,54.75,7.275,0.0,17.2475,123.74979916805785,3.554,287,10,1,-0.9741004551724206,0.22611568550828803,128.02432645429462,146.7562623377976,120.19078043552977
2020-10-14,26.475,51.25,6.625,0.0,17.3425,126.27558479295983,3.799,288,10,2,-0.970063921851507,0.2428497220959358,123.74979916805785,112.65313179519106,122.13684514949674
2020-10-15,25.6,40.25,7.225,0.0,17.905,121.75239229538433,3.797,289,10,3,-0.965739937654855,0.25951179706979943,126.27558479295983,118.0348785913512,122.66791853578718
2020-10-16,25.325,41.5,5.9,0.0,17.630000000000003,122.41300377834241,3.984,290,10,4,-0.9611297838723007,0.27609697309746883,121.75239229538433,117.95846771774244,123.30428083015862
2020-10-17,25.3,42.5,6.325,0.0,17.4075,119.81047544787822,4.043,291,10,5,-0.9562348265919058,0.2926003356333479,122.41300377834241,114.50787112040908,124.06179573408278
2020-10-18,24.75,41.0,8.25,0.0,17.4975,149.8740629748806,4.174,292,10,6,-0.9510565162951536,0.30901699437494723,119.81047544787822,126.40698820166216,127.4142349873997
2020-10-19,24.575,40.5,7.825,0.0,17.405,83.8968952740814,4.486,293,10,0,-0.9455963874271428,0.3253420847119795,149.8740629748806,128.02432645429462,121.11031624736924
2020-10-20,24.425,40.25,6.575,0.0,17.18,81.74317037176174,4.673,294,10,1,-0.9398560579418953,0.341570769167856,83.8968952740814,123.74979916805785,115.10936927646979
2020-10-21,24.425,37.25,7.575,0.0,15.57,90.2539653383025,4.687,295,10,2,-0.9338372288229252,0.35769823883312546,81.74317037176174,126.27558479295983,109.96342364009016
2020-10-22,24.125,39.25,6.8,0.0,16.2825,109.62944811144578,4.685,296,10,3,-0.9275416835791965,0.3737197147904692,90.2539653383025,121.75239229538433,108.23157447095608
2020-10-23,23.85,41.5,5.375,0.0,16.6,131.45853786349224,4.663,297,10,4,-0.9209712877166347,0.38963044953078774,109.62944811144578,122.41300377834241,109.5237936259775
2020-10-24,23.9,44.25,5.95,0.0,16.3025,97.18499650444608,4.967,298,10,5,-0.9141279881853337,0.4054257283599973,131.45853786349224,119.81047544787822,106.29158234834435
2020-10-25,23.9,41.5,7.475,0.0,15.785,80.68057584541779,4.85,299,10,6,-0.9070138128026362,0.42110087079608916,97.18499650444608,149.8740629748806,96.4067984727068
2020-10-26,23.55,37.5,7.85,0.0,16.0825,75.08966633594405,5.046,300,10,0,-0.8996308696522434,0.4366512319560638,80.68057584541779,83.8968952740814,95.14862291011573
2020-10-27,22.175,43.75,7.825,0.0,16.2325,114.32380560648303,5.133,301,10,1,-0.8919813464595487,0.45207220393230374,75.08966633594405,81.74317037176174,99.80299937221878
2020-10-28,21.825,45.0,6.525,0.0,16.1225,127.02237764228114,4.995,302,10,2,-0.8840675099433637,0.46735921715800205,114.32380560648303,90.2539653383025,105.0556297013586
2020-10-29,21.975,43.0,5.975,0.0,15.81,105.81970603101826,5.095,303,10,3,-0.8758917051442433,0.48250774176121763,127.02237764228114,109.62944811144578,104.51138083272608
2020-10-30,22.0,44.25,8.8,0.0,15.700000000000001,107.34359191581596,5.062,304,10,4,-0.8674563547295971,0.4975132889071803,105.81970603101826,131.45853786349224,101.06638855448661
2020-10-31,21.425,42.25,9.75,0.0,15.817499999999999,88.93951051623637,5.29,305,10,5,-0.858763958275803,0.5123714121284235,107.34359191581596,97.18499650444608,99.88846198474236
2020-11-01,20.975,38.0,8.5,0.0,15.575,107.94270720018986,5.062,306,11,6,-0.8498170915275277,0.5270777086423724,88.93951051623637,80.68057584541779,103.78305217828124
2020-11-02,21.1,35.5,7.275,0.0,15.2925,116.39054979256072,5.026,307,11,0,-0.8406184056344783,0.5416278206559811,107.94270720018986,75.08966633594405,109.68317838636933
2020-11-03,21.2,41.25,6.25,0.0,15.120000000000001,97.3893101212827,4.999,308,11,1,-0.8311706263658079,0.5560174366570446,116.39054979256072,114.32380560648303,107.26396474562644
2020-11-04,21.575,47.5,7.675,0.0,14.8775,89.36665388323286,4.966,309,11,2,-0.8214765533024145,0.5702422926917867,97.3893101212827,127.02237764228114,101.88457563719096
2020-11-05,21.55,43.5,6.65,0.0,14.9525,126.54305990038885,5.219,310,11,3,-0.8115390590073611,0.5842981736283683,89.36665388323286,105.81970603101826,104.84505476138676
2020-11-06,21.175,42.75,8.15,0.0,14.935,113.98147875930204,4.795,311,11,4,-0.801361088174677,0.5981809144059158,126.54305990038885,107.34359191581596,105.7933243104562
2020-11-07,20.925,45.25,8.3,0.0,14.7925,71.71759632704632,5.009,312,11,5,-0.7909456567567774,0.6118864012687242,113.98147875930204,88.93951051623637,103.33305085485763
2020-11-08,20.2,49.5,5.9,0.0,14.5325,97.29804726984958,4.661,313,11,6,-0.780295851070776,0.6254105729852457,71.71759632704632,107.94270720018986,101.8123851505233
2020-11-09,20.0,51.75,5.8,0.0,14.39,96.16821204085022,4.635,314,11,0,-0.7694148268839381,0.6387494220515268,97.29804726984958,116.39054979256072,98.9234797574218
2020-11-10,20.2,54.25,5.775,0.0,13.8225,131.23133214079994,4.633,315,11,1,-0.7583058084785625,0.6518989958787125,96.16821204085022,97.3893101212827,103.75805433163853
2020-11-11,20.175,58.5,4.85,0.0,13.9225,160.72572052795826,4.464,316,11,2,-0.7469720876965551,0.6648553979642866,131.23133214079994,89.36665388323286,113.95220670945646
2020-11-12,20.125,55.0,5.2,0.0,13.2375,141.27569421256976,4.34,317,11,3,-0.7354170229639858,0.6776147890466887,160.72572052795826,126.54305990038885,116.05686875405374
2020-11-13,19.424999999999997,55.75,6.9,0.0,13.842500000000001,148.86892425500056,4.195,318,11,4,-0.7236440382959124,0.690173388242972,141.27569421256976,113.98147875930204,121.04078953915352
2020-11-14,18.925,60.5,5.15,0.0,11.7125,140.88924453371573,4.04,319,11,5,-0.711656622281775,0.7025274741691566,148.86892425500056,71.71759632704632,130.9224535686777
2020-11-15,18.0,70.75,12.475,11.85,7.4125,82.79705702341697,3.928,320,11,6,-0.6994583270516471,0.7146733860429608,140.88924453371573,97.29804726984958,128.85088353347305
2020-11-16,17.175,78.5,8.8,3.5749999999999997,9.3775,140.3559739479058,3.807,321,11,0,-0.6870527672236675,0.7266075247685652,82.79705702341697,96.16821204085022,135.1634209487667
2020-11-17,16.85,72.0,7.7,0.0,13.185,133.31715503667075,3.64,322,11,1,-0.6744436188329457,0.7383263540031063,140.3559739479058,131.23133214079994,135.46139564817685
2020-11-18,15.725000000000001,62.25,6.325,0.0,13.515,143.26106655377546,3.519,323,11,2,-0.661634618242279,0.749826401204568,133.31715503667075,160.72572052795826,132.96644508043644
2020-11-19,15.525,57.5,5.175,0.0,13.3725,115.93383699577245,3.435,324,11,3,-0.6486295610349818,0.7611042586607742,143.26106655377546,141.27569421256976,129.3461797637511
2020-11-20,15.625,57.0,10.25,0.0,13.27,108.17853179796877,3.331,325,11,4,-0.6354323008901775,0.7721565844991641,115.93383699577245,148.86892425500056,123.53326655560372
2020-11-21,14.524999999999999,54.5,10.275,0.0,13.3975,90.41640965741429,3.135,326,11,5,-0.622046748440868,0.7829801036770624,108.17853179796877,140.88924453371573,116.32286157327495
2020-11-22,14.375,58.5,7.425,0.0,11.32,121.44734624544529,3.115,327,11,6,-0.6084768701151264,0.7935716089521472,90.41640965741429,82.79705702341697,121.84433146213613
2020-11-23,15.0,62.5,5.800000000000001,0.0,8.4125,161.88976385682918,2.952,328,11,0,-0.594726686960764,0.8039279618328208,121.44734624544529,140.3559739479058,124.9205871634109
2020-11-24,15.850000000000001,68.5,5.75,0.175,8.182500000000001,164.77144945636263,2.93,329,11,1,-0.5808002734538013,0.8140460935082175,161.88976385682918,133.31715503667075,129.41405779479544
2020-11-25,14.7,77.5,7.875,2.375,5.2875,130.34234763487478,2.905,330,11,2,-0.5667017562911184,0.8239230057575536,164.77144945636263,143.26106655377546,127.56852652066677
2020-11-26,15.399999999999999,75.25,7.35,2.8,11.8,143.83020866478523,2.541,331,11,3,-0.5524353131676203,0.8335557718385695,130.34234763487478,115.93383699577245,131.5537224733829
2020-11-27,15.975,66.75,10.525,0.0,12.635000000000002,107.90319241295249,2.515,332,11,4,-0.5380051715382992,0.8429415373547832,143.83020866478523,108.17853179796877,131.5143882755234
2020-11-28,14.925,64.25,9.3,0.0,12.7925,107.98971088413933,2.34,333,11,5,-0.5234156073655503,0.8520775211013093,107.90319241295249,90.41640965741429,134.02485987934128
2020-11-29,15.175,64.75,5.125,0.0,11.3875,122.99218012557249,2.441,334,11,6,-0.5086709438521042,0.8609610158889945,107.98971088413933,121.44734624544529,134.24555043364515
2020-11-30,15.275,70.25,7.225,0.0,12.3275,156.05950269569456,2.625,335,11,0,-0.49377555015997737,0.8695893893466109,122.99218012557249,161.88976385682918,133.4126559820545
2020-12-01,16.375,69.5,6.625,0.0,12.2575,147.058612234209,2.232,336,12,1,-0.4787338401157883,0.8779600847008883,156.05950269569456,164.77144945636263,130.882250664604
2020-12-02,16.8,70.25,8.375,0.0,12.2475,82.86913448153206,1.993,337,12,2,-0.4635502709028512,0.8860706215341378,147.058612234209,130.34234763487478,124.1003630712693
2020-12-03,16.85,72.0,5.8,0.0,12.190000000000001,153.98041133095407,2.304,338,12,3,-0.4482293417404106,0.893918596519257,82.86913448153206,143.83020866478523,125.55039202357914
2020-12-04,16.75,76.5,7.5,0.0,11.9475,122.13656078901742,2.562,339,12,4,-0.4327755925504317,0.9015016841318838,153.98041133095407,107.90319241295249,127.583730363017
2020-12-05,17.9,71.5,9.8,0.0,11.290000000000001,140.96089149327287,1.883,340,12,5,-0.41719360261231697,0.9088176373395028,122.13656078901742,107.98971088413933,132.29389902146463
2020-12-06,18.05,74.25,6.3,0.0,11.7975,95.864877910747,1.79,341,12,6,-0.4014879892059737,0.9158642882672868,140.96089149327287,122.99218012557249,128.41857013363241
2020-12-07,17.425,73.5,7.5,0.0,11.7225,130.553896163429,1.755,342,12,0,-0.38566340624360745,0.9226395488404875,95.864877910747,156.05950269569456,124.77491205759449
2020-12-08,16.925,72.5,5.824999999999999,0.0,11.415,157.22994208690017,1.616,343,12,1,-0.3697245428906732,0.9291414114031743,130.553896163429,147.058612234209,126.2279591794075
2020-12-09,16.175,73.0,8.225,0.225,9.254999999999999,142.65173432034936,1.754,344,12,2,-0.3536761221763721,0.935367949313148,157.22994208690017,82.86913448153206,134.76833058495282
2020-12-10,16.825,73.25,7.65,0.025,11.585,118.5164669530005,1.527,345,12,3,-0.33752289959411347,0.941317317512847,142.65173432034936,153.98041133095407,129.70205281667376
2020-12-11,16.575,72.75,6.7,0.575,9.785,152.63605724430258,1.54,346,12,4,-0.32126966169236515,0.9469877530760751,118.5164669530005,122.13656078901742,134.05912373885735
2020-12-12,15.175,78.25,7.324999999999999,8.175,10.75,170.42847024143003,1.566,347,12,5,-0.3049212246562894,0.9523775757303973,152.63605724430258,140.96089149327287,138.26877784573693
2020-12-13,12.625,78.75,7.9,0.0,11.7975,150.69689198141685,1.571,348,12,6,-0.2884824328806098,0.9574851883550389,170.42847024143003,95.864877910747,146.1019227129755
2020-12-14,11.325,79.25,7.5,0.0,11.98,121.06927098341423,1.525,349,12,0,-0.27195815753410524,0.9623090774541487,150.69689198141685,130.553896163429,144.74697625868765
2020-12-15,10.275,78.25,7.45,0.0,12.1025,119.90993446142971,1.499,350,12,1,-0.2553532951161881,0.9668478136052773,121.06927098341423,157.22994208690017,139.41554659790617
2020-12-16,9.95,78.0,8.4,0.0,12.0025,152.99411410357786,1.546,351,12,2,-0.23867276600594997,0.9711000518829505,119.90993446142971,142.65173432034936,140.8930294240817
2020-12-17,9.125,72.5,9.7,0.0,12.307500000000001,152.01335178929992,1.39,352,12,3,-0.22192151300416674,0.9750645322571945,152.99411410357786,118.5164669530005,145.6782986864102
2020-12-18,9.25,67.75,9.75,0.0,12.3025,94.91471156168845,1.452,353,12,4,-0.20510449986861926,0.9787400799669153,152.01335178929992,152.63605724430258,137.43239216032242
2020-12-19,10.15,71.0,9.125,0.0,12.185,160.23629754623002,1.637,354,12,5,-0.1882267098432439,0.9821256058680006,94.91471156168845,170.42847024143003,135.97636748957956
2020-12-20,11.725,70.75,9.125,0.0,11.8725,133.05332222601245,1.458,355,12,6,-0.1712931441814778,0.9852201067560606,160.23629754623002,150.69689198141685,133.4558575245218
2020-12-21,12.425,72.75,7.35,0.0,11.4075,123.32389978662796,1.465,356,12,0,-0.154308820664281,0.9880226656636976,133.05332222601245,121.06927098341423,133.77794735355235
2020-12-22,12.625,74.0,6.5,0.0,11.9925,134.65398279453936,1.289,357,12,1,-0.13727877211326517,0.9905324521322227,123.32389978662796,119.90993446142971,135.884239972568
2020-12-23,12.375,76.25,5.925,0.0,11.9625,132.20621331538828,1.674,358,12,2,-0.12020804489935275,0.9927487224577402,134.65398279453936,152.99411410357786,132.9145398599695
2020-12-24,12.375,76.25,5.4,0.0,11.6675,139.54539668219655,1.391,359,12,3,-0.10310169744743544,0.9946708199115211,132.20621331538828,152.01335178929992,131.13340341609756
2020-12-25,11.775,77.25,6.574999999999999,0.0,11.6975,154.51376937803428,1.301,360,12,4,-0.0859647987374467,0.9962981749346077,139.54539668219655,94.91471156168845,139.64755453271843
2020-12-26,10.675,83.25,5.925,0.0,11.105,203.8464022781057,1.339,361,12,5,-0.06880242680232064,0.9976303053065857,154.51376937803428,160.23629754623002,145.87756949441493
2020-12-27,10.575,82.25,10.3,2.425,10.0225,124.83002402821141,1.333,362,12,6,-0.05161966722325418,0.9986668162884759,203.8464022781057,133.05332222601245,144.70281260901479
2020-12-28,9.15,71.0,6.85,0.05,12.0125,125.87294292713554,1.299,363,12,0,-0.034421611622745804,0.9994074007397048,124.83002402821141,123.32389978662796,145.0669616290873
2020-12-29,8.35,79.25,8.55,0.0,12.2225,142.1469815827657,1.384,364,12,1,-0.01721335615583528,0.9998518392091162,125.87294292713554,134.65398279453936,146.13739002740536
2020-12-30,8.525,80.75,7.475,0.0,12.275,147.7674595715498,1.403,365,12,2,6.432490598706546e-16,1.0,142.1469815827657,132.20621331538828,148.360425206857
2020-12-31,8.4,85.25,6.775,0.0,10.02,159.59589879945128,1.533,366,12,3,0.017213356155833904,0.9998518392091162,147.7674595715498,139.54539668219655,151.2247826521791
2021-01-01,8.425,85.25,4.800000000000001,0.0,11.094999999999999,150.06409201042192,1.374,1,1,4,0.017213356155834685,0.9998518392091162,159.59589879945128,154.51376937803428,150.5891144568059
2021-01-02,10.325,86.5,6.925000000000001,1.75,6.91,150.4663895160948,1.538,2,1,5,0.03442161162274574,0.9994074007397048,150.06409201042192,203.8464022781057,142.96339834794722
2021-01-03,13.95,87.25,10.75,9.075,6.37,118.63626941070704,1.588,3,1,6,0.051619667223253764,0.998666816288476,150.4663895160948,124.83002402821141,142.0785762597323
2021-01-04,15.45,90.5,9.85,5.125,5.875,148.00705415079727,1.241,4,1,0,0.06880242680231986,0.9976303053065857,118.63626941070704,125.87294292713554,145.24059214882683
2021-01-05,15.375,89.0,12.024999999999999,17.075000000000003,3.8825000000000003,118.6697397410546,1.387,5,1,1,0.08596479873744647,0.9962981749346078,148.00705415079727,142.1469815827657,141.8867004571538
2021-01-06,14.9,88.0,7.0249999999999995,8.175,8.675,167.6157053055079,1.202,6,1,2,0.10310169744743485,0.9946708199115211,118.6697397410546,147.7674595715498,144.72216413343355
2021-01-07,13.4,88.5,6.05,0.0,9.645,172.63925160482987,1.214,7,1,3,0.1202080448993527,0.9927487224577402,167.6157053055079,159.59589879945128,146.5855002484876
2021-01-08,12.2,83.75,4.65,0.0,11.592500000000001,182.4736963089162,1.202,8,1,4,0.13727877211326478,0.9905324521322229,172.63925160482987,150.06409201042192,151.2154437197011
2021-01-09,11.775,84.25,8.05,0.0,11.605,161.61744762003548,1.238,9,1,5,0.15430882066428117,0.9880226656636976,182.4736963089162,150.4663895160948,152.80845202026404
2021-01-10,9.825,87.75,8.15,0.0,11.5875,104.79089896182958,1.243,10,1,6,0.1712931441814776,0.9852201067560606,161.61744762003548,118.63626941070704,150.8305419561387
2021-01-11,10.25,84.25,7.625,0.0,12.695,127.07409820468128,1.36,11,1,0,0.1882267098432442,0.9821256058680006,104.79089896182958,148.00705415079727,147.84011967812214
2021-01-12,9.375,89.25,7.175,0.0,10.41,135.65443327172736,1.252,12,1,1,0.2051044998686192,0.9787400799669153,127.07409820468128,118.6697397410546,150.26650446821824
2021-01-13,9.275,87.0,5.7,0.0,11.450000000000001,140.5192420878577,1.235,13,1,2,0.2219215130041655,0.9750645322571948,135.65443327172736,167.6157053055079,146.39558115141105
2021-01-14,8.85,90.25,4.925,0.0,10.0725,169.67170527681716,1.569,14,1,3,0.2386727660059501,0.9711000518829505,140.5192420878577,172.63925160482987,145.97164596169497
2021-01-15,9.8,90.25,3.7249999999999996,0.0,11.48,199.8593622803549,1.457,15,1,4,0.255353295116187,0.9668478136052775,169.67170527681716,182.4736963089162,148.45531252904334
2021-01-16,8.775,93.75,5.875,0.0,8.5875,141.70143539549187,1.215,16,1,5,0.2719581575341055,0.9623090774541486,199.8593622803549,161.61744762003548,145.61016792553713
2021-01-17,9.8,89.0,8.95,0.025,10.015,143.44958149470554,1.239,17,1,6,0.288482432880609,0.9574851883550393,141.70143539549187,104.79089896182958,151.13283685880512
2021-01-18,12.4,87.25,8.225000000000001,0.0,12.065,139.33679098629227,1.419,18,1,0,0.30492122465628907,0.9523775757303974,143.44958149470554,127.07409820468128,152.884650113321
2021-01-19,12.774999999999999,86.0,8.0,0.0,12.9425,140.7681863943215,1.204,19,1,1,0.3212696616923644,0.9469877530760753,139.33679098629227,135.65443327172736,153.61518627369156
2021-01-20,12.375,85.5,8.8,0.0,13.575,139.6412268401416,1.282,20,1,2,0.3375228995941133,0.9413173175128471,140.7681863943215,140.5192420878577,153.48975552401785
2021-01-21,11.675,81.0,8.8,0.0,14.02,142.86456441211567,1.248,21,1,3,0.3536761221763716,0.9353679493131483,139.6412268401416,169.67170527681716,149.66016397191763
2021-01-22,11.775,82.75,10.175,0.0,12.6425,132.6683560802395,1.247,22,1,4,0.3697245428906731,0.9291414114031743,142.86456441211567,199.8593622803549,140.06144880047256
2021-01-23,13.225,83.25,13.575,2.375,10.8,115.94998682418314,1.203,23,1,5,0.38566340624360707,0.9226395488404876,132.6683560802395,141.70143539549187,136.38267043314275
2021-01-24,11.425,86.75,7.15,0.075,11.875,132.99305323252904,1.361,24,1,6,0.401487989205973,0.9158642882672872,115.94998682418314,143.44958149470554,134.88888068140324
2021-01-25,11.350000000000001,76.75,7.65,0.0,14.19,157.7019805768553,1.83,25,1,0,0.4171936026123168,0.9088176373395029,132.99305323252904,139.33679098629227,137.5124791943408
2021-01-26,10.525,78.0,8.55,0.0,14.4025,165.56921523969262,1.45,26,1,1,0.4327755925504312,0.901501684131884,157.7019805768553,140.7681863943215,141.05548331510812
2021-01-27,10.675,76.25,9.0,0.0,14.7375,148.804728093316,1.677,27,1,2,0.4482293417404106,0.893918596519257,165.56921523969262,139.6412268401416,142.36455492270446
2021-01-28,11.025,75.25,6.25,0.0,14.6975,126.8682304467653,1.251,28,1,3,0.4635502709028509,0.886070621534138,148.804728093316,142.86456441211567,140.07936435622582
2021-01-29,10.425,78.25,9.4,0.0,14.845,120.1627466993288,1.513,29,1,4,0.47873384011578846,0.8779600847008882,126.8682304467653,132.6683560802395,138.29284873038145
2021-01-30,10.825,74.0,8.175,0.0,15.045,130.77505699947073,1.246,30,1,5,0.49377555015997715,0.869589389346611,120.1627466993288,115.94998682418314,140.41071589827968
2021-01-31,11.95,73.75,5.5,0.0,14.91,142.7114087122863,1.571,31,1,6,0.5086709438521044,0.8609610158889943,130.77505699947073,132.99305323252904,141.79905239538786
2021-02-01,12.725,76.5,6.975,0.0,14.9025,152.98852062462691,1.251,32,2,0,0.5234156073655503,0.8520775211013093,142.7114087122863,157.7019805768553,141.12570097364096
2021-02-02,13.65,75.25,6.275,0.0,15.059999999999999,108.61521394912899,1.475,33,2,1,0.5380051715382996,0.8429415373547828,152.98852062462691,165.56921523969262,132.989415074989
2021-02-03,14.375,79.0,10.825,2.675,12.7225,127.41546718825062,1.241,34,2,2,0.5524353131676196,0.8335557718385699,108.61521394912899,148.804728093316,129.93380637426537
2021-02-04,12.725,81.5,10.0,5.275,10.8325,143.77928692537398,1.279,35,2,3,0.5667017562911176,0.8239230057575542,127.41546718825062,126.8682304467653,132.34967158549517
2021-02-05,11.875,80.5,6.175,0.0,14.635,139.36953775503974,1.527,36,2,4,0.5808002734538009,0.8140460935082178,143.77928692537398,120.1627466993288,135.09349887916818
2021-02-06,12.825,76.75,8.625,0.0,15.5625,158.21491195832942,1.203,37,2,5,0.5947266869607634,0.8039279618328213,139.36953775503974,130.77505699947073,139.01347815900513
2021-02-07,13.7,75.5,7.8999999999999995,0.0,15.67,137.55921739606973,1.208,38,2,6,0.6084768701151261,0.7935716089521474,158.21491195832942,142.7114087122863,138.27745082811705
2021-02-08,14.575000000000001,77.25,6.325,0.0,15.747499999999999,162.32567019984782,1.309,39,2,0,0.6220467484408675,0.7829801036770629,137.55921739606973,152.98852062462691,139.6113293388629
2021-02-09,15.825000000000001,75.75,6.45,0.0,15.525,173.27355829037043,1.497,40,2,1,0.6354323008901774,0.7721565844991642,162.32567019984782,108.61521394912899,148.84823567332595
2021-02-10,15.55,78.75,6.6,0.0,15.9775,176.62024093069587,1.529,41,2,2,0.6486295610349814,0.7611042586607747,173.27355829037043,127.41546718825062,155.87748906510387
2021-02-11,15.575,82.0,6.075,0.0,15.905000000000001,162.47371309313584,1.294,42,2,3,0.6616346182422783,0.7498264012045686,176.62024093069587,143.77928692537398,158.54812137478413
2021-02-12,15.825000000000001,82.75,5.725,0.0,14.78,116.12462391293543,1.213,43,2,4,0.6744436188329455,0.7383263540031065,162.47371309313584,139.36953775503974,155.22741939734064
2021-02-13,15.875,84.75,5.525,0.0,13.5775,126.64492619047978,1.409,44,2,5,0.6870527672236669,0.7266075247685656,116.12462391293543,158.21491195832942,150.717421430505
2021-02-14,15.925,84.0,5.9,0.0,15.1575,174.7042969585611,1.351,45,2,6,0.699458327051647,0.7146733860429609,126.64492619047978,137.55921739606973,156.02386136800376
2021-02-15,15.775,85.0,5.075,0.0,14.7225,174.77543615030555,1.309,46,2,0,0.7116566222817746,0.7025274741691571,174.7042969585611,162.32567019984782,157.80239936092627
2021-02-16,16.175,84.75,5.625,0.0,15.607499999999998,173.12642047601457,1.367,47,2,1,0.7236440382959124,0.6901733882429719,174.77543615030555,173.27355829037043,157.78137967316115
2021-02-17,16.325,85.0,5.65,0.0,15.26,151.76361964841533,1.35,48,2,2,0.7354170229639855,0.6776147890466889,173.12642047601457,176.62024093069587,154.23043377569252
2021-02-18,16.45,84.25,5.5,0.0,15.575,154.68452198816487,1.386,49,2,3,0.7469720876965552,0.6648553979642865,151.76361964841533,162.47371309313584,153.1176921892681
2021-02-19,16.825,82.5,5.475,0.0,16.1925,188.08450844320635,1.254,50,2,4,0.7583058084785624,0.6518989958787126,154.68452198816487,116.12462391293543,163.3976756935925
2021-02-20,16.825,78.75,6.4,0.0,16.67,112.96720597403232,1.266,51,2,5,0.7694148268839378,0.6387494220515272,188.08450844320635,126.64492619047978,161.44371566267142
2021-02-21,17.65,77.25,7.3500000000000005,0.0,17.065,127.44251805123753,1.282,52,2,6,0.7802958510707755,0.6254105729852463,112.96720597403232,174.7042969585611,154.69203296162522
2021-02-22,19.0,73.25,6.625,0.0,17.3375,162.73648234903342,1.441,53,2,0,0.7909456567567772,0.6118864012687243,127.44251805123753,174.77543615030555,152.97218241858633
2021-02-23,19.625,71.5,6.6,0.0,17.05,133.7918243432687,1.305,54,2,1,0.8013610881746766,0.5981809144059165,162.73648234903342,173.12642047601457,147.35295439962263
2021-02-24,19.65,71.0,6.6000000000000005,0.0,17.82,155.3524071433721,1.299,55,2,2,0.8115390590073611,0.5842981736283684,133.7918243432687,151.76361964841533,147.8656383274736
2021-02-25,20.5,66.25,7.050000000000001,0.0,18.1875,140.0594361210501,1.203,56,2,3,0.8214765533024142,0.5702422926917871,155.3524071433721,154.68452198816487,145.7763403464572
2021-02-26,21.675,65.25,6.75,0.0,17.915,119.71434520323767,1.235,57,2,4,0.8311706263658079,0.5560174366570446,140.0594361210501,188.08450844320635,136.0091741693188
2021-02-27,20.925,55.5,11.575,0.0,18.369999999999997,125.03102114010642,1.268,58,2,5,0.8406184056344782,0.5416278206559814,119.71434520323767,112.96720597403232,137.73257633590086
2021-02-28,18.05,58.0,6.6,0.0,19.11,117.84692434439421,1.281,59,2,6,0.8498170915275278,0.5270777086423722,125.03102114010642,127.44251805123753,136.3617772349232
2021-03-01,18.2,60.0,8.625,0.0,19.075,154.3577708365571,1.272,60,3,0,0.8587639582758029,0.5123714121284237,117.84692434439421,162.73648234903342,135.16481844742663
2021-03-02,18.375,53.0,11.25,0.0,19.555,59.6901472198402,1.327,61,3,1,0.8674563547295969,0.49751328890718066,154.3577708365571,133.7918243432687,124.57886457265113
2021-03-03,19.45,54.5,7.9750000000000005,0.0,19.4675,142.84885466231196,1.286,62,3,2,0.8758917051442429,0.48250774176121847,59.6901472198402,155.3524071433721,122.79264278964251
2021-03-04,20.025,57.25,6.975,0.0,19.2225,131.23202009131407,1.245,63,3,3,0.8840675099433636,0.4673592171580022,142.84885466231196,140.0594361210501,121.53158335682308
2021-03-05,20.225,56.75,10.775,0.0,19.85,94.119746258247,1.318,64,3,4,0.8919813464595485,0.45207220393230435,131.23202009131407,119.71434520323767,117.87521207896728
2021-03-06,20.174999999999997,52.75,8.9,0.0,18.765,104.47691737191876,1.219,65,3,5,0.8996308696522433,0.43665123195606403,94.119746258247,125.03102114010642,114.93891154065477
2021-03-07,23.075000000000003,45.5,14.275,0.075,17.4575,87.45134775183872,1.22,66,3,6,0.9070138128026359,0.4211008707960896,104.47691737191876,117.84692434439421,110.59668631314685
2021-03-08,22.6,56.0,14.35,0.575,19.2875,62.16906948185975,1.202,67,3,0,0.9141279881853337,0.40542572835999735,87.45134775183872,154.3577708365571,97.42687183390434
2021-03-09,22.5,59.0,7.025,0.05,18.0675,145.99102585890842,1.329,68,3,1,0.9209712877166346,0.38963044953078796,62.16906948185975,59.6901472198402,109.75556878234268
2021-03-10,22.25,58.75,6.125,0.0,18.48,142.1846597908038,1.276,69,3,2,0.9275416835791966,0.37371971479046906,145.99102585890842,142.84885466231196,109.66068380069865
2021-03-11,22.225,55.75,7.949999999999999,0.05,18.8175,124.34056650638607,1.479,70,3,3,0.9338372288229252,0.35769823883312546,142.1846597908038,131.23202009131407,108.67619043142324
2021-03-12,21.15,54.25,13.0,0.125,14.58,82.98823602280041,1.308,71,3,4,0.9398560579418954,0.3415707691678556,124.34056650638607,94.119746258247,107.08597468350229
2021-03-13,20.55,54.75,8.625,0.0,20.015,129.8787368439889,1.562,72,3,5,0.9455963874271426,0.3253420847119801,82.98823602280041,104.47691737191876,110.71480603665516
2021-03-14,20.7,62.25,8.3,0.0,20.9625,99.6136195092433,1.296,73,3,6,0.9510565162951535,0.30901699437494745,129.8787368439889,87.45134775183872,112.45227343057009
2021-03-15,21.65,61.25,9.25,0.0,19.7325,94.3885809358602,1.209,74,3,0,0.9562348265919056,0.29260033563334836,99.6136195092433,62.16906948185975,117.05506078114159
2021-03-16,22.4,59.5,8.35,0.0,20.9025,123.95952461464428,1.244,75,3,1,0.9611297838723007,0.27609697309746883,94.3885809358602,145.99102585890842,113.90770346053243
2021-03-17,22.725,55.75,8.450000000000001,0.0,20.075,137.26349369950873,1.56,76,3,2,0.9657399376548549,0.2595117970697999,123.95952461464428,142.1846597908038,113.20467973320456
2021-03-18,23.075,56.25,7.8999999999999995,0.0,20.905,133.56632243864274,1.207,77,3,3,0.9700639218515071,0.2428497220959356,137.26349369950873,124.34056650638607,114.52264486638408
2021-03-19,23.3,51.25,9.175,0.0,20.6475,105.56756400306527,1.287,78,3,4,0.9741004551724205,0.22611568550828828,133.56632243864274,82.98823602280041,117.74826314927905
2021-03-20,23.125,51.0,9.0,0.0,21.5225,131.16496356136986,1.821,79,3,5,0.9778483415056568,0.20931464596304847,105.56756400306527,129.8787368439889,117.93200982319061
2021-03-21,22.45,58.25,9.575,0.15000000000000002,16.3,125.17843821588733,1.603,80,3,6,0.9813064702716093,0.19245158197082998,131.16496356136986,99.6136195092433,121.58412678128263
2021-03-22,23.175,51.75,14.35,0.6,14.405000000000001,69.59631181911938,1.452,81,3,0,0.9844738167520922,0.1755314904214282,125.17843821588733,94.3885809358602,118.04237405031965
2021-03-23,21.925,56.25,14.075,2.2,16.1375,116.77190228987769,1.433,82,3,1,0.9873494423939864,0.15855938510313475,69.59631181911938,123.95952461464428,117.01557086106727
2021-03-24,21.45,52.0,9.175,0.175,20.3675,78.63885270575939,1.237,83,3,2,0.989932495087353,0.141540295217043,116.77190228987769,137.26349369950873,108.64062214767452
2021-03-25,21.1,55.75,10.625,0.0,22.5925,96.32572768255815,1.348,84,3,3,0.9922222094179323,0.12447926388678915,78.63885270575939,133.56632243864274,103.32053718251959
2021-03-26,21.725,58.0,8.649999999999999,0.0,22.6125,136.3295181169488,1.423,85,3,4,0.994217906893952,0.10738134666416309,96.32572768255815,105.56756400306527,107.71510205593151
2021-03-27,23.45,56.75,7.875,0.0,22.105,129.7330363780683,1.396,86,3,5,0.995918996147179,0.09025161003104117,136.3295181169488,131.16496356136986,107.51054102974558
2021-03-28,25.675,53.0,7.425,0.0,22.4125,137.5800202379128,1.369,87,3,6,0.9973249731081555,0.07309512989807777,129.7330363780683,125.17843821588733,109.28219560432065
2021-03-29,27.75,42.75,13.25,0.025,22.615000000000002,90.96789870535284,1.3,88,3,0,0.9984354211555643,0.055916990100603484,137.5800202379128,69.59631181911938,112.33527944521113
2021-03-30,26.4,43.0,11.375,0.0,22.595,97.73890417580155,1.42,89,3,1,0.9992500112396835,0.03872228089217446,90.96789870535284,116.77190228987769,109.61627971462885
2021-03-31,24.225,23.75,15.025,0.0,24.3375,32.12938822656598,1.308,90,3,2,0.9997685019798909,0.021516097436222254,97.73890417580155,78.63885270575939,102.9720705033155
2021-04-01,23.3,19.25,15.9,0.0,24.572499999999998,64.66254318315006,1.296,91,4,3,0.9999907397361901,0.004303538296244289,32.12938822656598,96.32572768255815,98.44875843197147
2021-04-02,22.175,19.0,11.125,0.0,24.634999999999998,72.60536657894984,1.49,92,4,4,0.9999166586547379,-0.01291029607500882,64.66254318315006,136.3295181169488,89.34530821225734
2021-04-03,22.875,26.25,8.375,0.0,24.2025,83.76112973455976,1.415,93,4,5,0.9995462806873573,-0.030120304846908114,72.60536657894984,129.7330363780683,82.7778929774704
2021-04-04,24.825,29.5,9.8,0.0,21.427500000000002,108.62804317948465,1.629,94,4,6,0.9988797155850336,-0.04732138832243185,83.76112973455976,137.5800202379128,78.6418962548378
2021-04-05,26.45,33.0,11.975,0.0,16.825,62.29552930986243,1.229,95,4,0,0.9979171608653922,-0.06450844944931623,108.62804317948465,90.96789870535284,74.54584348405346
2021-04-06,25.9,36.75,12.625,0.325,13.692499999999999,58.993358331122096,1.391,96,4,1,0.9966589017541702,-0.08167639533042241,62.29552930986243,97.73890417580155,69.01076550624212
2021-04-07,24.525,49.0,10.425,1.4749999999999999,23.31,93.888181845333,1.24,97,4,2,0.9951053111006976,-0.09882013873287143,58.993358331122096,32.12938822656598,77.83345030892312
2021-04-08,24.05,34.25,10.45,0.0,24.665,96.97498187082086,1.264,98,4,3,0.9932568492674143,-0.11593459959550041,93.888181845333,64.66254318315006,82.44951297859038
2021-04-09,25.0,31.25,10.35,0.0,24.465,57.845105243636525,1.246,99,4,4,0.9911140639934547,-0.1330147065341959,96.97498187082086,72.60536657894984,80.34090421640276
2021-04-10,26.1,27.0,9.4,0.0,24.5775,87.60368534862107,1.265,100,4,5,0.9886775902323405,-0.1500553983446526,57.845105243636525,83.76112973455976,80.88984073269724
2021-04-11,27.125,27.0,9.0,0.0,22.427500000000002,129.44394122705123,1.561,101,4,6,0.9859481499638304,-0.16705162550211924,87.60368534862107,108.62804317948465,83.86354045377819
2021-04-12,27.95,26.75,9.95,0.0,22.9675,86.91760424285451,1.421,102,4,0,0.9829265519799822,-0.18399835165768005,129.44394122705123,62.29552930986243,87.3809797299199
2021-04-13,28.55,30.0,10.125,0.0,23.1975,106.48029499247733,1.429,103,4,1,0.9796136916454901,-0.20089055513063506,86.91760424285451,58.993358331122096,94.16482782439923
2021-04-14,28.799999999999997,28.75,10.575,0.025,18.61,49.95333216444831,1.308,104,4,2,0.9760105506323683,-0.21772323039653177,106.48029499247733,93.888181845333,87.88842072712997
2021-04-15,28.625,28.75,11.725,0.0,20.357499999999998,81.6145469669918,1.45,105,4,3,0.9721181966290613,-0.23449138957040985,49.95333216444831,96.97498187082086,85.69407288372584
2021-04-16,27.225,36.25,11.375,1.05,18.55,61.65392381253664,1.581,106,4,4,0.9679377830240642,-0.25119006388481935,81.6145469669918,57.845105243636525,86.23818982214013
2021-04-17,22.9,66.25,10.25,15.0,16.7125,105.99807262749651,1.534,107,4,5,0.9634705485641488,-0.2678143051621742,61.65392381253664,87.60368534862107,88.86595943340805
2021-04-18,24.975,50.0,8.125,0.0,22.7525,89.8495566727238,1.403,108,4,6,0.9587178169872964,-0.2843591872810034,105.99807262749651,129.44394122705123,83.20961878278983
2021-04-19,26.55,37.75,10.75,0.0,24.2375,42.06725097813204,1.464,109,4,0,0.9536809966304457,-0.30081980763566735,89.8495566727238,86.91760424285451,76.80242545925806
2021-04-20,23.9,44.0,10.075,1.55,12.55,91.52187592147945,1.808,110,4,1,0.9483615800121715,-0.3171912885891061,42.06725097813204,106.48029499247733,74.6655084491155
2021-04-21,20.95,69.75,9.125,7.2250000000000005,17.9,125.86039669947424,1.495,111,4,2,0.9427611433904207,-0.3334687789181868,91.52187592147945,49.95333216444831,85.50937481126208
2021-04-22,22.275,61.5,13.225,0.8,18.3625,104.43158659860897,1.623,112,4,3,0.9368813462954315,-0.3496474552512284,125.86039669947424,81.6145469669918,88.7689519014931
2021-04-23,21.2,60.25,13.975000000000001,2.3000000000000003,19.9825,108.06514933183482,1.946,113,4,4,0.9307239310379795,-0.36572252349726897,104.43158659860897,61.65392381253664,95.39912697567856
2021-04-24,23.05,49.25,9.325,0.0,25.322499999999998,99.4740973042548,1.62,114,4,5,0.9242907221930933,-0.3816892202666588,108.06514933183482,105.99807262749651,94.46713050092974
2021-04-25,25.85,40.0,9.2,0.0,25.55,85.62675338303364,1.706,115,4,6,0.9175836260593937,-0.39754281428255595,99.4740973042548,89.8495566727238,93.86387288811684
2021-04-26,28.225,37.5,7.4,0.0,25.135,91.77675068407562,1.719,116,4,0,0.9106046300942162,-0.4132786077829042,85.62675338303364,42.06725097813204,100.96522998896593
2021-04-27,30.025,34.25,8.675,0.0,23.6525,67.66441214566218,1.797,117,4,1,0.9033558023246845,-0.4288919379124835,91.77675068407562,91.52187592147945,97.5570208781349
2021-04-28,31.049999999999997,28.75,8.8,0.0,22.36,74.90229017441041,1.836,118,4,2,0.895839290734909,-0.4443781781046132,67.66441214566218,125.86039669947424,90.27729137455435
2021-04-29,31.15,29.25,8.925,0.0,21.560000000000002,79.42055596276177,2.006,119,4,3,0.8880573226294932,-0.45973273945210397,74.90229017441041,104.43158659860897,86.70428699800475
2021-04-30,30.525,32.5,9.0,0.0,21.02,135.6281575264037,1.991,120,4,4,0.8800122039735357,-0.47495107206704995,79.42055596276177,108.06514933183482,90.64185959722887
2021-05-01,30.55,32.25,7.6,0.075,19.41,95.99563643783604,2.107,121,5,5,0.8717063187093218,-0.4900286664290592,135.6281575264037,99.4740973042548,90.14493661631192
2021-05-02,31.225,30.75,7.875,0.0,21.7175,80.93738385248902,2.024,122,5,6,0.8631421280499114,-0.5049610547215204,95.99563643783604,85.62675338303364,89.47502668337697
2021-05-03,30.5,34.75,7.125,0.05,21.1225,106.95410455675815,2.113,123,5,0,0.854322169749827,-0.5197438121555155,80.93738385248902,91.77675068407562,91.64322009376018
2021-05-04,30.425,39.75,9.575,0.42500000000000004,19.3875,75.42347251463781,2.123,124,5,1,0.8452490573530633,-0.5343725582809786,106.95410455675815,67.66441214566218,92.75165728932812
2021-05-05,29.35,45.0,8.575,0.625,20.75,81.4666030333975,2.138,125,5,2,0.8359254794186372,-0.548842958284719,75.42347251463781,74.90229017441041,93.68941626918343
2021-05-06,29.3,42.75,9.0,0.7,19.6675,117.93998760588147,2.421,126,5,3,0.8263541987239096,-0.5631507242749186,81.4666030333975,79.42055596276177,99.19219221820052
2021-05-07,27.525,52.5,8.05,0.8,20.224999999999998,120.94880863351344,2.918,127,5,4,0.8165380514459161,-0.5772916165517272,117.93998760588147,135.6281575264037,97.09514237635906
2021-05-08,29.05,42.5,7.225,0.0,21.4675,86.18059972157428,2.211,128,5,5,0.8064799463209448,-0.5912614448635781,120.94880863351344,95.99563643783604,95.69299427403595
2021-05-09,29.475,40.5,8.475,0.175,20.67,75.66163782831634,2.241,129,5,6,0.7961828637826158,-0.6050560696488488,86.18059972157428,80.93738385248902,94.93931627058271
2021-05-10,30.099999999999998,40.5,9.375,0.2,20.1375,102.81236387002477,2.247,130,5,0,0.7856498550787147,-0.6186714032625031,75.66163782831634,106.95410455675815,94.34763902962081
2021-05-11,29.65,45.5,10.275,0.825,20.905,103.43279864162949,2.533,131,5,1,0.7748840413670407,-0.6321034111873487,102.81236387002477,75.42347251463781,98.34897133347674
2021-05-12,28.1,50.75,7.55,2.45,18.6025,94.30529539674637,2.255,132,5,2,0.7638886127905428,-0.6453481132295501,103.43279864162949,81.4666030333975,100.1830702425266
2021-05-13,25.625,63.0,10.5,1.85,18.2525,136.36836567297473,2.49,133,5,3,0.7526668275320085,-0.6584015846980488,94.30529539674637,117.93998760588147,102.81569568068278
2021-05-14,26.775,54.75,7.775,0.05,21.825,133.92829640569806,2.823,134,5,4,0.7412220108485958,-0.6712599575675313,136.36836567297473,120.94880863351344,104.6699082195663
2021-05-15,28.55,43.0,7.6,0.0,21.4075,75.78369064491605,2.166,135,5,5,0.7295575540864875,-0.6839194216246106,133.92829640569806,86.18059972157428,103.1846354943294
2021-05-16,30.1,36.5,7.525,0.0,23.8975,105.63518213036294,2.087,136,5,6,0.717676913675962,-0.6963762255968722,75.78369064491605,75.66163782831634,107.46657039462177
2021-05-17,31.325,30.75,9.15,0.0,24.035,71.91284944194808,2.078,137,5,0,0.705583610107178,-0.7086266782644596,105.63518213036294,102.81236387002477,103.05235404775367
2021-05-18,30.25,37.0,10.75,0.0,15.645,50.2372210393798,2.103,138,5,1,0.6932812268869777,-0.7206671495538609,71.91284944194808,103.43279864162949,95.45298581886085
2021-05-19,26.175,56.25,8.075,0.125,9.9075,93.50113741957325,2.047,139,5,2,0.6807734094770161,-0.7324940716135789,50.2372210393798,94.30529539674637,95.33810610783613
2021-05-20,28.25,54.25,8.4,0.05,22.72,133.69027058966486,2.124,140,5,3,0.6680638642135335,-0.7441039398713607,93.50113741957325,136.36836567297473,94.95552109593473
2021-05-21,28.6,54.75,10.65,0.7,21.6525,90.05099949257689,1.927,141,5,4,0.6551563572090853,-0.7554933140726803,133.69027058966486,133.92829640569806,88.68733582263168
2021-05-22,29.85,46.5,7.65,0.025,23.2925,129.35935604875115,1.849,142,5,5,0.6420547132365637,-0.766658819300159,90.05099949257689,75.78369064491605,96.34100230889385
2021-05-23,28.849999999999998,39.0,8.525,0.0,17.6575,73.61938010343495,2.078,143,5,6,0.6287628145958344,-0.7775971469736269,129.35935604875115,105.63518213036294,91.76731630504699
2021-05-24,29.4,36.5,11.675,0.0,24.695,72.63243735703932,1.937,144,5,0,0.6152845999633276,-0.7883050558305255,73.61938010343495,71.91284944194808,91.87011457863146
2021-05-25,30.75,29.25,11.525,0.0,25.2075,51.28238905378309,1.699,145,5,1,0.6016240632249226,-0.7987793728863649,72.63243735703932,50.2372210393798,92.0194242949748
2021-05-26,31.725,25.75,9.225,0.0,25.33,114.10625548499544,1.782,146,5,2,0.5877852522924732,-0.8090169943749473,51.28238905378309,93.50113741957325,94.9630125900351
2021-05-27,32.875,26.75,8.325000000000001,0.0,25.2175,113.09526965941342,1.61,147,5,3,0.5737722679043246,-0.8190148866680801,114.10625548499544,133.69027058966486,92.02086959999919
2021-05-28,33.55,38.5,10.7,0.0,24.134999999999998,85.82463766320406,1.549,148,5,4,0.5595892624101765,-0.8287700871745038,113.09526965941342,90.05099949257689,91.41710362437449
2021-05-29,34.175,42.25,13.975000000000001,0.025,22.905,104.29876170470935,1.502,149,5,5,0.545240438540651,-0.8382797052177744,85.82463766320406,129.35935604875115,87.83701871808282
2021-05-30,32.875,50.25,12.9,0.025,22.94,96.87116647294475,1.505,150,5,6,0.5307300481619334,-0.8475409228928311,104.29876170470935,73.61938010343495,91.15870248515562
2021-05-31,31.575,50.25,12.75,2.225,20.7725,72.83669240917735,1.628,151,5,0,0.5160623910158528,-0.8565509959010036,96.87116647294475,72.63243735703932,91.18788177831821
2021-06-01,28.85,57.25,9.075,1.925,17.134999999999998,85.4249779260025,1.981,152,6,1,0.5012418134457758,-0.865307254363206,72.83669240917735,51.28238905378309,96.06539447434956
2021-06-02,29.799999999999997,55.5,6.025,1.0,20.9675,169.42238422362956,1.45,153,6,2,0.48627270710868997,-0.8738071036110808,85.4249779260025,114.10625548499544,103.96769857986871
2021-06-03,29.475,56.5,6.6,0.47500000000000003,21.1925,144.67056986215377,1.82,154,6,3,0.4711595076738638,-0.8820480249558537,169.42238422362956,113.09526965941342,108.47845575168877
2021-06-04,28.825,58.75,6.625,2.025,20.5125,132.9004209372495,1.82,155,6,4,0.4559066935084588,-0.8900275764346767,144.67056986215377,85.82463766320406,115.20356764798096
2021-06-05,29.25,59.5,6.325,1.35,20.8325,128.05065683305074,1.395,156,6,5,0.440518784350495,-0.8977433935342337,132.9004209372495,104.29876170470935,118.59669552345831
2021-06-06,31.225,53.25,5.2,0.0,22.3525,136.3391090606734,1.554,157,6,6,0.42500033996955416,-0.9051931898913974,128.05065683305074,96.87116647294475,124.23497303599098
2021-06-07,33.275000000000006,45.75,7.425,0.0,21.595,95.57864758335786,1.522,158,6,0,0.4093559588156213,-0.9123747579707273,136.3391090606734,72.83669240917735,127.48382377515962
2021-06-08,35.175000000000004,40.75,9.45,0.0,23.705,90.91603894411745,1.472,159,6,1,0.39359027665646673,-0.9192859697186104,95.57864758335786,85.4249779260025,128.26826106346175
2021-06-09,36.325,39.5,8.225,0.0,22.23,85.20560822273083,1.362,160,6,2,0.3777079652039649,-0.9259247771938498,90.91603894411745,169.42238422362956,116.23729306333337
2021-06-10,34.675,50.0,13.45,0.05,22.5275,119.6287282255982,1.308,161,6,3,0.36171373072976765,-0.9322892131745133,85.20560822273083,144.67056986215377,112.65988711525401
2021-06-11,33.55,53.5,12.725,0.125,22.9,48.159949195268204,1.399,162,6,4,0.3456123126707335,-0.9383773917408641,119.6287282255982,132.9004209372495,100.55410543782808
2021-06-12,33.35,54.5,15.425,0.275,21.43,36.13147283256995,1.346,163,6,5,0.3294084822245304,-0.9441875088341993,48.159949195268204,128.05065683305074,87.42279343775941
2021-06-13,30.2,62.25,11.275,6.2,21.377499999999998,107.39639164977093,1.375,164,6,6,0.3131070409358269,-0.9497178427914316,36.13147283256995,136.3391090606734,83.2881195219162
2021-06-14,30.95,57.0,7.325,0.0,23.45,116.2305071446966,1.418,165,6,0,0.29671281927349075,-0.9549667548552551,107.39639164977093,95.57864758335786,86.23838517353602
2021-06-15,31.5,55.5,6.65,0.4,21.79,122.07933873004981,1.333,166,6,1,0.28023067519921585,-0.9599326896597447,116.2305071446966,90.91603894411745,90.69028514295493
2021-06-16,27.15,73.25,7.925000000000001,12.0,12.5875,111.81692396268512,1.456,167,6,2,0.26366549272800704,-0.9646141756912435,122.07933873004981,85.20560822273083,94.49190167723411
2021-06-17,29.625,62.75,6.275,0.1,22.895,172.54007907302284,1.282,168,6,3,0.24702218048093552,-0.9690098257244062,111.81692396268512,119.6287282255982,102.05066608400908
2021-06-18,30.475,61.25,8.9,1.9,18.725,118.70501839749745,1.498,169,6,4,0.23030567023061221,-0.9731183372332619,172.54007907302284,48.159949195268204,112.12853311289895
2021-06-19,31.025,57.5,9.025,0.0,22.195,84.08905225952344,1.48,170,6,5,0.21352091543979612,-0.9769384927771817,118.70501839749745,36.13147283256995,118.97961588817803
2021-06-20,30.85,58.0,9.6,0.0,22.57,139.72865317420275,1.548,171,6,6,0.19667288979357647,-0.980469160361632,84.08905225952344,107.39639164977093,123.59851039166827
2021-06-21,31.4,57.25,6.975,0.0,21.8975,124.05361360289774,1.838,172,6,0,0.1797665857255624,-0.9837092937736097,139.72865317420275,116.2305071446966,124.71609702855417
2021-06-22,32.8,47.25,7.225,0.0,23.745,82.23951957089145,1.242,173,6,1,0.16280701293851715,-0.986657932891657,124.05361360289774,122.07933873004981,119.02469429153153
2021-06-23,33.525,42.75,6.725,0.0,22.9425,121.15772183374801,1.422,174,6,2,0.1457991969198751,-0.9893142039703663,82.23951957089145,111.81692396268512,120.35909398739766
2021-06-24,31.95,53.25,9.675,2.425,21.485,96.9133212564797,1.206,175,6,3,0.12874817745258132,-0.99167731989929,121.15772183374801,172.54007907302284,109.55527144217722
2021-06-25,32.15,51.0,7.25,0.075,22.009999999999998,131.59079497995918,1.478,176,6,4,0.11165900712169512,-0.993746580436178,96.9133212564797,118.70501839749745,111.39609666824319
2021-06-26,31.3,54.75,8.25,0.05,22.015,109.14156762703556,1.268,177,6,5,0.09453674981719912,-0.9955213724144752,131.59079497995918,84.08905225952344,114.97502743503063
2021-06-27,31.975,52.75,5.8,0.0,23.5875,135.07613685488667,1.327,178,6,6,0.07738647923346301,-0.9970011699250151,109.14156762703556,139.72865317420275,114.31038224655693
2021-06-28,33.449999999999996,47.25,6.5,0.0,23.895,113.05315345797939,1.511,179,6,0,0.06021327736579302,-0.9981855344718586,135.07613685488667,124.05361360289774,112.73888794013999
2021-06-29,34.55,39.75,9.125,0.0,23.5375,75.56839489887416,1.231,180,6,1,0.04302223300453059,-0.99907411510223,113.05315345797939,82.23951957089145,111.78587012985182
2021-06-30,35.325,37.75,10.75,0.0,24.225,75.53589385674047,1.424,181,6,2,0.02581844022713308,-0.9996666485105112,75.56839489887416,121.15772183374801,105.26846613313646
2021-07-01,35.2,42.5,9.925,0.0,23.5325,110.75800953450876,1.293,182,7,3,0.008606996888688698,-0.9999629591162655,75.53589385674047,96.9133212564797,107.24627874428347
2021-07-02,34.2,48.75,8.075,0.05,21.85,98.59630878045333,1.392,183,7,4,-0.008606996888688009,-0.9999629591162655,110.75800953450876,131.59079497995918,102.53278071578261
2021-07-03,32.375,55.25,6.550000000000001,0.425,21.42,117.02548672711472,1.52,184,7,5,-0.02581844022713239,-0.9996666485105112,98.59630878045333,109.14156762703556,103.65905487293678
2021-07-04,33.25,54.75,5.4,0.15,22.6375,132.390578683579,1.239,185,7,6,-0.04302223300453034,-0.99907411510223,117.02548672711472,135.07613685488667,103.2754037056071
2021-07-05,33.2,54.5,5.875,0.05,22.21,131.76163985912973,1.3,186,7,0,-0.060213277365792774,-0.9981855344718586,132.390578683579,113.05315345797939,105.94804462005717
2021-07-06,34.125,51.25,6.6,0.0,22.18,124.02640568056333,1.252,187,7,1,-0.07738647923346322,-0.9970011699250151,131.76163985912973,75.56839489887416,112.8706175888699
2021-07-07,34.775,47.0,7.1,0.0,22.345,115.18333547502212,1.254,188,7,2,-0.09453674981719933,-0.9955213724144752,124.02640568056333,75.53589385674047,118.53453782005299
2021-07-08,34.099999999999994,49.5,7.775,0.1,21.854999999999997,83.90254207259602,1.322,189,7,3,-0.11165900712169444,-0.9937465804361781,115.18333547502212,110.75800953450876,114.69804246835119
2021-07-09,32.95,59.25,11.1,0.05,21.475,113.53270063492687,1.412,190,7,4,-0.12874817745258066,-0.99167731989929,83.90254207259602,98.59630878045333,116.83181273327598
2021-07-10,32.925,61.25,8.075,0.6749999999999999,20.295,110.32666145851755,1.316,191,7,5,-0.14579919691987442,-0.9893142039703664,113.53270063492687,117.02548672711472,115.87483769490495
2021-07-11,32.525,64.75,12.5,2.5749999999999997,19.9225,82.80393013548645,1.536,192,7,6,-0.16280701293851646,-0.9866579328916572,110.32666145851755,132.390578683579,108.79103075946317
2021-07-12,29.8,74.25,16.475,11.275,16.560000000000002,20.0,1.405,193,7,0,-0.17976658572556214,-0.9837092937736098,82.80393013548645,131.76163985912973,92.82508220815892
2021-07-13,28.775,79.25,11.275,8.8,17.759999999999998,122.42343198178804,1.235,194,7,1,-0.19667288979357622,-0.9804691603616321,20.0,124.02640568056333,92.59608596547672
2021-07-14,29.175,76.75,8.25,2.35,18.5225,125.99430541048064,1.417,195,7,2,-0.2135209154397959,-0.9769384927771817,122.42343198178804,115.18333547502212,94.14051024197079
2021-07-15,29.75,75.75,7.15,0.325,20.6625,128.20663308177265,1.374,196,7,3,-0.23030567023061196,-0.973118337233262,125.99430541048064,83.90254207259602,100.46966610042459
2021-07-16,30.9,75.25,7.65,0.325,20.8275,138.49876566687635,1.511,197,7,4,-0.24702218048093527,-0.9690098257244063,128.20663308177265,113.53270063492687,104.03624681927452
2021-07-17,32.15,71.0,5.85,0.25,20.975,122.52186202182904,1.259,198,7,5,-0.2636654927280072,-0.9646141756912435,138.49876566687635,110.32666145851755,105.77841832831902
2021-07-18,32.125,72.5,11.0,2.55,20.817500000000003,106.71373224801917,1.42,199,7,6,-0.2802306751992161,-0.9599326896597445,122.52186202182904,82.80393013548645,109.19410434439511
2021-07-19,27.95,85.5,15.875,9.825,11.8375,98.73890912161967,1.319,200,7,0,-0.2967128192734901,-0.9549667548552553,106.71373224801917,20.0,120.44251993319793
2021-07-20,27.825,85.5,8.95,6.975,14.1725,97.77841172574688,1.406,201,7,1,-0.3131070409358267,-0.9497178427914317,98.73890912161967,122.42343198178804,116.92180275376349
2021-07-21,28.575,83.25,5.7,5.3,17.9675,113.07508247905724,1.202,202,7,2,-0.3294084822245302,-0.9441875088341994,97.77841172574688,125.99430541048064,115.07619947784586
2021-07-22,28.675,82.25,8.8,4.3500000000000005,17.9675,143.1510224934175,1.445,203,7,3,-0.3456123126707333,-0.9383773917408642,113.07508247905724,128.20663308177265,117.21111225093799
2021-07-23,28.325,83.0,9.05,3.075,11.682500000000001,127.77756795653656,1.266,204,7,4,-0.3617137307297674,-0.9322892131745134,143.1510224934175,138.49876566687635,115.67951257803229
2021-07-24,30.5,79.0,5.625,0.925,20.31,115.52024181693365,1.375,205,7,5,-0.37770796520396466,-0.9259247771938499,127.77756795653656,122.52186202182904,114.6792811201901
2021-07-25,31.325,78.0,5.975,0.575,19.8025,137.103573820369,1.582,206,7,6,-0.39359027665646645,-0.9192859697186105,115.52024181693365,106.71373224801917,119.02068705909723
2021-07-26,29.975,83.5,10.375,2.925,12.615,143.23201074921863,1.236,207,7,0,-0.4093559588156211,-0.9123747579707274,137.103573820369,98.73890912161967,125.3768444344685
2021-07-27,28.85,87.5,8.175,15.05,13.0275,135.4994427755175,1.214,208,7,1,-0.42500033996955394,-0.9051931898913975,143.23201074921863,97.77841172574688,130.7655631558643
2021-07-28,26.6,94.25,7.95,61.75,4.23,137.28594822674236,1.296,209,7,2,-0.4405187843504952,-0.8977433935342336,135.4994427755175,113.07508247905724,134.22425826267647
2021-07-29,26.65,90.0,7.574999999999999,12.375,10.7175,138.1329021593336,1.243,210,7,3,-0.455906693508459,-0.8900275764346766,137.28594822674236,143.1510224934175,133.50738392923589
2021-07-30,27.225,88.5,9.1,10.925,11.73,137.86084234927006,1.291,211,7,4,-0.47115950767386394,-0.8820480249558535,138.1329021593336,127.77756795653656,134.9478516996264
2021-07-31,28.375,83.75,8.2,0.95,15.6525,128.89004650007735,1.349,212,7,5,-0.4862727071086902,-0.8738071036110807,137.86084234927006,115.52024181693365,136.85782379721837
2021-08-01,28.95,85.0,4.225,3.95,19.165,142.30080014252542,1.297,213,8,6,-0.5012418134457756,-0.8653072543632061,128.89004650007735,137.103573820369,137.60028470038358
2021-08-02,29.1,86.25,5.7,1.7750000000000001,18.825,174.32521099353647,1.316,214,8,0,-0.5160623910158526,-0.8565509959010037,142.30080014252542,143.23201074921863,142.0421704495718
2021-08-03,29.275,84.0,5.425,3.625,19.4725,151.80404675384756,1.285,215,8,1,-0.5307300481619331,-0.8475409228928312,174.32521099353647,135.4994427755175,144.37139958933327
2021-08-04,29.3,82.75,6.199999999999999,2.4,19.36,124.00866423314334,1.377,216,8,2,-0.5452404385406507,-0.8382797052177745,151.80404675384756,137.28594822674236,142.47464473310484
2021-08-05,29.05,84.75,6.9,3.375,18.725,97.15661784265174,1.331,217,8,3,-0.5595892624101763,-0.828770087174504,124.00866423314334,138.1329021593336,136.62088983072172
2021-08-06,29.025,83.75,5.6,0.65,18.990000000000002,165.14482297928203,1.463,218,8,4,-0.5737722679043243,-0.8190148866680802,97.15661784265174,137.86084234927006,140.51860134929484
2021-08-07,29.575,81.5,3.775,0.125,21.275,148.52326501378292,1.232,219,8,5,-0.5877852522924734,-0.8090169943749472,165.14482297928203,128.89004650007735,143.32334685125278
2021-08-08,29.549999999999997,83.25,6.275,1.625,18.994999999999997,140.82691067756542,1.483,220,8,6,-0.6016240632249227,-0.7987793728863648,148.52326501378292,142.30080014252542,143.11279121340135
2021-08-09,29.45,83.0,5.875,0.575,19.615000000000002,165.81898740690917,1.532,221,8,0,-0.6152845999633277,-0.7883050558305253,140.82691067756542,174.32521099353647,141.89761641531172
2021-08-10,30.075,79.0,6.275,0.6,20.1875,141.8581903360279,1.231,222,8,1,-0.6287628145958345,-0.7775971469736268,165.81898740690917,151.80404675384756,140.47677978419463
2021-08-11,30.35,74.25,7.475,0.025,22.6675,140.97769988880867,1.24,223,8,2,-0.6420547132365636,-0.7666588193001592,141.8581903360279,124.00866423314334,142.900927735004
2021-08-12,30.525,75.0,5.949999999999999,0.05,21.634999999999998,127.25477155514949,1.265,224,8,3,-0.655156357209085,-0.7554933140726804,140.97769988880867,97.15661784265174,147.20066397964652
2021-08-13,30.575,75.25,7.4,0.22499999999999998,21.325,160.77850898333935,1.209,225,8,4,-0.6680638642135333,-0.7441039398713608,127.25477155514949,165.14482297928203,146.576904837369
2021-08-14,29.9,77.25,6.4,1.6,20.6125,108.57836362461032,1.476,226,8,5,-0.6807734094770159,-0.7324940716135792,160.77850898333935,148.52326501378292,140.87049035320146
2021-08-15,29.475,76.25,6.925000000000001,2.75,20.57,137.5848933368596,1.351,227,8,6,-0.6932812268869771,-0.7206671495538615,108.57836362461032,140.82691067756542,140.40734501881494
2021-08-16,30.0,73.0,5.9,0.2,21.6525,142.7813065543872,1.236,228,8,0,-0.7055836101071774,-0.70862667826446,137.5848933368596,165.81898740690917,137.11624775416894
2021-08-17,30.425,72.5,6.175,0.0,23.3525,170.13777270656072,1.314,229,8,1,-0.7176769136759615,-0.6963762255968726,142.7813065543872,141.8581903360279,141.1561880928165
2021-08-18,30.700000000000003,69.25,5.75,0.05,22.365,141.5783360358966,1.25,230,8,2,-0.7295575540864876,-0.6839194216246105,170.13777270656072,140.97769988880867,141.2419932566862
2021-08-19,30.975,69.75,5.825,0.125,21.64,152.36554225069082,2.298,231,8,3,-0.7412220108485957,-0.6712599575675315,141.5783360358966,127.25477155514949,144.8292462131921
2021-08-20,29.625,78.0,11.25,2.4499999999999997,16.2,114.84481691657231,1.349,232,8,4,-0.7526668275320083,-0.6584015846980489,152.36554225069082,160.77850898333935,138.26729020365394
2021-08-21,26.575,86.25,9.95,39.025,7.0675,103.41255710234341,1.347,233,8,5,-0.7638886127905429,-0.64534811322955,114.84481691657231,108.57836362461032,137.52931784333012
2021-08-22,26.975,88.75,7.725,9.925,12.77,161.2717312963942,1.223,234,8,6,-0.7748840413670406,-0.6321034111873488,103.41255710234341,137.5848933368596,140.91315183754932
2021-08-23,27.975,86.25,3.9,3.9,17.9825,167.21228643513797,1.281,235,8,0,-0.7856498550787144,-0.6186714032625032,161.2717312963942,142.7813065543872,144.40329182051372
2021-08-24,29.65,81.25,4.575,0.2,20.73,151.84822686904712,1.255,236,8,1,-0.7961828637826154,-0.6050560696488494,167.21228643513797,170.13777270656072,141.79049955801176
2021-08-25,30.5,76.5,7.7,0.125,22.1225,119.93034358035771,1.533,237,8,2,-0.8064799463209447,-0.5912614448635782,151.84822686904712,141.5783360358966,138.6979292072205
2021-08-26,30.15,73.0,7.675000000000001,0.05,22.1075,129.1439124044896,1.205,238,8,3,-0.8165380514459157,-0.5772916165517278,119.93034358035771,152.36554225069082,135.38055351490604
2021-08-27,30.05,73.0,7.7,0.0,22.61,106.38930989921818,1.239,239,8,4,-0.8263541987239094,-0.5631507242749187,129.1439124044896,114.84481691657231,134.1726239409983
2021-08-28,29.55,75.75,7.5,0.375,20.9025,134.84271886193326,1.209,240,8,5,-0.8359254794186365,-0.5488429582847199,106.38930989921818,103.41255710234341,138.66264704951115
2021-08-29,29.275,77.5,8.3,0.95,20.25,140.63730261395148,1.302,241,8,6,-0.8452490573530634,-0.5343725582809785,134.84271886193326,161.2717312963942,135.71487152344793
2021-08-30,28.575,78.0,9.25,0.95,17.9025,132.79018306513998,1.491,242,8,0,-0.8543221697498269,-0.5197438121555157,140.63730261395148,167.21228643513797,130.79742818487676
2021-08-31,28.35,77.75,8.9,2.05,19.2175,152.4724328331339,1.295,243,8,1,-0.8631421280499115,-0.5049610547215202,132.79018306513998,151.84822686904712,130.8866004654606
2021-09-01,27.55,82.0,7.199999999999999,2.825,17.1375,111.48308438098381,1.289,244,9,2,-0.8717063187093217,-0.4900286664290594,152.4724328331339,119.93034358035771,129.67984915126434
2021-09-02,27.85,81.75,4.4,0.925,16.8,159.58332073518983,1.366,245,9,3,-0.8800122039735356,-0.4749510720670502,111.48308438098381,129.1439124044896,134.02833605565004
2021-09-03,27.775,82.5,4.7,5.2,15.14,141.45209791745862,1.547,246,9,4,-0.888057322629493,-0.4597327394521046,159.58332073518983,106.38930989921818,139.03730577254154
2021-09-04,27.725,84.0,4.025,2.75,18.0825,173.28675146463002,1.276,247,9,5,-0.8958392907349089,-0.4443781781046134,141.45209791745862,134.84271886193326,144.52931043006967
2021-09-05,28.700000000000003,81.0,4.95,0.32499999999999996,19.6025,178.91385750997728,1.504,248,9,6,-0.9033558023246842,-0.4288919379124841,173.28675146463002,140.63730261395148,149.99738970093048
2021-09-06,29.65,79.25,5.2,0.24999999999999997,18.9875,147.59950950552528,1.311,249,9,0,-0.9106046300942162,-0.41327860778290443,178.91385750997728,132.79018306513998,152.1130077638427
2021-09-07,28.95,82.25,10.025,2.65,16.695,103.12101823696233,1.498,250,9,1,-0.9175836260593934,-0.3975428142825566,147.59950950552528,152.4724328331339,145.0628056786753
2021-09-08,28.65,77.75,11.2,2.3,16.044999999999998,88.46371669445686,1.36,251,9,2,-0.9242907221930934,-0.3816892202666586,103.12101823696233,111.48308438098381,141.77432458060002
2021-09-09,28.325,79.5,8.575,1.475,17.44,146.6123245826737,1.329,252,9,3,-0.9307239310379793,-0.3657225234972692,88.46371669445686,159.58332073518983,139.9213251302406
2021-09-10,27.575000000000003,83.5,10.0,11.875,14.7425,121.22640013968362,1.356,253,9,4,-0.9368813462954315,-0.34964745525122826,146.6123245826737,141.45209791745862,137.03193973341558
2021-09-11,26.375,86.75,10.95,11.45,9.695,123.9636025324578,1.709,254,9,5,-0.9427611433904206,-0.33346877891818705,121.22640013968362,173.28675146463002,129.98577560024813
2021-09-12,25.75,85.0,9.0,9.325,11.3925,114.54265300308478,1.294,255,9,6,-0.9483615800121716,-0.31719128858910595,123.9636025324578,178.91385750997728,120.78988924212061
2021-09-13,27.35,79.0,5.075,0.47500000000000003,16.745,112.32874450348912,1.348,256,9,0,-0.9536809966304455,-0.300819807635668,114.54265300308478,147.59950950552528,115.75120852754402
2021-09-14,28.025,80.0,6.85,0.8500000000000001,15.8475,153.02831786450912,1.334,257,9,1,-0.9587178169872964,-0.2843591872810036,112.32874450348912,103.12101823696233,122.8808227600507
2021-09-15,29.0,72.5,7.8500000000000005,0.0,19.09,137.7154742541237,1.52,258,9,2,-0.9634705485641486,-0.26781430516217486,153.02831786450912,88.46371669445686,129.9167881257174
2021-09-16,29.0,75.5,8.175,0.525,19.8575,124.06337669125429,1.398,259,9,3,-0.9679377830240642,-0.25119006388481957,137.7154742541237,146.6123245826737,126.69550985551463
2021-09-17,27.225,80.25,7.625,2.45,16.52,116.05766025336783,1.378,260,9,4,-0.9721181966290612,-0.23449138957041052,124.06337669125429,121.22640013968362,125.95711844318382
2021-09-18,28.175,77.5,4.475,0.30000000000000004,18.0575,139.31049487828824,1.519,261,9,5,-0.9760105506323682,-0.21772323039653224,116.05766025336783,123.9636025324578,128.1495316354453
2021-09-19,28.95,76.75,4.2,0.75,17.3475,169.85064896139156,1.585,262,9,6,-0.9796136916454901,-0.20089055513063528,139.31049487828824,114.54265300308478,136.05067391520342
2021-09-20,29.2,79.5,4.95,1.075,17.0225,152.46733440931317,1.661,263,9,0,-0.9829265519799822,-0.18399835165767986,169.85064896139156,112.32874450348912,141.78475818746398
2021-09-21,27.925,83.25,7.324999999999999,12.1,14.4125,109.18248946176321,1.521,264,9,1,-0.9859481499638303,-0.1670516255021195,152.46733440931317,153.02831786450912,135.52106841564316
2021-09-22,26.45,88.25,8.025,8.375,12.725,182.98371203259367,1.736,265,9,2,-0.9886775902323404,-0.15005539834465262,109.18248946176321,137.7154742541237,141.98795952685313
2021-09-23,25.425,89.0,8.899999999999999,14.649999999999999,11.9175,132.66783798980126,1.634,266,9,3,-0.9911140639934546,-0.13301470653419636,182.98371203259367,124.06337669125429,143.21716828378842
2021-09-24,26.55,82.0,5.125,0.05,18.4025,123.74455597297914,1.619,267,9,4,-0.9932568492674143,-0.11593459959550066,132.66783798980126,116.05766025336783,144.3152962437329
2021-09-25,27.3,80.0,4.65,0.075,18.6675,151.55213110438186,1.669,268,9,5,-0.9951053111006974,-0.09882013873287211,123.74455597297914,139.31049487828824,146.06410141888912
2021-09-26,27.7,81.25,4.125,0.2,17.4,144.37259949749068,2.196,269,9,6,-0.99665890175417,-0.08167639533042288,151.55213110438186,169.85064896139156,142.42438006690327
2021-09-27,28.375,78.5,4.675,0.05,18.445,179.70941189865235,1.895,270,9,0,-0.9979171608653922,-0.06450844944931625,144.37259949749068,152.46733440931317,146.31610542252315
2021-09-28,28.7,77.0,5.475,0.1,17.615,147.55887750446962,1.919,271,9,1,-0.9988797155850335,-0.04732138832243232,179.70941189865235,109.18248946176321,151.79844657148124
2021-09-29,28.725,75.0,6.375,0.05,17.59,169.41905755862325,1.913,272,9,2,-0.9995462806873573,-0.03012030484690836,147.55887750446962,182.98371203259367,149.86063878948545
2021-09-30,28.275,79.25,5.4,0.125,16.825,155.03064650306533,2.056,273,9,3,-0.9999166586547379,-0.012910296075008843,169.41905755862325,132.66783798980126,153.05532571995175
2021-10-01,28.275,81.25,5.25,0.625,16.55,164.22800817081546,2.114,274,10,4,-0.9999907397361901,0.004303538296243821,155.03064650306533,123.74455597297914,158.83867603392835
2021-10-02,28.275,79.5,5.1499999999999995,0.8,16.564999999999998,154.3695314508083,2.238,275,10,5,-0.9997685019798909,0.021516097436222233,164.22800817081546,151.55213110438186,159.24116179770357
2021-10-03,28.7,76.25,5.85,0.125,16.6125,149.53322692065345,2.276,276,10,6,-0.9992500112396835,0.03872228089217399,154.3695314508083,144.37259949749068,159.97839428672683
2021-10-04,28.325000000000003,74.25,5.7,1.7750000000000001,14.99,134.71566068870072,2.527,277,10,0,-0.9984354211555643,0.05591699010060302,149.53322692065345,179.70941189865235,153.55071554244802
2021-10-05,27.675,77.0,5.6,1.175,15.365,145.99423110435157,2.468,278,10,1,-0.9973249731081555,0.07309512989807776,134.71566068870072,147.55887750446962,153.32719462814543
2021-10-06,27.85,72.0,6.175,0.0,18.39,147.08586012338736,2.737,279,10,2,-0.9959189961471792,0.0902516100310407,145.99423110435157,169.41905755862325,150.13673785168316
2021-10-07,27.2,69.5,6.7,0.0,18.4825,139.0191565691125,2.661,280,10,3,-0.994217906893952,0.10738134666416306,147.08586012338736,155.03064650306533,147.84938214683277
2021-10-08,27.9,67.75,6.0,0.0,18.2675,151.78423227710388,3.081,281,10,4,-0.9922222094179324,0.12447926388678869,139.0191565691125,164.22800817081546,146.07169987630255
2021-10-09,27.95,66.75,5.925,0.0,18.1225,159.1345921102154,2.93,282,10,5,-0.989932495087353,0.141540295217043,151.78423227710388,154.3695314508083,146.7524228276464
2021-10-10,27.95,65.75,7.75,0.0,17.79,119.03635013166527,3.149,283,10,6,-0.9873494423939864,0.15855938510313475,159.1345921102154,149.53322692065345,142.39572614350524
2021-10-11,27.775,59.0,9.4,0.0,17.71,107.17471532775144,3.169,284,10,0,-0.9844738167520923,0.17553149042142777,119.03635013166527,134.71566068870072,138.46130537765535
2021-10-12,26.675,60.75,7.074999999999999,0.0,17.392500000000002,115.1656662056786,3.272,285,10,1,-0.9813064702716093,0.19245158197082995,107.17471532775144,145.99423110435157,134.0572246778449
2021-10-13,25.225,59.0,7.775,0.0,16.9125,105.88804076964402,3.69,286,10,2,-0.9778483415056567,0.20931464596304888,115.1656662056786,147.08586012338736,128.17182191302444
2021-10-14,24.9,59.75,8.375,0.0,16.795,86.76254746757265,3.943,287,10,3,-0.9741004551724206,0.22611568550828803,105.88804076964402,139.0191565691125,120.70659204137588
2021-10-15,25.225,56.75,7.425,0.0,16.645,130.8164006252559,3.818,288,10,4,-0.970063921851507,0.2428497220959358,86.76254746757265,151.78423227710388,117.71118751968334
2021-10-16,26.175,55.5,4.8,0.0,16.0875,179.43630590828764,3.854,289,10,5,-0.965739937654855,0.25951179706979943,130.8164006252559,159.1345921102154,120.61143234797937
2021-10-17,24.15,75.0,10.95,10.925,8.9175,113.70171363419385,4.027,290,10,6,-0.9611297838723007,0.27609697309746883,179.43630590828764,119.03635013166527,119.84934141976916
2021-10-18,22.474999999999998,83.25,6.775,3.625,7.2825,177.45030569479272,4.345,291,10,0,-0.9562348265919058,0.2926003356333479,113.70171363419385,107.17471532775144,129.88871147220362
2021-10-19,24.0,72.5,7.975,0.0,15.585,94.0958745184519,4.576,292,10,1,-0.9510565162951536,0.30901699437494723,177.45030569479272,115.1656662056786,126.87874123117125
2021-10-20,24.15,65.75,5.9,0.0,15.81,141.4985911732401,4.708,293,10,2,-0.9455963874271428,0.3253420847119795,94.0958745184519,105.88804076964402,131.96596271739924
2021-10-21,23.675,59.75,7.275,0.0,15.8925,119.63159803493265,5.045,294,10,3,-0.9398560579418953,0.341570769167856,141.4985911732401,86.76254746757265,136.66154136987925
2021-10-22,23.799999999999997,56.5,9.175,0.0,15.4875,126.65186989916664,5.054,295,10,4,-0.9338372288229252,0.35769823883312546,119.63159803493265,130.8164006252559,136.06660840900935
2021-10-23,22.975,67.25,16.15,18.675,12.1325,87.74221961314072,4.899,296,10,5,-0.9275416835791965,0.3737197147904692,126.65186989916664,179.43630590828764,122.96745322398837
2021-10-24,19.4,84.75,11.325,24.674999999999997,8.87,133.28995506385985,4.715,297,10,6,-0.9209712877166347,0.38963044953078774,87.74221961314072,113.70171363419385,125.76577342822637
2021-10-25,19.8,76.25,7.375,0.0,14.66,140.10972645401253,4.902,298,10,0,-0.9141279881853337,0.4054257283599973,133.28995506385985,177.45030569479272,120.43140496525778
2021-10-26,19.674999999999997,68.75,7.550000000000001,0.0,14.995000000000001,166.09325722004678,4.927,299,10,1,-0.9070138128026362,0.42110087079608916,140.10972645401253,94.0958745184519,130.7167453511999
2021-10-27,19.825,67.75,7.675,0.0,14.65,120.98008394305249,4.919,300,10,2,-0.8996308696522434,0.4366512319560638,166.09325722004678,141.4985911732401,127.78553003260166
2021-10-28,19.674999999999997,68.75,8.05,0.0,14.635,115.38526626756928,5.236,301,10,3,-0.8919813464595487,0.45207220393230374,120.98008394305249,119.63159803493265,127.17891120869261
2021-10-29,19.875,68.75,6.8,0.0,14.5825,146.59716070269656,5.38,302,10,4,-0.8840675099433637,0.46735921715800205,115.38526626756928,126.65186989916664,130.02823846633973
2021-10-30,20.0,67.0,9.2,0.0,14.415,157.33770096100983,5.024,303,10,5,-0.8758917051442433,0.48250774176121763,146.59716070269656,87.74221961314072,139.9704500874639
2021-10-31,20.225,63.25,6.625,0.0,14.49,140.4352699061905,5.106,304,10,6,-0.8674563547295971,0.4975132889071803,157.33770096100983,133.28995506385985,140.99120935065397
2021-11-01,20.125,66.0,10.025,0.0,14.08,106.80248446205177,5.248,305,11,0,-0.858763958275803,0.5123714121284235,140.4352699061905,140.10972645401253,136.23303192323104
2021-11-02,20.65,61.25,14.325,0.575,12.55,101.13805294671286,5.501,306,11,1,-0.8498170915275277,0.5270777086423724,106.80248446205177,166.09325722004678,126.95371702704047
2021-11-03,20.1,63.5,7.4,0.0,13.5625,110.68616856147004,5.06,307,11,2,-0.8406184056344783,0.5416278206559811,101.13805294671286,120.98008394305249,125.4831576868144
2021-11-04,19.425,66.25,5.975,0.0,13.72,97.93184609916248,5.002,308,11,3,-0.8311706263658079,0.5560174366570446,110.68616856147004,115.38526626756928,122.98981194847057
2021-11-05,19.35,66.5,6.225,0.0,13.620000000000001,122.32286460300482,5.109,309,11,4,-0.8214765533024145,0.5702422926917867,97.93184609916248,146.59716070269656,119.52205536280033
2021-11-06,19.4,65.75,9.125,0.0,13.4,117.09829782315687,4.858,310,11,5,-0.8115390590073611,0.5842981736283683,122.32286460300482,157.33770096100983,113.7735692002499
2021-11-07,18.775,67.5,8.375,0.0,13.4975,131.88722706216555,4.871,311,11,6,-0.801361088174677,0.5981809144059158,117.09829782315687,140.4352699061905,112.55242022253206
2021-11-08,19.224999999999998,67.75,7.95,0.0,13.235,138.364284759605,4.77,312,11,0,-0.7909456567567774,0.6118864012687242,131.88722706216555,106.80248446205177,117.06124883646824
2021-11-09,19.1,67.0,6.875,0.0,13.2125,147.8103084846865,4.671,313,11,1,-0.780295851070776,0.6254105729852457,138.364284759605,101.13805294671286,123.7287139133216
2021-11-10,19.425,69.75,5.825,0.0,13.0775,129.79897287180762,4.633,314,11,2,-0.7694148268839381,0.6387494220515268,147.8103084846865,110.68616856147004,126.45911452908412
2021-11-11,19.25,71.25,6.175,0.0,12.9475,153.9400565871428,4.609,315,11,3,-0.7583058084785625,0.6518989958787125,129.79897287180762,97.93184609916248,134.46028745593844
2021-11-12,19.025,69.25,6.425,0.0,12.8675,146.62312460849844,4.416,316,11,4,-0.7469720876965551,0.6648553979642866,153.9400565871428,122.32286460300482,137.93175317100898
2021-11-13,18.375,64.5,6.975,0.0,12.962499999999999,126.69270240531134,4.637,317,11,5,-0.7354170229639858,0.6776147890466887,146.62312460849844,117.09829782315687,139.30238239703104
2021-11-14,18.0,62.0,5.95,0.0,12.765,150.52718426385883,4.187,318,11,6,-0.7236440382959124,0.690173388242972,126.69270240531134,131.88722706216555,141.96523342584436
2021-11-15,17.75,63.0,6.2,0.0,12.65,153.83840229893588,4.206,319,11,0,-0.711656622281775,0.7025274741691566,150.52718426385883,138.364284759605,144.17582164574875
2021-11-16,16.9,63.0,7.4750000000000005,0.0,12.7275,113.04065788616414,4.52,320,11,1,-0.6994583270516471,0.7146733860429608,153.83840229893588,147.8103084846865,139.2087287031027
2021-11-17,16.375,67.0,6.175,0.0,12.532499999999999,183.7802621230863,4.043,321,11,2,-0.6870527672236675,0.7266075247685652,113.04065788616414,129.79897287180762,146.92034145328537
2021-11-18,16.325,69.25,5.95,0.0,12.415,139.968776969377,3.755,322,11,3,-0.6744436188329457,0.7383263540031063,183.7802621230863,153.9400565871428,144.9244443650331
2021-11-19,16.375,69.5,6.825,0.0,12.36,167.2468062412877,4.074,323,11,4,-0.661634618242279,0.749826401204568,139.968776969377,146.62312460849844,147.87068459828873
2021-11-20,16.425,68.75,6.5,0.0,12.34,132.6647173549474,3.463,324,11,5,-0.6486295610349818,0.7611042586607742,167.2468062412877,126.69270240531134,148.72382959109387
2021-11-21,16.6,67.0,8.425,0.0,12.25,97.8974298604056,3.601,325,11,6,-0.6354323008901775,0.7721565844991641,132.6647173549474,150.52718426385883,141.2052932477434
2021-11-22,16.400000000000002,61.0,9.5,0.0,12.3425,93.26024190845766,3.124,326,11,0,-0.622046748440868,0.7829801036770624,97.8974298604056,153.83840229893588,132.55127033481796
2021-11-23,15.899999999999999,67.0,7.525,0.0,12.215,124.57095490173916,3.176,327,11,1,-0.6084768701151264,0.7935716089521472,93.26024190845766,113.04065788616414,134.19845562275725
2021-11-24,16.325,69.0,7.8,0.0,11.92,150.43053608137458,2.944,328,11,2,-0.594726686960764,0.8039279618328208,124.57095490173916,183.7802621230863,129.43420904536987
2021-11-25,16.675,72.0,7.35,0.0,11.58,144.52312413699298,2.923,329,11,3,-0.5808002734538013,0.8140460935082175,150.43053608137458,139.968776969377,130.08483006931502
2021-11-26,16.45,73.0,5.5,0.0,11.665,147.1484177444542,2.803,330,11,4,-0.5667017562911184,0.8239230057575536,144.52312413699298,167.2468062412877,127.21363171262452
2021-11-27,16.225,74.5,6.45,0.0,11.5625,124.57680820731112,2.583,331,11,5,-0.5524353131676203,0.8335557718385695,147.1484177444542,132.6647173549474,126.05821612010504
2021-11-28,16.325,72.5,6.975,0.0,11.455,130.5934758308133,2.468,332,11,6,-0.5380051715382992,0.8429415373547832,124.57680820731112,97.8974298604056,130.7290798301633
2021-11-29,16.35,71.0,8.725,0.0,11.5,154.78865639269247,2.413,333,11,0,-0.5234156073655503,0.8520775211013093,130.5934758308133,93.26024190845766,139.5188533279111
2021-11-30,16.125,71.0,8.225,0.0,11.5525,139.5156901269611,2.491,334,11,1,-0.5086709438521042,0.8609610158889945,154.78865639269247,124.57095490173916,141.65381550294282
2021-12-01,15.575,76.25,4.6,0.0,8.03,141.0774443285154,2.222,335,12,2,-0.49377555015997737,0.8695893893466109,139.5156901269611,150.43053608137458,140.31765953824865
2021-12-02,15.65,78.75,5.8,0.375,5.1225000000000005,150.71856986700678,2.222,336,12,3,-0.4787338401157883,0.8779600847008883,141.0774443285154,144.52312413699298,141.20272321396493
2021-12-03,16.35,77.0,5.025,0.225,10.455,129.3839005056078,2.101,337,12,4,-0.4635502709028512,0.8860706215341378,150.71856986700678,147.1484177444542,138.66493503698686
2021-12-04,17.225,75.5,4.625,0.0,10.875,166.23804607817104,1.971,338,12,5,-0.4482293417404106,0.893918596519257,129.3839005056078,124.57680820731112,144.61654044710968
2021-12-05,16.35,80.0,6.775,5.075,10.105,122.96804039567192,2.053,339,12,6,-0.4327755925504317,0.9015016841318838,166.23804607817104,130.5934758308133,143.52719252780378
2021-12-06,15.5,80.25,6.175,0.0,10.782499999999999,155.4647088126014,1.931,340,12,0,-0.41719360261231697,0.9088176373395028,122.96804039567192,154.78865639269247,143.62377144493365
2021-12-07,14.7,75.25,8.2,0.0,11.17,142.99476697348803,1.784,341,12,1,-0.4014879892059737,0.9158642882672868,155.4647088126014,139.5156901269611,144.12078242300893
2021-12-08,14.625,71.75,7.550000000000001,0.0,11.2725,140.03406974279653,1.734,342,12,2,-0.38566340624360745,0.9226395488404875,142.99476697348803,141.0774443285154,143.97172891076335
2021-12-09,14.425,71.5,5.825,0.0,11.0775,111.84973929543378,1.614,343,12,3,-0.3697245428906732,0.9291414114031743,140.03406974279653,150.71856986700678,138.41903882911006
2021-12-10,14.1,71.5,7.8,0.0,11.1525,124.55301963241338,1.655,344,12,4,-0.3536761221763721,0.935367949313148,111.84973929543378,129.3839005056078,137.72891299008228
2021-12-11,13.5,70.75,7.574999999999999,0.0,11.415000000000001,131.93438996369457,1.613,345,12,5,-0.33752289959411347,0.941317317512847,124.55301963241338,166.23804607817104,132.82839068801422
2021-12-12,13.575,71.0,5.025,0.0,10.295,147.51172222786766,1.511,346,12,6,-0.32126966169236515,0.9469877530760751,131.93438996369457,122.96804039567192,136.33463094975647
2021-12-13,13.175,72.75,4.775,0.0,10.875,144.81033872144664,1.566,347,12,0,-0.3049212246562894,0.9523775757303973,147.51172222786766,155.4647088126014,134.81257807959153
2021-12-14,12.825,69.5,4.825,0.0,10.9525,166.25855497897254,1.692,348,12,1,-0.2884824328806098,0.9574851883550389,144.81033872144664,142.99476697348803,138.1359763660893
2021-12-15,11.8,72.25,7.025,0.0,11.3025,128.97384228865113,1.442,349,12,2,-0.27195815753410524,0.9623090774541487,166.25855497897254,140.03406974279653,136.55594387263997
2021-12-16,10.525,72.25,6.625,0.0,10.96,135.75401466760982,1.464,350,12,3,-0.2553532951161881,0.9668478136052773,128.97384228865113,111.84973929543378,139.9708403543794
2021-12-17,9.6,76.0,9.399999999999999,0.0,11.205,129.9890493871681,1.477,351,12,4,-0.23867276600594997,0.9711000518829505,135.75401466760982,124.55301963241338,140.74741603363006
2021-12-18,9.275,75.0,9.775,0.0,11.26,108.4078203074829,1.464,352,12,5,-0.22192151300416674,0.9750645322571945,129.9890493871681,131.93438996369457,137.38647751131413
2021-12-19,9.375,73.25,8.025,0.0,11.442499999999999,149.64666681040748,1.653,353,12,6,-0.20510449986861926,0.9787400799669153,108.4078203074829,147.51172222786766,137.69146959453408
2021-12-20,9.85,74.5,7.0249999999999995,0.275,11.01,159.14383749957116,1.304,354,12,0,-0.1882267098432439,0.9821256058680006,149.64666681040748,144.81033872144664,139.7391122771233
2021-12-21,11.075,77.75,5.8,0.0,11.094999999999999,169.93441463995822,1.315,355,12,1,-0.1712931441814778,0.9852201067560606,159.14383749957116,166.25855497897254,140.26423508583554
2021-12-22,11.6,78.25,5.45,0.0,11.05,160.9458983906105,1.697,356,12,2,-0.154308820664281,0.9880226656636976,169.93441463995822,128.97384228865113,144.83167167182972
2021-12-23,12.475,79.25,6.4,0.5,10.15,140.5216647798562,1.303,357,12,3,-0.13727877211326517,0.9905324521322227,160.9458983906105,135.75401466760982,145.5127645450078
2021-12-24,12.35,79.25,5.675,0.0,10.8775,146.15561156008562,1.328,358,12,4,-0.12020804489935275,0.9927487224577402,140.5216647798562,129.9890493871681,147.82227342685314
2021-12-25,12.7,80.5,4.35,0.0,10.245000000000001,156.5048171660872,1.533,359,12,5,-0.10310169744743544,0.9946708199115211,146.15561156008562,108.4078203074829,154.69327297808235
2021-12-26,11.975,87.25,6.225,1.2,5.73,138.9482245509842,1.291,360,12,6,-0.0859647987374467,0.9962981749346077,156.5048171660872,149.64666681040748,153.16492408387901
2021-12-27,11.775,85.0,6.1,0.0,10.905000000000001,160.7650201673126,1.619,361,12,0,-0.06880242680232064,0.9976303053065857,138.9482245509842,159.14383749957116,153.39652160784206
2021-12-28,11.6,80.5,7.5249999999999995,0.0,11.030000000000001,161.50152281257678,1.272,362,12,1,-0.05161966722325418,0.9986668162884759,160.7650201673126,169.93441463995822,152.19182277535901
2021-12-29,10.475,75.5,7.775,0.0,11.495,115.84452468583436,1.532,363,12,2,-0.034421611622745804,0.9994074007397048,161.50152281257678,160.9458983906105,145.74876938896242
2021-12-30,11.0,74.75,5.175,0.0,10.695,170.2541511249724,1.321,364,12,3,-0.01721335615583528,0.9998518392091162,115.84452468583436,140.5216647798562,149.99626743826474
2021-12-31,10.85,77.75,6.825,0.0,11.2775,145.964399975663,1.221,365,12,4,6.432490598706546e-16,1.0,170.2541511249724,146.15561156008562,149.96895149763296
2022-01-01,10.775,80.5,6.225,0.0,10.85,133.93097948507065,1.601,1,1,5,0.017213356155834685,0.9998518392091162,145.964399975663,156.5048171660872,146.744117543202
2022-01-02,10.875,79.5,7.675000000000001,0.0,10.675,149.91690047753633,1.628,2,1,6,0.03442161162274574,0.9994074007397048,133.93097948507065,138.9482245509842,148.31107124699517
2022-01-03,12.05,77.0,6.925,0.0,10.4875,146.03898088559444,1.35,3,1,0,0.051619667223253764,0.998666816288476,149.91690047753633,160.7650201673126,146.20735134960685
2022-01-04,12.775,81.5,6.6,0.625,3.4124999999999996,163.3683269710424,1.681,4,1,1,0.06880242680231986,0.9976303053065857,146.03898088559444,161.50152281257678,146.4740376579591
2022-01-05,12.775,92.0,8.6,24.9,1.755,146.35319650895468,1.654,5,1,2,0.08596479873744647,0.9962981749346078,163.3683269710424,115.84452468583436,150.83241934697625
2022-01-06,13.825,86.0,10.3,2.9,7.7875000000000005,141.23973808225531,1.308,6,1,3,0.10310169744743485,0.9946708199115211,146.35319650895468,170.2541511249724,146.68750319801669
2022-01-07,13.775,89.0,14.35,12.75,4.6375,102.96187437156607,1.325,7,1,4,0.1202080448993527,0.9927487224577402,141.23973808225531,145.964399975663,140.54428525457428
2022-01-08,13.75,90.75,13.674999999999999,35.925,5.115,147.59523421946216,1.292,8,1,5,0.13727877211326478,0.9905324521322229,102.96187437156607,133.93097948507065,142.49632164520162
2022-01-09,11.825,89.25,5.05,4.0,7.985,158.41577019341764,1.222,9,1,6,0.15430882066428117,0.9880226656636976,147.59523421946216,149.91690047753633,143.71044589032755
2022-01-10,11.2,86.75,4.825,0.65,9.785,145.22495536636592,1.2,10,1,0,0.1712931441814776,0.9852201067560606,158.41577019341764,146.03898088559444,143.59415653043774
2022-01-11,10.55,89.25,7.325,0.025,10.614999999999998,147.6397891723797,1.239,11,1,1,0.1882267098432442,0.9821256058680006,145.22495536636592,163.3683269710424,141.34722255920022
2022-01-12,11.45,87.0,4.875,0.225,10.985,191.3235439229913,1.262,12,1,2,0.2051044998686192,0.9787400799669153,147.6397891723797,146.35319650895468,147.77155790406258
2022-01-13,11.1,86.75,4.475,0.0,9.95,139.2679908373413,1.301,13,1,3,0.2219215130041655,0.9750645322571948,191.3235439229913,141.23973808225531,147.4898797262177
2022-01-14,9.924999999999999,88.75,5.55,0.0,10.4925,129.15064891513333,1.668,14,1,4,0.2386727660059501,0.9711000518829505,139.2679908373413,102.96187437156607,151.2311332324416
2022-01-15,9.4,89.25,5.15,0.0,9.3625,192.23148144448265,1.292,15,1,5,0.255353295116187,0.9668478136052775,129.15064891513333,147.59523421946216,157.6077399788731
2022-01-16,9.775,89.75,5.45,0.0,9.0425,147.45864113220506,1.479,16,1,6,0.2719581575341055,0.9623090774541486,192.23148144448265,158.41577019341764,156.0424358272713
2022-01-17,9.5,91.0,4.2,0.025,6.609999999999999,154.58472420852638,1.381,17,1,0,0.288482432880609,0.9574851883550393,147.45864113220506,145.22495536636592,157.37954566186568
2022-01-18,10.075,89.75,6.65,0.0,10.09,150.47288861698416,1.421,18,1,1,0.30492122465628907,0.9523775757303974,154.58472420852638,147.6397891723797,157.78427415395203
2022-01-19,11.2,92.0,4.6,3.925,7.8,189.76771162388914,1.312,19,1,2,0.3212696616923644,0.9469877530760753,150.47288861698416,191.3235439229913,157.56201239693743
2022-01-20,12.05,89.75,4.075,0.2,9.3475,169.4003623357272,1.272,20,1,3,0.3375228995941133,0.9413173175128471,189.76771162388914,139.2679908373413,161.86663689670686
2022-01-21,11.8,87.0,6.375,0.1,10.985,155.17535822273788,1.259,21,1,4,0.3536761221763716,0.9353679493131483,169.4003623357272,129.15064891513333,165.58445251207894
2022-01-22,12.075,86.25,17.7,15.55,3.7225,74.74565047783997,1.721,22,1,5,0.3697245428906731,0.9291414114031743,155.17535822273788,192.23148144448265,148.8007623739871
2022-01-23,11.45,90.0,12.475,7.675,5.265000000000001,112.90611255661273,1.322,23,1,6,0.38566340624360707,0.9226395488404876,74.74565047783997,147.45864113220506,143.8646868631882
2022-01-24,10.575,87.25,5.0,0.07500000000000001,10.059999999999999,164.5159303732065,1.235,24,1,0,0.401487989205973,0.9158642882672872,112.90611255661273,154.58472420852638,145.28343060099965
2022-01-25,10.025,87.25,6.625,0.1,11.64,128.6970331007759,1.302,25,1,1,0.4171936026123168,0.9088176373395029,164.5159303732065,150.47288861698416,142.1725940986842
2022-01-26,10.425,86.0,7.675000000000001,0.325,12.16,139.29368778354325,1.316,26,1,2,0.4327755925504312,0.901501684131884,128.6970331007759,189.76771162388914,134.96201926434907
2022-01-27,10.125,81.75,8.85,0.0,13.615,135.1571996212357,1.203,27,1,3,0.4482293417404106,0.893918596519257,139.29368778354325,169.4003623357272,130.07013887656458
2022-01-28,10.5,77.25,8.6,0.0,13.92,125.77531191790742,1.205,28,1,4,0.4635502709028509,0.886070621534138,135.1571996212357,155.17535822273788,125.87013226158878
2022-01-29,11.5,79.25,7.075,0.0,13.844999999999999,132.32026893567797,1.207,29,1,5,0.47873384011578846,0.8779600847008882,125.77531191790742,74.74565047783997,134.09507775556563
2022-01-30,12.0,80.5,9.425,0.0,13.6875,140.95205976250378,1.291,30,1,6,0.49377555015997715,0.869589389346611,132.32026893567797,112.90611255661273,138.1016416421215
2022-01-31,12.4,83.75,6.1,0.0,13.66,154.61788367331667,1.253,31,1,0,0.5086709438521044,0.8609610158889943,140.95205976250378,164.5159303732065,136.68763497070867
2022-02-01,12.350000000000001,87.0,7.5,0.0,13.719999999999999,143.75972949012126,1.301,32,2,1,0.5234156073655503,0.8520775211013093,154.61788367331667,128.6970331007759,138.83944874061515
2022-02-02,12.175,82.5,7.5249999999999995,0.9,12.485,160.38622251306032,1.365,33,2,2,0.5380051715382996,0.8429415373547828,143.75972949012126,139.29368778354325,141.85266798768902
2022-02-03,11.425,88.5,13.675,18.575,3.495,104.92350481868566,1.366,34,2,3,0.5524353131676196,0.8335557718385699,160.38622251306032,135.1571996212357,137.53356873018188
2022-02-04,10.75,84.75,5.949999999999999,1.375,13.605,125.5615625991354,1.274,35,2,4,0.5667017562911176,0.8239230057575542,104.92350481868566,125.77531191790742,137.50303311321443
2022-02-05,10.125,87.75,4.775,0.0,13.942499999999999,145.14797617545082,1.925,36,2,5,0.5808002734538009,0.8140460935082178,125.5615625991354,132.32026893567797,139.33556271889626
2022-02-06,11.475,85.0,5.675,0.1,14.25,169.53045717150943,1.488,37,2,6,0.5947266869607634,0.8039279618328213,145.14797617545082,140.95205976250378,143.41819092018278
2022-02-07,13.049999999999999,83.75,7.125,0.05,13.915000000000001,141.20798372689225,1.283,38,2,0,0.6084768701151261,0.7935716089521474,169.53045717150943,154.61788367331667,141.50249092783645
2022-02-08,13.675,80.5,5.7,0.05,15.0975,163.41299351788632,1.349,39,2,1,0.6220467484408675,0.7829801036770629,141.20798372689225,143.75972949012126,144.31010007466003
2022-02-09,14.125,74.5,6.775,0.5249999999999999,14.2675,137.17925126096023,1.223,40,2,2,0.6354323008901774,0.7721565844991642,163.41299351788632,160.38622251306032,140.99481846721716
2022-02-10,12.5,74.75,8.2,0.0,15.5575,123.85801928605362,1.419,41,2,3,0.6486295610349814,0.7611042586607747,137.17925126096023,104.92350481868566,143.69974910541256
2022-02-11,12.25,73.0,10.5,0.0,16.0675,138.16636253799444,1.395,42,2,4,0.6616346182422783,0.7498264012045686,123.85801928605362,125.5615625991354,145.50043481096387
2022-02-12,12.8,74.75,7.925,0.0,16.165,121.80781485112365,1.304,43,2,5,0.6744436188329455,0.7383263540031065,138.16636253799444,145.14797617545082,142.1661260503457
2022-02-13,13.75,76.0,5.75,0.0,16.072499999999998,136.45462480937036,1.291,44,2,6,0.6870527672236669,0.7266075247685656,121.80781485112365,169.53045717150943,137.4410071414687
2022-02-14,14.2,78.0,6.3,0.0,15.82,102.82431078162153,1.293,45,2,0,0.699458327051647,0.7146733860429609,136.45462480937036,141.20798372689225,131.95762529214431
2022-02-15,14.775,76.0,5.95,0.0,15.8325,143.73017688910858,1.337,46,2,1,0.7116566222817746,0.7025274741691571,102.82431078162153,163.41299351788632,129.14579434517606
2022-02-16,14.85,77.75,6.775,0.05,16.055,133.4408121560206,1.323,47,2,2,0.7236440382959124,0.6901733882429719,143.73017688910858,137.17925126096023,128.61173161589898
2022-02-17,15.075,73.25,6.525,0.0,16.6575,130.06954176768804,1.76,48,2,3,0.7354170229639855,0.6776147890466889,133.4408121560206,123.85801928605362,129.4990919704182
2022-02-18,14.875,73.0,8.125,0.0,15.48,127.69561766397821,1.207,49,2,4,0.7469720876965552,0.6648553979642865,130.06954176768804,138.16636253799444,128.00327127413013
2022-02-19,14.85,73.75,8.775,0.0,17.0125,97.0133621013794,1.388,50,2,5,0.7583058084785624,0.6518989958787126,127.69561766397821,121.80781485112365,124.46120659559524
2022-02-20,14.775,66.75,10.325,0.0,17.3525,94.86020565477867,1.327,51,2,6,0.7694148268839378,0.6387494220515272,97.0133621013794,136.45462480937036,118.51914671636787
2022-02-21,14.65,67.0,6.375,0.0,17.73,117.36880074730976,1.291,52,2,0,0.7802958510707755,0.6254105729852463,94.86020565477867,102.82431078162153,120.59693099718046
2022-02-22,17.775,63.5,19.775,4.2749999999999995,15.625,62.09665218057532,1.272,53,2,1,0.7909456567567772,0.6118864012687243,117.36880074730976,143.73017688910858,108.93499889596144
2022-02-23,17.4,73.75,14.6,0.65,16.405,94.35500087175043,1.29,54,2,2,0.8013610881746766,0.5981809144059165,62.09665218057532,133.4408121560206,103.35131156963712
2022-02-24,15.875,78.0,7.05,1.325,16.322499999999998,147.93539919583668,1.299,55,2,3,0.8115390590073611,0.5842981736283684,94.35500087175043,130.06954176768804,105.9035769165155
2022-02-25,15.925,74.75,9.725,2.675,14.405000000000001,113.70563589312799,1.351,56,2,4,0.8214765533024142,0.5702422926917871,147.93539919583668,127.69561766397821,103.90500809210832
2022-02-26,14.600000000000001,77.25,14.625,8.275,13.674999999999999,62.8002014632017,1.257,57,2,5,0.8311706263658079,0.5560174366570446,113.70563589312799,97.0133621013794,99.01741371522579
2022-02-27,13.85,74.5,8.875,0.125,18.305,115.66906322469418,1.203,58,2,6,0.8406184056344782,0.5416278206559814,62.8002014632017,94.86020565477867,101.99010765378515
2022-02-28,14.4,72.0,8.575,0.0,16.7925,122.87762132866342,1.426,59,2,0,0.8498170915275278,0.5270777086423722,115.66906322469418,117.36880074730976,102.77708202254996
2022-03-01,16.4,71.5,6.95,1.225,17.8475,103.31686904787094,1.252,60,3,1,0.8587639582758029,0.5123714121284237,122.87762132866342,62.09665218057532,108.66568443216362
2022-03-02,17.4,72.5,5.575,0.225,17.6525,147.60855777159864,1.273,61,3,2,0.8674563547295969,0.49751328890718066,103.31686904787094,94.35500087175043,116.27333541785622
2022-03-03,16.1,83.5,7.275,7.4,12.05,136.93317293461018,1.339,62,3,3,0.8758917051442429,0.48250774176121847,147.60855777159864,147.93539919583668,114.70158880910958
2022-03-04,16.575,77.75,9.3,0.0,18.5075,130.72420910621432,1.494,63,3,4,0.8840675099433636,0.4673592171580022,136.93317293461018,113.70563589312799,117.1328135538362
2022-03-05,17.4,72.0,9.25,0.0,18.745,164.71911680823385,1.578,64,3,5,0.8919813464595485,0.45207220393230435,130.72420910621432,62.8002014632017,131.69265860312652
2022-03-06,18.675,73.0,5.5,0.0,14.135,135.13687174650045,1.304,65,3,6,0.8996308696522433,0.43665123195606403,164.71911680823385,115.66906322469418,134.47377410624168
2022-03-07,19.525,69.5,7.3,0.025,17.145,146.6311818750251,1.227,66,3,0,0.9070138128026359,0.4211008707960896,135.13687174650045,122.87762132866342,137.86713989857907
2022-03-08,19.275,67.5,8.25,0.0,19.66,135.53584267026844,1.296,67,3,1,0.9141279881853337,0.40542572835999735,146.6311818750251,103.31686904787094,142.46985041606442
2022-03-09,19.775,65.25,9.5,0.0,19.4925,104.61840904950148,1.457,68,3,2,0.9209712877166346,0.38963044953078796,135.53584267026844,147.60855777159864,136.32840059862198
2022-03-10,20.1,66.0,9.675,0.0,19.66,117.11257620579953,1.243,69,3,3,0.9275416835791966,0.37371971479046906,104.61840904950148,136.93317293461018,133.49688678022045
2022-03-11,20.325000000000003,65.25,8.9,0.0,20.175,150.04012530812457,1.334,70,3,4,0.9338372288229252,0.35769823883312546,117.11257620579953,130.72420910621432,136.25630338049334
2022-03-12,21.125,64.25,8.325,0.0,20.05,111.15517912869797,1.251,71,3,5,0.9398560579418954,0.3415707691678556,150.04012530812457,164.71911680823385,128.60431228341682
2022-03-13,22.875,67.5,7.175,0.0,20.0825,143.81668775934304,1.266,72,3,6,0.9455963874271426,0.3253420847119801,111.15517912869797,135.13687174650045,129.84428599953716
2022-03-14,23.875,70.0,6.05,0.0,20.0775,126.71430391679684,1.508,73,3,0,0.9510565162951535,0.30901699437494745,143.81668775934304,146.6311818750251,126.99901771979026
2022-03-15,24.875,70.0,7.275,0.0,20.119999999999997,134.3546080969028,1.339,74,3,1,0.9562348265919056,0.29260033563334836,126.71430391679684,135.53584267026844,126.83026992359518
2022-03-16,25.6,61.0,10.875,0.0,20.5975,85.52754661247386,1.39,75,3,2,0.9611297838723007,0.27609697309746883,134.3546080969028,104.61840904950148,124.10300386116265
2022-03-17,25.275,66.25,7.575,0.0,20.7725,140.49546496094496,1.263,76,3,3,0.9657399376548549,0.2595117970697999,85.52754661247386,117.11257620579953,127.44341654046914
2022-03-18,26.799999999999997,69.5,10.575,0.0,20.4575,112.2862350286931,1.264,77,3,4,0.9700639218515071,0.2428497220959356,140.49546496094496,150.04012530812457,122.0500036434075
2022-03-19,26.65,67.25,8.225,0.0,20.7625,112.42882942486077,1.436,78,3,5,0.9741004551724205,0.22611568550828828,112.2862350286931,111.15517912869797,122.23195368571649
2022-03-20,25.6,63.75,7.35,1.0,20.16,117.2274746292018,1.207,79,3,6,0.9778483415056568,0.20931464596304847,112.42882942486077,143.81668775934304,118.43349466712489
2022-03-21,25.275,60.75,7.75,0.0,21.2525,154.03220945765798,1.228,80,3,0,0.9813064702716093,0.19245158197082998,117.2274746292018,126.71430391679684,122.33605260153361
2022-03-22,24.7,55.75,10.875,0.0,21.900000000000002,122.26586111710547,1.331,81,3,1,0.9844738167520922,0.1755314904214282,154.03220945765798,134.3546080969028,120.60908874727684
2022-03-23,25.325,50.25,6.4,0.0,20.845,124.28077394640924,1.304,82,3,2,0.9873494423939864,0.15855938510313475,122.26586111710547,85.52754661247386,126.14526408069618
2022-03-24,25.25,48.25,8.375,0.0,20.4675,108.44930850664566,1.622,83,3,3,0.989932495087353,0.141540295217043,124.28077394640924,140.49546496094496,121.56724173008202
2022-03-25,24.6,44.0,9.825,0.0,22.049999999999997,78.17946216503401,1.44,84,3,4,0.9922222094179323,0.12447926388678915,108.44930850664566,112.2862350286931,116.69484560670215
2022-03-26,24.5,44.5,11.475,0.0,22.5,116.31064813946065,1.417,85,3,5,0.994217906893952,0.10738134666416309,78.17946216503401,112.42882942486077,117.24939113735925
2022-03-27,25.25,45.5,8.075,0.0,22.6075,112.74465731862864,1.381,86,3,6,0.995918996147179,0.09025161003104117,116.31064813946065,117.2274746292018,116.60898866442024
2022-03-28,26.4,46.5,8.2,0.0,22.465,101.49997747214086,1.204,87,3,0,0.9973249731081555,0.07309512989807777,112.74465731862864,154.03220945765798,109.10438409506067
2022-03-29,27.35,45.25,7.225,0.0,22.6875,104.1583690432711,1.521,88,3,1,0.9984354211555643,0.055916990100603484,101.49997747214086,122.26586111710547,106.5175995130843
2022-03-30,27.275,45.5,7.225,0.0,22.805,110.82500949886214,1.31,89,3,2,0.9992500112396835,0.03872228089217446,104.1583690432711,124.28077394640924,104.59534744914902
2022-03-31,27.225,40.0,8.6,0.0,22.5425,88.4266848758504,1.411,90,3,3,0.9997685019798909,0.021516097436222254,110.82500949886214,108.44930850664566,101.73497264474967
2022-04-01,26.55,32.5,9.425,0.0,23.365000000000002,70.86198205970751,1.31,91,4,4,0.9999907397361901,0.004303538296244289,88.4266848758504,78.17946216503401,100.68961834398876
2022-04-02,26.85,39.75,8.15,0.0,23.3,94.93032983462744,1.239,92,4,5,0.9999166586547379,-0.01291029607500882,70.86198205970751,116.31064813946065,97.63528715758402
2022-04-03,27.225,30.5,9.8,0.0,23.4325,44.73080577055576,1.356,93,4,6,0.9995462806873573,-0.030120304846908114,94.93032983462744,112.74465731862864,87.91902265071646
2022-04-04,27.225,33.0,9.3,0.0,23.5475,124.63758324832295,1.23,94,4,0,0.9988797155850336,-0.04732138832243185,44.73080577055576,101.49997747214086,91.22439490445676
2022-04-05,28.4,30.25,7.625,0.0,23.5625,117.59453113565033,1.286,95,4,1,0.9979171608653922,-0.06450844944931623,124.63758324832295,104.1583690432711,93.14384663193951
2022-04-06,28.625,30.5,8.4,0.0,23.545,62.54404669362272,1.363,96,4,2,0.9966589017541702,-0.08167639533042241,117.59453113565033,110.82500949886214,86.24656623119101
2022-04-07,29.15,30.75,8.2,0.0,23.665,94.64330769657049,1.314,97,4,3,0.9951053111006976,-0.09882013873287143,62.54404669362272,88.4266848758504,87.1346552055796
2022-04-08,29.6,32.5,7.175000000000001,0.0,23.622500000000002,111.52492509672986,1.376,98,4,4,0.9932568492674143,-0.11593459959550041,94.64330769657049,70.86198205970751,92.94364706801137
2022-04-09,30.0,32.5,8.725,0.0,22.88,92.91307451875632,1.582,99,4,5,0.9911140639934547,-0.1330147065341959,111.52492509672986,94.93032983462744,92.65546773717263
2022-04-10,30.474999999999998,32.25,8.475,0.0,23.8,76.9496936813433,1.382,100,4,6,0.9886775902323405,-0.1500553983446526,92.91307451875632,44.73080577055576,97.25816601014229
2022-04-11,31.05,31.75,8.05,0.0,23.1725,74.43612734775132,1.274,101,4,0,0.9859481499638304,-0.16705162550211924,76.9496936813433,124.63758324832295,90.08652945291776
2022-04-12,31.15,25.75,9.0,0.0,20.2675,107.81701463429008,1.286,102,4,1,0.9829265519799822,-0.18399835165768005,74.43612734775132,117.59453113565033,88.68974138129487
2022-04-13,30.375,30.75,9.825,0.0,22.1625,109.48352095712858,1.505,103,4,2,0.9796136916454901,-0.20089055513063506,107.81701463429008,62.54404669362272,95.3953805617957
2022-04-14,29.575,26.25,10.225,0.025,22.16,102.40797233595299,1.327,104,4,3,0.9760105506323683,-0.21772323039653177,109.48352095712858,94.64330769657049,96.50461836742178
2022-04-15,28.55,28.5,8.55,0.075,20.87,123.13741752631881,1.315,105,4,4,0.9721181966290613,-0.23449138957040985,102.40797233595299,111.52492509672986,98.16354585736305
2022-04-16,29.325,28.5,7.475,0.0,23.93,87.9041303964782,1.401,106,4,5,0.9679377830240642,-0.25119006388481935,123.13741752631881,92.91307451875632,97.44798241132332
2022-04-17,30.075,28.0,7.55,0.0,23.939999999999998,119.3193330769077,1.363,107,4,6,0.9634705485641488,-0.2678143051621742,87.9041303964782,76.9496936813433,103.5007880392611
2022-04-18,31.275,28.25,7.325,0.0,23.240000000000002,121.57728674566886,1.392,108,4,0,0.9587178169872964,-0.2843591872810034,119.3193330769077,74.43612734775132,110.23523938182073
2022-04-19,32.0,25.75,9.575,0.0,22.185,105.25928863360286,1.452,109,4,1,0.9536809966304457,-0.30081980763566735,121.57728674566886,107.81701463429008,109.86984995315115
2022-04-20,31.625,26.0,10.425,0.0,22.5325,97.05829107052601,1.453,110,4,2,0.9483615800121715,-0.3171912885891061,105.25928863360286,109.48352095712858,108.09481711220792
2022-04-21,29.575,28.5,11.325,0.45,16.3525,89.48997546051972,1.707,111,4,3,0.9427611433904207,-0.3334687789181868,97.05829107052601,102.40797233595299,106.24938898714603
2022-04-22,28.55,32.5,8.25,0.0,23.5,88.66990791289278,1.655,112,4,4,0.9368813462954315,-0.3496474552512284,89.48997546051972,123.13741752631881,101.32545904237088
2022-04-23,29.1,28.75,9.475,0.0,23.490000000000002,57.34388853160246,1.696,113,4,5,0.9307239310379795,-0.36572252349726897,88.66990791289278,87.9041303964782,96.95971020453149
2022-04-24,29.675,27.5,10.975,0.0,23.885,61.52085518447521,1.651,114,4,6,0.9242907221930933,-0.3816892202666588,57.34388853160246,119.3193330769077,88.70278479132685
2022-04-25,30.0,28.0,9.8,0.15,20.7075,26.521786371981015,1.671,115,4,0,0.9175836260593937,-0.39754281428255595,61.52085518447521,121.57728674566886,75.12342759508572
2022-04-26,31.05,25.25,8.65,0.0,24.115000000000002,112.72312383051617,2.05,116,4,1,0.9106046300942162,-0.4132786077829042,26.521786371981015,105.25928863360286,76.18968976607334
2022-04-27,31.725,24.25,9.6,0.0,24.4375,59.469705203385246,1.763,117,4,2,0.9033558023246845,-0.4288919379124835,112.72312383051617,97.05829107052601,70.81989178505323
2022-04-28,33.6,23.25,8.05,0.0,24.035,71.56757867967698,1.996,118,4,3,0.895839290734909,-0.4443781781046132,59.469705203385246,89.48997546051972,68.25954938778997
2022-04-29,33.9,20.0,9.2,0.0,23.32,83.23511403087551,1.876,119,4,4,0.8880573226294932,-0.45973273945210397,71.56757867967698,88.66990791289278,67.48315026178751
2022-04-30,33.474999999999994,22.5,8.4,0.0,23.2325,94.93418245405147,1.912,120,4,5,0.8800122039735357,-0.47495107206704995,83.23511403087551,57.34388853160246,72.8531922507088
2022-05-01,32.5,30.25,13.1,0.05,21.715,67.51641360864814,2.08,121,5,6,0.8717063187093218,-0.4900286664290592,94.93418245405147,61.52085518447521,73.70970059701922
2022-05-02,32.85,35.0,13.95,0.15,21.4025,53.16777198557053,2.013,122,5,0,0.8631421280499114,-0.5049610547215204,67.51641360864814,26.521786371981015,77.51626997038916
2022-05-03,32.075,38.75,12.2,0.9,20.88,54.24605149462143,2.06,123,5,1,0.854322169749827,-0.5197438121555155,53.16777198557053,112.72312383051617,69.16240249383276
2022-05-04,29.725,44.25,11.3,0.325,18.947499999999998,107.4703499932628,2.285,124,5,2,0.8452490573530633,-0.5343725582809786,54.24605149462143,59.469705203385246,76.01963746381527
2022-05-05,29.8,43.5,7.475,0.0,23.055,114.65549140252787,2.487,125,5,3,0.8359254794186372,-0.548842958284719,107.4703499932628,71.56757867967698,82.17505356707967
2022-05-06,31.125,31.25,7.025,0.0,22.77,83.99197978073158,2.669,126,5,4,0.8263541987239096,-0.5631507242749186,114.65549140252787,83.23511403087551,82.28317724563055
2022-05-07,31.075,33.25,7.675000000000001,0.0,23.5075,122.14106022270619,2.185,127,5,5,0.8165380514459161,-0.5772916165517272,83.99197978073158,94.93418245405147,86.16987406972407
2022-05-08,32.15,31.5,8.825,0.0,23.71,78.37493407966754,2.197,128,5,6,0.8064799463209448,-0.5912614448635781,122.14106022270619,67.51641360864814,87.72109127986971
2022-05-09,32.525,40.0,12.35,0.0,22.5775,96.0157485872823,2.221,129,5,0,0.7961828637826158,-0.6050560696488488,78.37493407966754,53.16777198557053,93.84223079439995
2022-05-10,32.525,44.25,10.6,0.30000000000000004,21.3225,94.86851026783347,2.382,130,5,1,0.7856498550787147,-0.6186714032625031,96.0157485872823,54.24605149462143,99.64543919057311
2022-05-11,33.375,41.0,9.575,0.0,22.634999999999998,89.22203307919932,2.23,131,5,2,0.7748840413670407,-0.6321034111873487,94.86851026783347,107.4703499932628,97.03853677427833
2022-05-12,34.125,37.75,10.2,0.0,22.705,84.88211688302283,2.215,132,5,3,0.7638886127905428,-0.6453481132295501,89.22203307919932,114.65549140252787,92.78519755720617
2022-05-13,34.275000000000006,31.75,10.075,0.0,23.5,107.54881398362188,2.298,133,5,4,0.7526668275320085,-0.6584015846980488,84.88211688302283,83.99197978073158,96.15045958619051
2022-05-14,34.375,21.75,9.1,0.0,24.59,95.65785181952697,2.175,134,5,5,0.7412220108485958,-0.6712599575675313,107.54881398362188,122.14106022270619,92.36714410002206
2022-05-15,35.275,20.25,9.3,0.0,24.0075,68.4238772134102,3.034,135,5,6,0.7295575540864875,-0.6839194216246106,95.65785181952697,78.37493407966754,90.94556454769956
2022-05-16,34.25,25.0,9.75,0.0,20.035,70.95371005824859,2.093,136,5,0,0.717676913675962,-0.6963762255968722,68.4238772134102,96.0157485872823,87.36527332926619
2022-05-17,32.974999999999994,32.0,9.6,0.05,20.055,110.68675194972573,2.195,137,5,1,0.705583610107178,-0.7086266782644596,70.95371005824859,94.86851026783347,89.62502214096507
2022-05-18,33.825,28.75,9.025,0.0,22.9325,86.91444010076111,2.792,138,5,2,0.6932812268869777,-0.7206671495538609,110.68675194972573,89.22203307919932,89.29536600118819
2022-05-19,34.525,26.25,8.725000000000001,0.0,23.2275,98.25935939825004,2.011,139,5,3,0.6807734094770161,-0.7324940716135789,86.91444010076111,84.88211688302283,91.20640064622064
2022-05-20,35.425,21.0,10.925,0.0,22.3475,80.72739645290433,2.032,140,5,4,0.6680638642135335,-0.7441039398713607,98.25935939825004,107.54881398362188,87.37476957040386
2022-05-21,33.45,25.25,10.975000000000001,0.0,21.195,43.780799791469136,1.859,141,5,5,0.6551563572090853,-0.7554933140726803,80.72739645290433,95.65785181952697,79.96376213782415
2022-05-22,32.55,29.75,8.2,0.0,22.4425,105.03630594088297,1.934,142,5,6,0.6420547132365637,-0.766658819300159,43.780799791469136,68.4238772134102,85.19410909889169
2022-05-23,28.275,48.75,20.45,7.575,18.6475,20.0,1.841,143,5,0,0.6287628145958344,-0.7775971469736269,105.03630594088297,70.95371005824859,77.91500766199904
2022-05-24,24.85,64.0,12.225,13.55,20.7575,87.53170262628879,1.861,144,5,1,0.6152845999633276,-0.7883050558305255,20.0,110.68675194972573,74.60714347293663
2022-05-25,27.3,53.75,5.375,0.0,23.405,133.00775075850925,1.667,145,5,2,0.6016240632249226,-0.7987793728863649,87.53170262628879,86.91444010076111,81.19190213832921
2022-05-26,30.05,46.5,6.6,0.0,22.802500000000002,120.68889058604869,1.691,146,5,3,0.5877852522924732,-0.8090169943749473,133.00775075850925,98.25935939825004,84.3961208794433
2022-05-27,31.9,45.75,7.275,0.0,22.4525,84.0516767135285,1.662,147,5,4,0.5737722679043246,-0.8190148866680801,120.68889058604869,80.72739645290433,84.87101805953247
2022-05-28,32.7,47.0,9.8,0.125,21.9525,64.61145704153527,1.646,148,5,5,0.5595892624101765,-0.8287700871745038,84.0516767135285,43.780799791469136,87.84682623811337
2022-05-29,32.625,47.0,9.3,0.225,21.69,82.95123432518085,1.517,149,5,6,0.545240438540651,-0.8382797052177744,64.61145704153527,105.03630594088297,84.69181600729875
2022-05-30,31.925,49.5,12.225,0.225,21.655,39.763777969083534,1.623,150,5,0,0.5307300481619334,-0.8475409228928311,82.95123432518085,20.0,87.51521286002499
2022-05-31,31.875,45.0,7.15,0.0,21.57,141.55860965508964,1.913,151,5,1,0.5160623910158528,-0.8565509959010036,39.763777969083534,87.53170262628879,95.23334243556795
2022-06-01,32.475,33.25,6.8,0.0,21.705,104.82385718635376,1.778,152,6,2,0.5012418134457758,-0.865307254363206,141.55860965508964,133.00775075850925,91.20707192526002
2022-06-02,33.025,29.5,8.05,0.0,23.66,89.5300198357692,1.779,153,6,3,0.48627270710868997,-0.8738071036110808,104.82385718635376,120.68889058604869,86.7558046752201
2022-06-03,32.775000000000006,27.0,7.675,0.0,23.885,105.36401104725019,1.517,154,6,4,0.4711595076738638,-0.8820480249558537,89.5300198357692,84.0516767135285,89.80042386575178
2022-06-04,33.525,25.25,7.6,0.0,23.785,69.55008518148924,1.507,155,6,5,0.4559066935084588,-0.8900275764346767,105.36401104725019,64.61145704153527,90.5059421714595
2022-06-05,34.075,24.75,6.425,0.0,23.5725,119.63189567855557,1.894,156,6,6,0.440518784350495,-0.8977433935342337,69.55008518148924,82.95123432518085,95.74603665051302
2022-06-06,34.4,25.0,7.225,0.0,23.6625,112.9430581603332,1.471,157,6,0,0.42500033996955416,-0.9051931898913974,119.63189567855557,39.763777969083534,106.20021953497725
2022-06-07,34.95,25.0,8.075,0.0,22.875,62.547924043708875,1.465,158,6,1,0.4093559588156213,-0.9123747579707273,112.9430581603332,141.55860965508964,94.91297873335144
2022-06-08,35.275,22.5,11.325,0.0,21.955,39.392091911731896,1.284,159,6,2,0.39359027665646673,-0.9192859697186104,62.547924043708875,104.82385718635376,85.56558369411974
2022-06-09,35.275,23.25,8.95,0.0,21.995,50.72167133820849,1.837,160,6,3,0.3777079652039649,-0.9259247771938498,39.392091911731896,89.5300198357692,80.02153390875392
2022-06-10,35.125,24.5,11.45,0.0,20.52,36.6506480454609,1.542,161,6,4,0.36171373072976765,-0.9322892131745133,50.72167133820849,105.36401104725019,70.2053391942126
2022-06-11,35.35,27.25,12.2,0.125,20.1075,64.61914642901755,1.286,162,6,5,0.3456123126707335,-0.9383773917408641,36.6506480454609,69.55008518148924,69.50091937243091
2022-06-12,35.5,28.0,9.325,0.0,22.1275,67.70613445926861,1.372,163,6,6,0.3294084822245304,-0.9441875088341993,64.61914642901755,119.63189567855557,62.08295348396136
2022-06-13,36.125,27.5,10.55,0.0,22.14,89.09502752503954,1.519,164,6,0,0.3131070409358269,-0.9497178427914316,67.70613445926861,112.9430581603332,58.6760919646337
2022-06-14,36.175,29.0,13.125,0.0,21.9975,86.25622106485459,1.26,165,6,1,0.29671281927349075,-0.9549667548552551,89.09502752503954,62.547924043708875,62.062991539083086
2022-06-15,36.725,29.5,11.55,0.0,21.6,81.53471960992238,1.397,166,6,2,0.28023067519921585,-0.9599326896597447,86.25622106485459,39.392091911731896,68.08336692453886
2022-06-16,33.3,41.75,10.775,5.525,19.245,76.00133783856248,1.278,167,6,3,0.26366549272800704,-0.9646141756912435,81.53471960992238,50.72167133820849,71.69474785316086
2022-06-17,30.4,60.0,9.75,1.4000000000000001,15.395,102.13208739295051,1.218,168,6,4,0.24702218048093552,-0.9690098257244062,76.00133783856248,36.6506480454609,81.04923918851652
2022-06-18,26.525,78.0,9.1,16.525,14.5725,113.38616696967473,1.334,169,6,5,0.23030567023061221,-0.9731183372332619,102.13208739295051,64.61914642901755,88.01595640861042
2022-06-19,27.325,72.25,5.4,0.225,19.0775,125.65525217818308,1.255,170,6,6,0.21352091543979612,-0.9769384927771817,113.38616696967473,67.70613445926861,96.29440179702677
2022-06-20,27.575,69.25,5.575,2.325,18.605,135.96727650628722,1.32,171,6,0,0.19667288979357647,-0.980469160361632,125.65525217818308,89.09502752503954,102.99043736577643
2022-06-21,25.925,76.25,10.175,6.574999999999999,10.325,124.046648434383,1.346,172,6,1,0.1797665857255624,-0.9837092937736097,135.96727650628722,86.25622106485459,108.38906984713762
2022-06-22,26.95,72.75,8.525,11.1,20.445,160.6285772925795,1.39,173,6,2,0.16280701293851715,-0.986657932891657,124.046648434383,81.53471960992238,119.68819237323149
2022-06-23,28.525,61.0,10.425,0.0,23.705,135.01963298057132,1.55,174,6,3,0.1457991969198751,-0.9893142039703663,160.6285772925795,76.00133783856248,128.11937739351848
2022-06-24,29.075,56.75,8.0,0.0,23.88,115.76570579302096,1.278,175,6,4,0.12874817745258132,-0.99167731989929,135.01963298057132,102.13208739295051,130.06703716495713
2022-06-25,30.625,51.0,5.1,0.0,23.7875,116.32168513137361,1.323,176,6,5,0.11165900712169512,-0.993746580436178,115.76570579302096,113.38616696967473,130.48639690234265
2022-06-26,32.1,51.25,8.100000000000001,0.0,22.265,126.49547554842236,1.558,177,6,6,0.09453674981719912,-0.9955213724144752,116.32168513137361,125.65525217818308,130.60642881237686
2022-06-27,33.150000000000006,58.75,7.725,0.025,21.619999999999997,129.88006935934743,1.23,178,6,0,0.07738647923346301,-0.9970011699250151,126.49547554842236,135.96727650628722,129.73682779138545
2022-06-28,33.675,58.75,7.5,1.5999999999999999,21.3775,136.83819390924666,1.348,179,6,1,0.06021327736579302,-0.9981855344718586,129.88006935934743,124.046648434383,131.56419143065168
2022-06-29,33.6,60.75,13.025,0.0,21.76,78.83419365500394,1.418,180,6,2,0.04302223300453059,-0.99907411510223,136.83819390924666,160.6285772925795,119.87927948242661
2022-06-30,28.0,81.75,18.45,12.125,9.0725,69.73773387700317,1.218,181,6,3,0.02581844022713308,-0.9996666485105112,78.83419365500394,135.01963298057132,110.55329389620259
2022-07-01,27.45,83.0,8.15,24.675,11.76,145.05551313186206,1.364,182,7,4,0.008606996888688698,-0.9999629591162655,69.73773387700317,115.76570579302096,114.7375520874656
2022-07-02,30.05,73.75,7.1,0.35000000000000003,20.3675,143.6544675565413,1.764,183,7,5,-0.008606996888688009,-0.9999629591162655,145.05551313186206,116.32168513137361,118.64223529106098
2022-07-03,29.6,78.25,9.5,7.55,17.0075,138.4767297133647,1.243,184,7,6,-0.02581844022713239,-0.9996666485105112,143.6544675565413,126.49547554842236,120.35384302890988
2022-07-04,30.875,75.5,5.6499999999999995,0.5,20.0325,144.57867113747392,1.34,185,7,0,-0.04302223300453034,-0.99907411510223,138.4767297133647,129.88006935934743,122.45364328292796
2022-07-05,31.8,72.25,6.775,3.375,20.75,121.7558016444915,1.353,186,7,1,-0.060213277365792774,-0.9981855344718586,144.57867113747392,136.83819390924666,120.29901581653438
2022-07-06,30.650000000000002,76.75,10.45,12.075,19.369999999999997,155.41160871173966,1.223,187,7,2,-0.07738647923346322,-0.9970011699250151,121.7558016444915,78.83419365500394,131.23864653892517
2022-07-07,31.125,75.25,7.225,6.975,19.7,89.20388239371457,1.233,188,7,3,-0.09453674981719933,-0.9955213724144752,155.41160871173966,69.73773387700317,134.0195248984554
2022-07-08,30.775,78.0,6.975,14.925,18.7475,129.05684128901422,1.279,189,7,4,-0.11165900712169444,-0.9937465804361781,89.20388239371457,145.05551313186206,131.7340003494771
2022-07-09,29.775,80.0,11.35,20.8,18.427500000000002,105.00482409663346,1.61,190,7,5,-0.12874817745258066,-0.99167731989929,129.05684128901422,143.6544675565413,126.21262271234743
2022-07-10,27.825000000000003,83.5,8.5,15.65,13.625,122.8869217421208,1.522,191,7,6,-0.14579919691987442,-0.9893142039703664,105.00482409663346,138.4767297133647,123.98550728788402
2022-07-11,29.775,79.5,4.25,1.75,19.5175,144.26846739423306,1.276,192,7,0,-0.16280701293851646,-0.9866579328916572,122.8869217421208,144.57867113747392,123.94119246742103
2022-07-12,30.1,79.5,5.925,6.2,21.0425,129.09435656780698,1.295,193,7,1,-0.17976658572556214,-0.9837092937736098,144.26846739423306,121.7558016444915,124.9895574564661
2022-07-13,29.625,81.0,8.25,8.125,20.8425,154.3619667250385,1.34,194,7,2,-0.19667288979357622,-0.9804691603616321,129.09435656780698,155.41160871173966,124.83960860122309
2022-07-14,28.625,84.5,6.525,8.45,15.342500000000001,137.30179162313246,1.264,195,7,3,-0.2135209154397959,-0.9769384927771817,154.3619667250385,89.20388239371457,131.71073849113992
2022-07-15,28.15,83.0,8.825,7.6,14.965,134.17110470811156,1.696,196,7,4,-0.23030567023061196,-0.973118337233262,137.30179162313246,129.05684128901422,132.44134755101098
2022-07-16,29.925,76.75,6.125,0.6499999999999999,20.7925,168.65280080237696,1.466,197,7,5,-0.24702218048093527,-0.9690098257244063,134.17110470811156,105.00482409663346,141.53391565183148
2022-07-17,28.474999999999998,83.5,8.125,12.575,15.6625,130.78991046817282,1.482,198,7,6,-0.2636654927280072,-0.9646141756912435,168.65280080237696,122.8869217421208,142.66291404126747
2022-07-18,30.575,75.75,3.825,0.0,21.9775,161.70538655088694,1.294,199,7,0,-0.2802306751992161,-0.9599326896597445,130.78991046817282,144.26846739423306,145.15390249221804
2022-07-19,31.175,76.5,4.2,0.7,20.6075,166.21776657490014,1.913,200,7,1,-0.2967128192734901,-0.9549667548552553,161.70538655088694,129.09435656780698,150.45724677894563
2022-07-20,29.1,84.5,7.325,21.25,16.9525,157.2521396996438,1.265,201,7,2,-0.3131070409358267,-0.9497178427914317,166.21776657490014,154.3619667250385,150.87012863246065
2022-07-21,26.5,89.25,9.95,32.275,9.595,125.32102328829517,1.398,202,7,3,-0.3294084822245302,-0.9441875088341994,157.2521396996438,137.30179162313246,149.1585902989125
2022-07-22,27.95,85.75,8.75,4.05,18.25,140.16804375958506,1.256,203,7,4,-0.3456123126707333,-0.9383773917408642,125.32102328829517,134.17110470811156,150.0152958776944
2022-07-23,28.450000000000003,83.75,9.9,2.5250000000000004,17.2075,101.75288463011498,1.441,204,7,5,-0.3617137307297674,-0.9322892131745134,140.16804375958506,168.65280080237696,140.4581649959427
2022-07-24,29.25,80.0,9.8,6.55,19.925,124.98161377685862,1.305,205,7,6,-0.37770796520396466,-0.9259247771938499,101.75288463011498,130.78991046817282,139.62840832575495
2022-07-25,29.1,78.5,11.85,6.85,19.205,97.44009631646475,1.275,206,7,0,-0.39359027665646645,-0.9192859697186105,124.98161377685862,161.70538655088694,130.44765257798036
2022-07-26,28.975,77.5,10.15,1.575,19.225,144.32235870389735,1.282,207,7,1,-0.4093559588156211,-0.9123747579707274,97.44009631646475,166.21776657490014,127.31973716783712
2022-07-27,28.625,81.0,9.35,3.45,17.6525,154.51781372679517,1.219,208,7,2,-0.42500033996955394,-0.9051931898913975,144.32235870389735,157.2521396996438,126.92911917171588
2022-07-28,27.8,85.5,10.15,16.05,14.5675,140.38854658879234,1.716,209,7,3,-0.4405187843504952,-0.8977433935342336,154.51781372679517,125.32102328829517,129.08162250035832
2022-07-29,26.625,90.5,7.275,16.775,11.5975,138.81588328586832,1.731,210,7,4,-0.455906693508459,-0.8900275764346766,140.38854658879234,140.16804375958506,128.8884567183988
2022-07-30,26.575,90.0,7.7,15.925,13.2575,136.72004144722783,1.309,211,7,5,-0.47115950767386394,-0.8820480249558535,138.81588328586832,101.75288463011498,133.8837648351292
2022-07-31,26.3,90.75,7.4,27.025,10.870000000000001,147.11376331403355,1.516,212,7,6,-0.4862727071086902,-0.8738071036110807,136.72004144722783,124.98161377685862,137.04550048329705
2022-08-01,26.65,88.75,5.65,15.175,15.497499999999999,169.34294144981274,1.223,213,8,0,-0.5012418134457756,-0.8653072543632061,147.11376331403355,97.44009631646475,147.31733550234676
2022-08-02,28.85,81.75,6.175,0.125,21.45,164.9770199741166,1.224,214,8,1,-0.5160623910158526,-0.8565509959010037,169.34294144981274,144.32235870389735,150.26800139809237
2022-08-03,29.15,82.75,4.7,0.35,20.845,180.71497505794727,1.423,215,8,2,-0.5307300481619331,-0.8475409228928312,164.9770199741166,154.51781372679517,154.0104530168284
2022-08-04,28.175,85.75,8.575,4.675,15.855,141.92072203277715,1.212,216,8,3,-0.5452404385406507,-0.8382797052177745,180.71497505794727,140.38854658879234,154.22933522311192
2022-08-05,27.7,88.5,6.95,5.575,16.1275,135.58789609814679,1.7,217,8,4,-0.5595892624101763,-0.828770087174504,141.92072203277715,138.81588328586832,153.7681941962946
2022-08-06,28.4,86.0,4.775,3.35,19.73,150.45144350400034,1.217,218,8,5,-0.5737722679043243,-0.8190148866680802,135.58789609814679,136.72004144722783,155.72982306154776
2022-08-07,28.0,87.5,6.725,13.450000000000001,17.11,156.87157462720495,1.203,219,8,6,-0.5877852522924734,-0.8090169943749472,150.45144350400034,147.11376331403355,157.12379610628653
2022-08-08,29.35,81.0,4.75,0.025,21.485,135.98473644110118,1.295,220,8,0,-0.6016240632249227,-0.7987793728863648,156.87157462720495,169.34294144981274,152.35833824789918
2022-08-09,30.1,80.0,4.775,0.775,20.0975,146.70705741548605,1.389,221,8,1,-0.6152845999633277,-0.7883050558305253,135.98473644110118,164.9770199741166,149.74834359666625
2022-08-10,30.6,78.25,6.025,0.0,22.072499999999998,148.73125415641044,1.475,222,8,2,-0.6287628145958345,-0.7775971469736268,146.70705741548605,180.71497505794727,145.17924061073242
2022-08-11,27.8,82.0,13.0,4.65,9.675,112.38829271512635,1.433,223,8,3,-0.6420547132365636,-0.7666588193001592,148.73125415641044,141.92072203277715,140.9603221367823
2022-08-12,29.275,72.75,6.95,0.0,21.06,117.3314971261857,1.353,224,8,4,-0.655156357209085,-0.7554933140726804,112.38829271512635,135.58789609814679,138.35226514078786
2022-08-13,29.875,76.75,7.449999999999999,0.0,22.4475,124.52148429066702,1.405,225,8,5,-0.6680638642135333,-0.7441039398713608,117.3314971261857,150.45144350400034,134.6479852531688
2022-08-14,29.05,82.25,6.925,8.799999999999999,20.5675,168.44978481791915,1.228,226,8,6,-0.6807734094770159,-0.7324940716135792,124.52148429066702,156.87157462720495,136.3020152804137
2022-08-15,27.675,83.5,9.2,5.324999999999999,14.125,98.942581298021,1.208,227,8,0,-0.6932812268869771,-0.7206671495538615,168.44978481791915,135.98473644110118,131.01027883140225
2022-08-16,28.85,74.75,9.725,1.4500000000000002,18.2475,124.85302316566327,1.204,228,8,1,-0.7055836101071774,-0.70862667826446,98.942581298021,146.70705741548605,127.8882739385704
2022-08-17,28.6,76.5,15.425,0.075,18.8,104.60372729363786,1.202,229,8,2,-0.7176769136759615,-0.6963762255968726,124.85302316566327,148.73125415641044,121.5843415296029
2022-08-18,29.225,76.75,6.6,0.625,21.002499999999998,127.23930150089517,1.473,230,8,3,-0.7295575540864876,-0.6839194216246105,104.60372729363786,112.38829271512635,123.70591421328416
2022-08-19,29.175,77.75,8.375,1.0,20.072499999999998,104.26449362039202,1.22,231,8,4,-0.7412220108485957,-0.6712599575675315,127.23930150089517,117.3314971261857,121.8391994267422
2022-08-20,28.474999999999998,79.75,5.775,0.925,17.3875,153.55457582347535,1.295,232,8,5,-0.7526668275320083,-0.6584015846980489,104.26449362039202,124.52148429066702,125.98678393142912
2022-08-21,28.9,79.25,6.2749999999999995,1.075,20.56,131.8739240585458,1.453,233,8,6,-0.7638886127905429,-0.64534811322955,153.55457582347535,168.44978481791915,120.76166096580434
2022-08-22,29.65,76.0,4.375,0.0,21.3175,147.29224178652575,1.358,234,8,0,-0.7748840413670406,-0.6321034111873488,131.8739240585458,98.942581298021,127.66875532130503
2022-08-23,30.3,75.25,10.375,0.2,20.9475,51.46646942345933,1.238,235,8,1,-0.7856498550787144,-0.6186714032625032,147.29224178652575,124.85302316566327,117.18496192956161
2022-08-24,28.775,77.5,14.425,7.475,18.8175,119.87955885353644,1.361,236,8,2,-0.7961828637826154,-0.6050560696488494,51.46646942345933,104.60372729363786,119.36722358097568
2022-08-25,28.95,76.5,7.425,0.625,20.3075,121.2057342047761,1.266,237,8,3,-0.8064799463209447,-0.5912614448635782,119.87955885353644,127.23930150089517,118.50528539581582
2022-08-26,29.2,74.75,6.7,0.65,19.9975,147.18095106916124,1.221,238,8,4,-0.8165380514459157,-0.5772916165517278,121.2057342047761,104.26449362039202,124.63620788849714
2022-08-27,29.2,74.25,9.175,1.125,19.54,147.3755849217357,1.234,239,8,5,-0.8263541987239094,-0.5631507242749187,147.18095106916124,153.55457582347535,123.75349490253434
2022-08-28,29.175,73.75,7.875,1.7500000000000002,19.5275,127.08321708806254,1.325,240,8,6,-0.8359254794186365,-0.5488429582847199,147.3755849217357,131.8739240585458,123.0691081924653
2022-08-29,27.9,81.75,6.275,8.675,17.405,151.36360389100426,1.239,241,8,0,-0.8452490573530634,-0.5343725582809785,127.08321708806254,147.29224178652575,123.65073135024795
2022-08-30,29.05,77.75,5.05,1.75,20.4375,134.73474727844905,1.34,242,8,1,-0.8543221697498269,-0.5197438121555157,151.36360389100426,51.46646942345933,135.54619961524648
2022-08-31,30.0,73.75,5.6,0.2,20.3325,143.02532506594872,1.484,243,8,2,-0.8631421280499115,-0.5049610547215202,134.73474727844905,119.87955885353644,138.8527376455911
2022-09-01,30.325,69.75,6.125,0.0,21.0475,158.3825931195271,1.224,244,9,3,-0.8717063187093217,-0.4900286664290594,143.02532506594872,121.2057342047761,144.1637174905555
2022-09-02,29.825,72.25,6.1,0.575,19.07,172.20956185997738,1.346,245,9,4,-0.8800122039735356,-0.4749510720670502,158.3825931195271,147.18095106916124,147.73923331781498
2022-09-03,29.625,71.75,6.675,0.175,19.8775,139.92350721701436,1.484,246,9,5,-0.888057322629493,-0.4597327394521046,172.20956185997738,147.3755849217357,146.67465078856907
2022-09-04,29.4,69.75,7.65,0.1,20.7125,81.24213014505042,1.287,247,9,6,-0.8958392907349089,-0.4443781781046134,139.92350721701436,127.08321708806254,140.12592408242446
2022-09-05,28.950000000000003,70.75,7.55,4.175,19.8775,130.05037844091947,1.318,248,9,0,-0.9033558023246842,-0.4288919379124841,81.24213014505042,151.36360389100426,137.0811775895552
2022-09-06,28.575,75.25,5.5,0.175,19.8,169.59766314078615,1.304,249,9,1,-0.9106046300942162,-0.41327860778290443,130.05037844091947,134.73474727844905,142.06159414131767
2022-09-07,29.2,70.75,4.85,0.0,20.4575,148.09205330953984,1.391,250,9,2,-0.9175836260593934,-0.3975428142825566,169.59766314078615,143.02532506594872,142.78541246183067
2022-09-08,29.825,68.25,3.475,0.05,20.305,152.6854940400998,1.424,251,9,3,-0.9242907221930934,-0.3816892202666586,148.09205330953984,158.3825931195271,141.97154116476963
2022-09-09,29.875,70.25,6.0,0.15000000000000002,19.825,127.4039292464324,1.447,252,9,4,-0.9307239310379793,-0.3657225234972692,152.6854940400998,172.20956185997738,135.57073650569177
2022-09-10,29.625,71.75,7.7250000000000005,0.6000000000000001,19.307499999999997,164.58169932954047,1.387,253,9,5,-0.9368813462954315,-0.34964745525122826,127.4039292464324,139.92350721701436,139.09333537890979
2022-09-11,28.575,74.25,8.125,1.45,18.955,92.85889148018673,1.453,254,9,6,-0.9427611433904206,-0.33346877891818705,164.58169932954047,81.24213014505042,140.7528727125007
2022-09-12,28.85,71.25,6.35,0.42500000000000004,19.747500000000002,120.4620500217917,1.424,255,9,0,-0.9483615800121716,-0.31719128858910595,92.85889148018673,130.05037844091947,139.38311150976816
2022-09-13,29.200000000000003,70.75,5.6,0.45,19.59,148.39172874702854,1.436,256,9,1,-0.9536809966304455,-0.300819807635668,120.4620500217917,169.59766314078615,136.3536923106599
2022-09-14,29.15,72.0,4.725,0.5,17.4725,114.34040539306062,1.347,257,9,2,-0.9587178169872964,-0.2843591872810036,148.39172874702854,148.09205330953984,131.53202832259146
2022-09-15,28.475,74.5,6.625,1.65,18.6175,128.8874555679981,1.363,258,9,3,-0.9634705485641486,-0.26781430516217486,114.34040539306062,152.6854940400998,128.13230854086265
2022-09-16,27.8,75.5,6.4,2.175,18.88,101.88911255126848,1.677,259,9,4,-0.9679377830240642,-0.25119006388481957,128.8874555679981,127.4039292464324,124.48733472726781
2022-09-17,28.775000000000002,72.25,5.7,0.07500000000000001,19.415,171.26620781864128,1.421,260,9,5,-0.9721181966290612,-0.23449138957041052,101.88911255126848,164.58169932954047,125.44226451142507
2022-09-18,29.125,69.5,6.125,0.0,19.535,119.68094036426798,1.537,261,9,6,-0.9760105506323682,-0.21772323039653224,171.26620781864128,92.85889148018673,129.27398578057952
2022-09-19,29.225,67.0,5.25,0.025,19.465,137.87093635366912,1.442,262,9,0,-0.9796136916454901,-0.20089055513063528,119.68094036426798,120.4620500217917,131.7609695422763
2022-09-20,28.325,73.5,5.4,1.375,17.72,134.08852386461177,1.517,263,9,1,-0.9829265519799822,-0.18399835165767986,137.87093635366912,148.39172874702854,129.7176545590739
2022-09-21,27.225,82.75,4.875,9.475,15.26,142.93196073869183,1.592,264,9,2,-0.9859481499638303,-0.1670516255021195,134.08852386461177,114.34040539306062,133.80216246559266
2022-09-22,26.55,85.0,5.85,16.8,10.84,146.873102496649,1.813,265,9,3,-0.9886775902323404,-0.15005539834465262,142.93196073869183,128.8874555679981,136.37154059825707
2022-09-23,25.900000000000002,85.5,6.125,7.675000000000001,9.887500000000001,125.33407493885045,1.58,266,9,4,-0.9911140639934546,-0.13301470653419636,146.873102496649,101.88911255126848,139.7208209393402
2022-09-24,24.475,88.0,10.05,41.8,6.605,114.89580058780574,1.74,267,9,5,-0.9932568492674143,-0.11593459959550066,125.33407493885045,171.26620781864128,131.6679056206494
2022-09-25,25.0,83.75,10.075,17.275,14.192499999999999,128.5326070076914,1.777,268,9,6,-0.9951053111006974,-0.09882013873287211,114.89580058780574,119.68094036426798,132.93242942685276
2022-09-26,25.375,83.75,5.15,1.375,18.325,185.68280681871343,1.785,269,9,0,-0.99665890175417,-0.08167639533042288,128.5326070076914,137.87093635366912,139.7626966361448
2022-09-27,26.075,81.75,5.15,0.05,17.865000000000002,164.10550690124654,2.145,270,9,1,-0.9979171608653922,-0.06450844944931625,185.68280681871343,134.08852386461177,144.05083706994978
2022-09-28,26.45,79.0,4.825,0.0,18.0875,143.29528083786266,1.994,271,9,2,-0.9988797155850335,-0.04732138832243232,164.10550690124654,142.93196073869183,144.1027399412599
2022-09-29,26.65,78.0,5.975,0.0,18.2625,126.93533767515603,1.928,272,9,3,-0.9995462806873573,-0.03012030484690836,143.29528083786266,146.873102496649,141.25448782390373
2022-09-30,27.15,76.0,5.725,0.05,18.03,151.23665800560528,2.141,273,9,4,-0.9999166586547379,-0.012910296075008843,126.93533767515603,125.33407493885045,144.95485683344015
2022-10-01,27.049999999999997,74.5,5.8,0.025,17.95,163.99872376729945,2.114,274,10,5,-0.9999907397361901,0.004303538296243821,151.23665800560528,114.89580058780574,151.9695601447964
2022-10-02,27.05,71.25,6.275,0.0,18.09,154.95898077528543,2.254,275,10,6,-0.9997685019798909,0.021516097436222233,163.99872376729945,128.5326070076914,155.74475639730983
2022-10-03,27.0,66.5,7.525,0.0,18.305,138.76021134839442,2.314,276,10,0,-0.9992500112396835,0.03872228089217399,154.95898077528543,185.68280681871343,149.04152847297857
2022-10-04,26.85,68.25,7.1,0.0,18.0575,154.64891758756832,2.558,277,10,1,-0.9984354211555643,0.05591699010060302,138.76021134839442,164.10550690124654,147.69058714245307
2022-10-05,26.5,69.5,5.4,0.0,18.0175,134.6589816665347,2.48,278,10,2,-0.9973249731081555,0.07309512989807776,154.64891758756832,143.29528083786266,146.45683011797766
2022-10-06,25.8,72.75,7.925,0.025,17.4425,143.66990494314467,2.862,279,10,3,-0.9959189961471792,0.0902516100310407,134.6589816665347,126.93533767515603,148.8474825848332
2022-10-07,25.45,76.25,7.075,0.3,15.855,123.96853705866965,2.763,280,10,4,-0.994217906893952,0.10738134666416306,143.66990494314467,151.23665800560528,144.95203673527095
2022-10-08,24.525,80.25,7.449999999999999,1.525,11.1775,110.72033581244372,3.09,281,10,5,-0.9922222094179324,0.12447926388678869,123.96853705866965,163.99872376729945,137.34083845600586
2022-10-09,24.425,79.75,6.35,0.55,15.465,163.26504510542793,3.101,282,10,6,-0.989932495087353,0.141540295217043,110.72033581244372,154.95898077528543,138.52741907459762
2022-10-10,23.6,81.75,7.175,3.375,12.75,139.3945913116308,3.093,283,10,0,-0.9873494423939864,0.15855938510313475,163.26504510542793,138.76021134839442,138.6180447836314
2022-10-11,22.575,83.75,6.6,8.175,14.565000000000001,119.50176979956322,3.176,284,10,1,-0.9844738167520923,0.17553149042142777,139.3945913116308,154.64891758756832,133.59702367105925
2022-10-12,22.875,77.25,5.7,0.0,16.475,115.84811650777159,3.578,285,10,2,-0.9813064702716093,0.19245158197082995,119.50176979956322,134.6589816665347,130.90975721980737
2022-10-13,23.65,69.75,6.975,0.0,16.595,121.06244080582039,3.384,286,10,3,-0.9778483415056567,0.20931464596304888,115.84811650777159,143.66990494314467,127.6801194859039
2022-10-14,23.925,65.5,7.825000000000001,0.0,16.5325,115.88888894218792,3.815,287,10,4,-0.9741004551724206,0.22611568550828803,121.06244080582039,123.96853705866965,126.52588404069222
2022-10-15,23.9,64.5,6.8,0.0,16.44,150.716091231959,3.653,288,10,5,-0.970063921851507,0.2428497220959358,115.88888894218792,110.72033581244372,132.23956338633727
2022-10-16,24.175,64.5,6.1,0.0,16.2075,143.71869110224708,3.816,289,10,6,-0.965739937654855,0.25951179706979943,150.716091231959,163.26504510542793,129.4472271001686
2022-10-17,24.25,60.5,6.2,0.0,16.0375,144.8033536923329,3.925,290,10,0,-0.9611297838723007,0.27609697309746883,143.71869110224708,139.3945913116308,130.21990744026888
2022-10-18,23.45,62.25,7.0,0.0,15.9525,114.58324395748025,4.086,291,10,1,-0.9562348265919058,0.2926003356333479,144.8033536923329,119.50176979956322,129.51726089139987
2022-10-19,23.125,62.25,7.775,0.0,15.7425,130.72192915995,4.188,292,10,2,-0.9510565162951536,0.30901699437494723,114.58324395748025,115.84811650777159,131.64209127028252
2022-10-20,22.775,61.5,13.075,1.0,14.095,107.73281196614293,4.676,293,10,3,-0.9455963874271428,0.3253420847119795,130.72192915995,121.06244080582039,129.73785857890002
2022-10-21,22.725,64.0,7.199999999999999,0.0,15.3675,147.69130351308343,4.481,294,10,4,-0.9398560579418953,0.341570769167856,107.73281196614293,115.88888894218792,134.28106066045652
2022-10-22,21.975,60.0,6.975,0.0,15.5125,147.7904843346775,4.598,295,10,5,-0.9338372288229252,0.35769823883312546,147.69130351308343,150.716091231959,133.86311681798773
2022-10-23,21.575,62.0,6.65,0.0,15.4575,161.2907141901131,5.323,296,10,6,-0.9275416835791965,0.3737197147904692,147.7904843346775,143.71869110224708,136.37340583054
2022-10-24,21.525,60.25,7.85,0.0,15.477500000000001,130.3339427912658,4.725,297,10,0,-0.9209712877166347,0.38963044953078774,161.2907141901131,144.8033536923329,134.30634713038756
2022-10-25,21.925,59.5,8.1,0.0,15.2475,112.21694225891385,5.022,298,10,1,-0.9141279881853337,0.4054257283599973,130.3339427912658,114.58324395748025,133.96830403059238
2022-10-26,22.55,63.5,5.55,0.0,14.9275,117.24902953025072,5.391,299,10,2,-0.9070138128026362,0.42110087079608916,112.21694225891385,130.72192915995,132.04360408349245
2022-10-27,22.575,63.25,5.9,0.0,14.7975,110.46085905949866,5.071,300,10,3,-0.8996308696522434,0.4366512319560638,117.24902953025072,107.73281196614293,132.433325096829
2022-10-28,22.35,65.75,5.675,0.0,14.6325,137.76381794005252,5.115,301,10,4,-0.8919813464595487,0.45207220393230374,110.46085905949866,147.69130351308343,131.0151128721103
2022-10-29,22.35,65.5,5.625,0.0,14.51,130.19161324928777,5.433,302,10,5,-0.8840675099433637,0.46735921715800205,137.76381794005252,147.7904843346775,128.50098843134035
2022-10-30,22.425,66.25,6.1,0.0,14.235,128.64176675409084,5.005,303,10,6,-0.8758917051442433,0.48250774176121763,130.19161324928777,161.2907141901131,123.83685308333716
2022-10-31,22.375,67.75,6.5,0.0,13.9925,127.07300408630587,5.025,304,10,0,-0.8674563547295971,0.4975132889071803,128.64176675409084,130.3339427912658,123.37100469691431
2022-11-01,22.675,66.75,9.075,1.225,12.975,107.72207154076334,5.302,305,11,1,-0.858763958275803,0.5123714121284235,127.07300408630587,112.21694225891385,122.7288803086071
2022-11-02,22.575,68.75,7.5,0.0,13.5825,119.20952019593442,5.097,306,11,2,-0.8498170915275277,0.5270777086423724,107.72207154076334,117.24902953025072,123.00895040370479
2022-11-03,22.125,67.5,6.800000000000001,0.0,12.5025,119.83590316625649,5.013,307,11,3,-0.8406184056344783,0.5416278206559811,119.20952019593442,110.46085905949866,124.34824241895589
2022-11-04,22.1,73.75,5.525,0.0,13.105,141.06374675817685,5.057,308,11,4,-0.8311706263658079,0.5560174366570446,119.83590316625649,137.76381794005252,124.81966082154509
2022-11-05,22.65,74.75,10.775,0.575,12.6175,130.9652445215584,5.383,309,11,5,-0.8214765533024145,0.5702422926917867,141.06374675817685,130.19161324928777,124.9301795747266
2022-11-06,22.75,73.0,10.65,4.35,11.9825,112.99148212967172,4.913,310,11,6,-0.8115390590073611,0.5842981736283683,130.9652445215584,128.64176675409084,122.69442462838101
2022-11-07,21.575,77.25,7.275,0.0,11.58,127.79996203232157,4.822,311,11,0,-0.801361088174677,0.5981809144059158,112.99148212967172,127.07300408630587,122.7982757635261
2022-11-08,19.925,78.25,6.475,1.1749999999999998,10.7875,143.74065979350254,4.81,312,11,1,-0.7909456567567774,0.6118864012687242,127.79996203232157,107.72207154076334,127.94378837106028
2022-11-09,19.25,76.5,6.7250000000000005,2.875,11.2375,172.89435945129148,4.717,313,11,2,-0.780295851070776,0.6254105729852457,143.74065979350254,119.20952019593442,135.61305112182558
2022-11-10,19.425,68.5,7.35,0.0,12.1325,148.06343651771635,4.7,314,11,3,-0.7694148268839381,0.6387494220515268,172.89435945129148,119.83590316625649,139.64555588631984
2022-11-11,18.65,66.25,8.5,0.0,12.8325,116.86775688781239,4.766,315,11,4,-0.7583058084785625,0.6518989958787125,148.06343651771635,141.06374675817685,136.1889859048392
2022-11-12,18.4,65.75,8.275,0.0,12.77,92.39690758323077,4.726,316,11,5,-0.7469720876965551,0.6648553979642866,116.86775688781239,130.9652445215584,130.67922348507813
2022-11-13,18.95,63.5,6.175000000000001,0.0,11.925,110.26320334177122,4.318,317,11,6,-0.7354170229639858,0.6776147890466887,92.39690758323077,112.99148212967172,130.28946937252093
2022-11-14,18.675,65.0,10.1,4.875,8.6,128.76534299587098,4.133,318,11,0,-0.7236440382959124,0.690173388242972,110.26320334177122,127.79996203232157,130.42738093874226
2022-11-15,18.7,70.5,6.075,0.0,11.35,127.93981959413858,4.086,319,11,1,-0.711656622281775,0.7025274741691566,128.76534299587098,143.74065979350254,128.17011805311884
2022-11-16,17.175,72.5,7.425,0.0,12.145,113.93609838228102,4.135,320,11,2,-0.6994583270516471,0.7146733860429608,127.93981959413858,172.89435945129148,119.74750932897447
2022-11-17,16.775,68.5,9.7,0.0,12.315,137.65596581257708,3.78,321,11,3,-0.6870527672236675,0.7266075247685652,113.93609838228102,148.06343651771635,118.26072779966886
2022-11-18,16.325,66.5,6.95,0.0,12.31,157.82336874436982,3.782,322,11,4,-0.6744436188329457,0.7383263540031063,137.65596581257708,116.86775688781239,124.11152949346277
2022-11-19,16.3,69.0,6.0,0.0,11.9875,163.45613540560012,3.801,323,11,5,-0.661634618242279,0.749826401204568,157.82336874436982,92.39690758323077,134.26284775380125
2022-11-20,16.775,68.0,8.475,0.0,12.1225,139.2289757641383,3.721,324,11,6,-0.6486295610349818,0.7611042586607742,163.45613540560012,110.26320334177122,138.40081524271085
2022-11-21,16.375,66.25,8.275,0.0,12.15,91.42990465842593,3.27,325,11,0,-0.6354323008901775,0.7721565844991641,139.2289757641383,128.76534299587098,133.0671811945044
2022-11-22,16.3,64.0,8.675,0.0,12.205,112.75451775072179,3.36,326,11,1,-0.622046748440868,0.7829801036770624,91.42990465842593,127.93981959413858,130.8978523597306
2022-11-23,16.2,63.0,8.5,0.0,12.185,154.6648735699645,3.186,327,11,2,-0.6084768701151264,0.7935716089521472,112.75451775072179,113.93609838228102,136.71624881511394
2022-11-24,16.200000000000003,64.5,7.575,0.0,12.1225,151.38812544938898,2.884,328,11,3,-0.594726686960764,0.8039279618328208,154.6648735699645,137.65596581257708,138.67798590608706
2022-11-25,16.225,66.0,6.625,0.0,11.88,138.1553786607679,2.929,329,11,4,-0.5808002734538013,0.8140460935082175,151.38812544938898,157.82336874436982,135.86827303700107
2022-11-26,16.225,68.75,7.85,0.0,11.83,101.85794678848197,2.721,330,11,5,-0.5667017562911184,0.8239230057575536,138.1553786607679,163.45613540560012,127.0685318059842
2022-11-27,16.65,68.75,5.8999999999999995,0.0,11.8775,133.24778175557174,2.64,331,11,6,-0.5524353131676203,0.8335557718385695,101.85794678848197,139.2289757641383,126.21407551904612
2022-11-28,16.35,70.0,5.025,0.0,11.635000000000002,133.27873275059207,2.587,332,11,0,-0.5380051715382992,0.8429415373547832,133.24778175557174,91.42990465842593,132.1924795322127
2022-11-29,16.3,73.75,6.375,0.0,11.31,106.50513081505912,2.334,333,11,1,-0.5234156073655503,0.8520775211013093,133.27873275059207,112.75451775072179,131.29970996997517
2022-11-30,15.875,76.75,6.449999999999999,0.0,11.200000000000001,152.11403478833492,2.306,334,11,2,-0.5086709438521042,0.8609610158889945,106.50513081505912,154.6648735699645,130.9353044297424
2022-12-01,16.35,73.75,6.4,0.0,11.2775,170.191936145682,2.309,335,12,3,-0.49377555015997737,0.8695893893466109,152.11403478833492,151.38812544938898,133.6215631006414
2022-12-02,16.575,72.5,4.775,0.0,9.9425,141.5933677809847,2.122,336,12,4,-0.4787338401157883,0.8779600847008883,170.191936145682,138.1553786607679,134.1127044035295
2022-12-03,15.95,72.25,6.05,0.0,11.2375,143.78150976676994,2.142,337,12,5,-0.4635502709028512,0.8860706215341378,141.5933677809847,101.85794678848197,140.10178482899923
2022-12-04,15.425,71.5,7.75,0.0,11.497499999999999,151.81562654340902,2.004,338,12,6,-0.4482293417404106,0.893918596519257,143.78150976676994,133.24778175557174,142.75433408440455
2022-12-05,14.975,71.75,6.6,0.0,11.3275,141.977125969383,1.954,339,12,0,-0.4327755925504317,0.9015016841318838,151.81562654340902,133.27873275059207,143.99696168708897
2022-12-06,14.925,71.75,9.15,0.0,11.345,102.69315947743031,1.797,340,12,1,-0.41719360261231697,0.9088176373395028,141.977125969383,106.50513081505912,143.45239435314198
2022-12-07,14.799999999999999,69.25,9.35,0.0,11.4075,121.0941195856642,1.857,341,12,2,-0.4014879892059737,0.9158642882672868,102.69315947743031,152.11403478833492,139.0209778956176
2022-12-08,14.95,71.75,7.025,0.0,10.72,104.41862981181097,1.672,342,12,3,-0.38566340624360745,0.9226395488404875,121.0941195856642,170.191936145682,129.62479127649314
2022-12-09,15.8,71.0,6.9,0.0,10.9425,135.13161777435363,1.764,343,12,4,-0.3697245428906732,0.9291414114031743,104.41862981181097,141.5933677809847,128.70168413268874
2022-12-10,16.5,67.75,7.425,0.0,10.6175,158.34039082213806,1.672,344,12,5,-0.3536761221763721,0.935367949313148,135.13161777435363,143.78150976676994,130.78152428345558
2022-12-11,16.6,60.25,8.975,0.0,11.155,112.39619971695015,1.541,345,12,6,-0.33752289959411347,0.941317317512847,158.34039082213806,151.81562654340902,125.15017759396149
2022-12-12,15.85,56.5,9.1,0.0,11.315,78.15171761596494,1.823,346,12,0,-0.32126966169236515,0.9469877530760751,112.39619971695015,141.977125969383,116.03226211490177
2022-12-13,16.25,51.5,12.0,0.0,11.23,109.11303769757002,1.556,347,12,1,-0.3049212246562894,0.9523775757303973,78.15171761596494,102.69315947743031,116.94938757492172
2022-12-14,14.025,58.5,9.075,0.0,11.52,109.20462154001875,1.467,348,12,2,-0.2884824328806098,0.9574851883550389,109.11303769757002,121.0941195856642,115.25088785411522
2022-12-15,13.825,63.5,7.7250000000000005,0.0,11.3475,130.20692550238678,1.789,349,12,3,-0.27195815753410524,0.9623090774541487,109.20462154001875,104.41862981181097,118.93493009562606
2022-12-16,13.775,66.75,7.325,0.0,11.3475,135.68000401349133,1.501,350,12,4,-0.2553532951161881,0.9668478136052773,130.20692550238678,135.13161777435363,119.01327098693143
2022-12-17,13.75,73.5,7.199999999999999,0.0,11.2,169.31436699543258,1.378,351,12,5,-0.23867276600594997,0.9711000518829505,135.68000401349133,158.34039082213806,120.58098186883066
2022-12-18,14.3,76.75,4.625,0.0,11.067499999999999,141.28324823669078,1.718,352,12,6,-0.22192151300416674,0.9750645322571945,169.31436699543258,112.39619971695015,124.70770308593646
2022-12-19,13.25,81.75,5.2749999999999995,0.0,10.51,184.4658071220033,1.617,353,12,0,-0.20510449986861926,0.9787400799669153,141.28324823669078,78.15171761596494,139.89543015822764
2022-12-20,12.85,82.25,6.4,0.0,9.7975,140.97313200131825,1.416,354,12,1,-0.1882267098432439,0.9821256058680006,184.4658071220033,109.11303769757002,144.44687220162024
2022-12-21,12.15,84.0,5.575,0.0,10.315000000000001,147.0155039624607,1.293,355,12,2,-0.1712931441814778,0.9852201067560606,140.97313200131825,109.20462154001875,149.8484268333977
2022-12-22,10.975,89.25,5.5,0.0,9.895,183.3570255224597,1.304,356,12,3,-0.154308820664281,0.9880226656636976,147.0155039624607,130.20692550238678,157.44129826483666
2022-12-23,9.925,90.5,4.8,0.0,8.915,143.44621132693553,1.303,357,12,4,-0.13727877211326517,0.9905324521322227,183.3570255224597,135.68000401349133,158.55075645247157
2022-12-24,9.25,88.5,8.075,0.0,9.71,153.82254064580937,1.262,358,12,5,-0.12020804489935275,0.9927487224577402,143.44621132693553,169.31436699543258,156.33763840252536
2022-12-25,10.225,87.25,7.574999999999999,0.05,9.655000000000001,141.41992342842153,1.314,359,12,6,-0.10310169744743544,0.9946708199115211,153.82254064580937,141.28324823669078,156.3571634299155
2022-12-26,10.45,86.5,7.3,0.05,10.8525,127.593433136634,1.294,360,12,0,-0.0859647987374467,0.9962981749346077,141.41992342842153,184.4658071220033,148.23253857486273
2022-12-27,10.65,84.75,9.475000000000001,0.0,10.0825,146.18539974838995,1.247,361,12,1,-0.06880242680232064,0.9976303053065857,127.593433136634,140.97313200131825,148.97714825301586
2022-12-28,11.05,82.0,8.775,0.0,10.9875,155.64361677238742,1.373,362,12,2,-0.05161966722325418,0.9986668162884759,146.18539974838995,147.0155039624607,150.2097357972911
2022-12-29,11.825,80.75,6.55,1.775,4.105,122.56862521644089,1.295,363,12,3,-0.034421611622745804,0.9994074007397048,155.64361677238742,183.3570255224597,141.52567861071697
2022-12-30,13.175,81.5,8.925,0.225,10.13,128.2848707080278,1.452,364,12,4,-0.01721335615583528,0.9998518392091162,122.56862521644089,143.44621132693553,139.35977280801586
2022-12-31,11.8,84.0,9.025,0.0,11.3725,151.7895317942663,1.27,365,12,5,6.432490598706546e-16,1.0,128.2848707080278,153.82254064580937,139.06934297208113
2023-01-01,11.100000000000001,82.75,5.2,0.0,8.725,159.74934741266887,1.477,1,1,6,0.017213356155834685,0.9998518392091162,151.7895317942663,141.41992342842153,141.6878321126879
2023-01-02,9.3,88.0,4.525,0.0,9.942499999999999,159.25023735006576,1.245,2,1,0,0.03442161162274574,0.9994074007397048,159.74934741266887,127.593433136634,146.21023271460672
2023-01-03,8.825,90.5,5.825,0.0,9.6825,144.1331390378234,1.815,3,1,1,0.051619667223253764,0.998666816288476,159.25023735006576,146.18539974838995,145.9170526130972
2023-01-04,9.025,89.0,6.25,0.0,10.6475,163.95789658433713,1.347,4,1,2,0.06880242680231986,0.9976303053065857,144.1331390378234,155.64361677238742,147.10480687194718
2023-01-05,8.125,90.0,4.800000000000001,0.0,9.817499999999999,171.2992263144252,1.248,5,1,3,0.08596479873744647,0.9962981749346078,163.95789658433713,122.56862521644089,154.0663213145164
2023-01-06,7.225,91.75,4.075,0.025,7.925,181.36481312552624,1.219,6,1,4,0.10310169744743485,0.9946708199115211,171.2992263144252,128.2848707080278,161.64917023130187
2023-01-07,8.625,91.25,6.5,0.05,9.7025,148.2005515509543,1.505,7,1,5,0.1202080448993527,0.9927487224577402,181.36481312552624,151.7895317942663,161.13645876797156
2023-01-08,10.025,90.25,7.425,0.0,9.5725,121.0934891495501,1.236,8,1,6,0.13727877211326478,0.9905324521322229,148.2005515509543,159.74934741266887,155.61419330181175
2023-01-09,10.075,91.5,3.9749999999999996,0.0,8.115,144.79481846478046,1.246,9,1,0,0.15430882066428117,0.9880226656636976,121.0934891495501,159.25023735006576,153.5491334610567
2023-01-10,10.225,92.5,6.1000000000000005,0.0,9.635,147.43858422280454,1.543,10,1,1,0.1712931441814776,0.9852201067560606,144.79481846478046,144.1331390378234,154.02133991605402
2023-01-11,11.1,92.25,6.0,4.175000000000001,6.7225,143.33864835102872,1.311,11,1,2,0.1882267098432442,0.9821256058680006,147.43858422280454,163.95789658433713,151.07573302558134
2023-01-12,12.675,84.5,8.625,1.075,11.817499999999999,146.23376394055103,1.24,12,1,3,0.2051044998686192,0.9787400799669153,143.33864835102872,171.2992263144252,147.49495268645646
2023-01-13,12.5,88.5,8.0,4.9,8.0775,136.92392680988988,1.363,13,1,4,0.2219215130041655,0.9750645322571948,146.23376394055103,181.36481312552624,141.14625464136557
2023-01-14,10.075,84.75,8.625,0.0,10.45,132.5577814762504,1.209,14,1,5,0.2386727660059501,0.9711000518829505,136.92392680988988,148.2005515509543,138.91157320212216
2023-01-15,8.25,69.25,9.0,0.0,12.7575,122.73984725634732,1.363,15,1,6,0.255353295116187,0.9668478136052775,132.5577814762504,121.0934891495501,139.1467672173789
2023-01-16,8.025,70.0,7.9,0.0,12.907499999999999,132.7411316107144,1.47,16,1,0,0.2719581575341055,0.9623090774541486,122.73984725634732,144.79481846478046,137.42481195251233
2023-01-17,8.125,68.0,8.2,0.0,13.055,126.33766587792529,1.243,17,1,1,0.288482432880609,0.9574851883550393,132.7411316107144,147.43858422280454,134.410395046101
2023-01-18,9.25,69.75,6.875,0.0,11.09,150.55850844088846,1.201,18,1,2,0.30492122465628907,0.9523775757303974,126.33766587792529,143.33864835102872,135.44180363036668
2023-01-19,12.525,67.25,6.775,1.4,11.8925,148.54270895175492,1.39,19,1,3,0.3212696616923644,0.9469877530760753,150.55850844088846,146.23376394055103,135.7716529176815
2023-01-20,11.5,82.0,6.6,2.2,6.34,139.8022094927423,1.39,20,1,4,0.3375228995941133,0.9413173175128471,148.54270895175492,136.92392680988988,136.182836158089
2023-01-21,11.85,80.25,7.15,1.0,12.785,155.67712456656108,1.295,21,1,5,0.3536761221763716,0.9353679493131483,139.8022094927423,132.5577814762504,139.48559945670482
2023-01-22,11.775,77.25,7.55,0.0,12.7625,162.79178276996612,1.344,22,1,6,0.3697245428906731,0.9291414114031743,155.67712456656108,122.73984725634732,145.20730453007894
2023-01-23,12.975,73.75,8.475,0.0,12.045,140.35275176952598,1.653,23,1,0,0.38566340624360707,0.9226395488404876,162.79178276996612,132.7411316107144,146.2946788384806
2023-01-24,12.675,82.0,7.7749999999999995,7.875,10.04,132.90547162328312,1.684,24,1,1,0.401487989205973,0.9158642882672872,140.35275176952598,126.33766587792529,147.23293680210313
2023-01-25,13.625,85.5,6.6,8.775,10.2425,165.65861726694328,1.32,25,1,2,0.4171936026123168,0.9088176373395029,132.90547162328312,150.55850844088846,149.39009520582525
2023-01-26,11.925,81.75,8.675,0.0,11.595,128.03032355348893,1.295,26,1,3,0.4327755925504312,0.901501684131884,165.65861726694328,148.54270895175492,146.4597544346444
2023-01-27,11.075,67.75,9.6,0.0,14.015,106.35957945720693,1.505,27,1,4,0.4482293417404106,0.893918596519257,128.03032355348893,139.8022094927423,141.68223585813936
2023-01-28,11.675,69.25,7.875,0.0,13.2775,131.1283920267979,1.275,28,1,5,0.4635502709028509,0.886070621534138,106.35957945720693,155.67712456656108,138.1752740667446
2023-01-29,11.725,82.5,10.85,2.15,8.6625,74.24716432190286,1.332,29,1,6,0.47873384011578846,0.8779600847008882,131.1283920267979,162.79178276996612,125.52604285987843
2023-01-30,13.825,83.0,10.5,7.125,9.2725,97.5870608274129,1.281,30,1,0,0.49377555015997715,0.869589389346611,74.24716432190286,140.35275176952598,119.41665843957655
2023-01-31,12.85,84.25,10.425,0.0,13.7,150.11206300921583,1.235,31,1,1,0.5086709438521044,0.8609610158889943,97.5870608274129,132.90547162328312,121.87474292328125
2023-02-01,12.475,77.25,10.125,0.0,14.4225,114.95416450912218,1.333,32,2,2,0.5234156073655503,0.8520775211013093,150.11206300921583,165.65861726694328,114.63124967216393
2023-02-02,13.350000000000001,70.25,10.125,0.0,13.9225,80.51058196735852,1.335,33,2,3,0.5380051715382996,0.8429415373547828,114.95416450912218,128.03032355348893,107.8427151598596
2023-02-03,14.05,72.0,7.85,0.0,13.91,151.61479054418388,1.491,34,2,4,0.5524353131676196,0.8335557718385699,80.51058196735852,106.35957945720693,114.30774531514203
2023-02-04,14.85,72.75,9.25,0.0,14.5925,151.19310566780007,1.315,35,2,5,0.5667017562911176,0.8239230057575542,151.61479054418388,131.1283920267979,117.17413297814232
2023-02-05,15.0,71.0,7.574999999999999,0.0,14.985,110.4438868871917,1.306,36,2,6,0.5808002734538009,0.8140460935082178,151.19310566780007,74.24716432190286,122.34509334461215
2023-02-06,16.15,70.75,9.649999999999999,0.875,13.8825,67.2283694456659,1.471,37,2,0,0.5947266869607634,0.8039279618328213,110.4438868871917,97.5870608274129,118.00813743293402
2023-02-07,15.3,64.0,10.35,0.0,15.16,120.99398477005727,1.213,38,2,1,0.6084768701151261,0.7935716089521474,67.2283694456659,150.11206300921583,113.84841197019708
2023-02-08,15.025,61.75,7.5,0.0,14.26,129.84741435180024,1.482,39,2,2,0.6220467484408675,0.7829801036770629,120.99398477005727,114.95416450912218,115.97601909057964
2023-02-09,16.2,63.0,9.925,0.275,10.15,161.37241145852863,1.299,40,2,3,0.6354323008901774,0.7721565844991642,129.84741435180024,80.51058196735852,127.52770901788968
2023-02-10,18.05,63.75,14.049999999999999,0.525,14.6025,92.82745916142498,1.251,41,2,4,0.6486295610349814,0.7611042586607747,161.37241145852863,151.61479054418388,119.12951882035269
2023-02-11,15.75,65.5,8.125,0.0,15.38,151.07983211058,1.264,42,2,5,0.6616346182422783,0.7498264012045686,92.82745916142498,151.19310566780007,119.11333688360696
2023-02-12,13.525,49.25,11.3,0.0,16.0625,123.62893181484739,1.231,43,2,6,0.6744436188329455,0.7383263540031065,151.07983211058,110.4438868871917,120.99691473041491
2023-02-13,12.9,40.75,12.825,0.0,16.240000000000002,72.54084292889547,1.526,44,2,0,0.6870527672236669,0.7266075247685656,123.62893181484739,67.2283694456659,121.75583951373343
2023-02-14,14.975,53.25,8.775,0.0,15.5825,119.63459316880477,1.238,45,2,1,0.699458327051647,0.7146733860429609,72.54084292889547,120.99398477005727,121.56164071355451
2023-02-15,17.225,59.25,10.475000000000001,0.0,16.1175,80.88291648422799,1.224,46,2,2,0.7116566222817746,0.7025274741691571,119.63459316880477,129.84741435180024,114.56671244675847
2023-02-16,18.175,68.0,6.25,0.0,16.045,131.54777003098638,1.202,47,2,3,0.7236440382959124,0.6901733882429719,80.88291648422799,161.37241145852863,110.306049385681
2023-02-17,18.1,76.75,6.225,0.0,16.2425,132.2900149407053,1.29,48,2,4,0.7354170229639855,0.6776147890466889,131.54777003098638,92.82745916142498,115.94355735414963
2023-02-18,18.475,77.0,5.575,0.0,16.515,189.47635884007798,1.231,49,2,5,0.7469720876965552,0.6648553979642865,132.2900149407053,151.07983211058,121.4287754583636
2023-02-19,19.05,75.75,6.325,0.0,15.815,131.3359790101064,1.23,50,2,6,0.7583058084785624,0.6518989958787126,189.47635884007798,123.62893181484739,122.52978220054347
2023-02-20,21.0,71.0,10.025,0.0,15.0475,108.38574877209427,1.456,51,2,0,0.7694148268839378,0.6387494220515272,131.3359790101064,72.54084292889547,127.65048303528616
2023-02-21,20.225,65.25,8.875,0.0,17.072499999999998,101.43315649558558,1.21,52,2,1,0.7802958510707755,0.6254105729852463,108.38574877209427,119.63459316880477,125.05027779625483
2023-02-22,18.725,65.75,6.825,0.0,15.1475,147.85011824109736,1.343,53,2,2,0.7909456567567772,0.6118864012687243,101.43315649558558,80.88291648422799,134.61702090437902
2023-02-23,18.45,60.25,10.275,0.0,17.8675,96.85866709955539,1.616,54,2,3,0.8013610881746766,0.5981809144059165,147.85011824109736,131.54777003098638,129.66143477131746
2023-02-24,18.675,54.5,7.85,0.0,17.8975,97.54179000500939,1.329,55,2,4,0.8115390590073611,0.5842981736283684,96.85866709955539,132.2900149407053,124.69740263764662
2023-02-25,19.35,61.0,6.25,0.0,17.7675,137.85222806910338,1.219,56,2,5,0.8214765533024142,0.5702422926917871,97.54179000500939,189.47635884007798,117.32252681322169
2023-02-26,19.5,64.75,7.675,0.775,16.055,121.86344931142256,1.97,57,2,6,0.8311706263658079,0.5560174366570446,137.85222806910338,131.3359790101064,115.96930828483828
2023-02-27,20.05,59.0,7.15,0.05,17.685000000000002,142.73676746370722,1.366,58,2,0,0.8406184056344782,0.5416278206559814,121.86344931142256,108.38574877209427,120.87659666935441
2023-02-28,18.025,62.5,11.05,2.25,12.3525,102.76327868962609,1.288,59,2,1,0.8498170915275278,0.5270777086423722,142.73676746370722,101.43315649558558,121.06661412564593
2023-03-01,19.675,66.75,9.45,0.9750000000000001,17.3525,143.93764245330044,1.239,60,3,2,0.8587639582758029,0.5123714121284237,102.76327868962609,147.85011824109736,120.5076890131035
2023-03-02,20.05,65.0,7.925000000000001,0.6499999999999999,17.0775,134.24462906527623,1.221,61,3,3,0.8674563547295969,0.49751328890718066,143.93764245330044,96.85866709955539,125.84854072249219
2023-03-03,20.5,62.75,8.575,0.05,17.645,112.2187579687962,1.528,62,3,4,0.8758917051442429,0.48250774176121847,134.24462906527623,97.54179000500939,127.94525043160459
2023-03-04,20.275,60.75,7.475,0.0,17.07,129.45221439636396,1.318,63,3,5,0.8840675099433636,0.4673592171580022,112.2187579687962,137.85222806910338,126.7452484783561
2023-03-05,20.125,61.5,8.75,0.2,17.4025,120.83286534967654,1.301,64,3,6,0.8919813464595485,0.45207220393230435,129.45221439636396,121.86344931142256,126.59802219810668
2023-03-06,20.25,55.75,8.325,0.0,18.89,97.84774711798812,1.265,65,3,0,0.8996308696522433,0.43665123195606403,120.83286534967654,142.73676746370722,120.18530500586108
2023-03-07,20.625,50.5,7.4,0.0,19.0425,130.27114918236794,1.371,66,3,1,0.9070138128026359,0.4211008707960896,97.84774711798812,102.76327868962609,124.11500079053849
2023-03-08,20.425,55.5,6.425,0.0,18.595,153.9463075676983,1.357,67,3,2,0.9141279881853337,0.40542572835999735,130.27114918236794,143.93764245330044,125.54481009259533
2023-03-09,20.825,58.0,6.6,0.0,19.122500000000002,95.62583167034683,1.289,68,3,3,0.9209712877166346,0.38963044953078796,153.9463075676983,134.24462906527623,120.02783903617683
2023-03-10,21.825,55.0,7.075,0.0,19.6175,139.1711758478899,1.201,69,3,4,0.9275416835791966,0.37371971479046906,95.62583167034683,112.2187579687962,123.87818444747595
2023-03-11,22.175,57.5,6.2,0.0,19.45,124.21292364627938,1.31,70,3,5,0.9338372288229252,0.35769823883312546,139.1711758478899,129.45221439636396,123.129714340321
2023-03-12,22.9,58.25,6.625,0.025,18.927500000000002,135.88547872574787,1.282,71,3,6,0.9398560579418954,0.3415707691678556,124.21292364627938,120.83286534967654,125.28008767975976
2023-03-13,22.6,62.75,6.675000000000001,0.15000000000000002,17.52,141.28332152295343,1.228,72,3,0,0.9455963874271426,0.3253420847119801,135.88547872574787,97.84774711798812,131.48516973761195
2023-03-14,22.924999999999997,59.0,7.4,0.0,19.8,106.24186032680376,1.536,73,3,1,0.9510565162951535,0.30901699437494745,141.28332152295343,130.27114918236794,128.05241418681706
2023-03-15,23.225,54.25,6.45,0.0,19.29,137.46720763674395,1.203,74,3,2,0.9562348265919056,0.29260033563334836,106.24186032680376,153.9463075676983,125.69825705382358
2023-03-16,22.875,56.75,7.525,0.325,18.3475,121.33743894284629,1.359,75,3,3,0.9611297838723007,0.27609697309746883,137.46720763674395,95.62583167034683,129.37134380703782
2023-03-17,20.375,64.25,10.8,1.875,15.1975,92.67645164002639,1.294,76,3,4,0.9657399376548549,0.2595117970697999,121.33743894284629,139.1711758478899,122.72924034877158
2023-03-18,18.65,79.5,8.65,9.65,15.8675,119.07817908551262,1.304,77,3,5,0.9700639218515071,0.2428497220959356,92.67645164002639,124.21292364627938,121.9957054115192
2023-03-19,18.775,81.0,4.825,3.575,18.045,178.66817822114612,1.398,78,3,6,0.9741004551724205,0.22611568550828828,119.07817908551262,135.88547872574787,128.10751962514752
2023-03-20,18.125,84.25,7.2,12.225,14.4025,130.768388435808,1.398,79,3,0,0.9778483415056568,0.20931464596304847,178.66817822114612,141.28332152295343,126.60538632698388
2023-03-21,18.4,78.0,6.5,0.375,19.682499999999997,147.09707531778932,1.345,80,3,1,0.9813064702716093,0.19245158197082998,130.768388435808,106.24186032680376,132.4418456114104
2023-03-22,19.2,74.75,6.075,0.0,19.1,171.55115498915387,1.245,81,3,2,0.9844738167520922,0.1755314904214282,147.09707531778932,137.46720763674395,137.31098094746895
2023-03-23,20.05,70.75,6.875,1.175,19.3175,128.54645476810487,1.248,82,3,3,0.9873494423939864,0.15855938510313475,171.55115498915387,121.33743894284629,138.3408403510773
2023-03-24,18.95,79.25,9.774999999999999,17.525,13.005,164.7927596075217,1.212,83,3,4,0.989932495087353,0.141540295217043,128.54645476810487,92.67645164002639,148.6431700607195
2023-03-25,18.65,80.5,11.6,19.375,16.877499999999998,112.78710946903567,1.354,84,3,5,0.9922222094179323,0.12447926388678915,164.7927596075217,119.07817908551262,147.74444582979422
2023-03-26,18.924999999999997,71.75,6.625,0.35,20.235,141.54850786371657,1.236,85,3,6,0.994217906893952,0.10738134666416309,112.78710946903567,178.66817822114612,142.44163577873286
2023-03-27,19.275,70.0,6.625,0.0,21.3225,149.36937978176928,1.428,86,3,0,0.995918996147179,0.09025161003104117,141.54850786371657,130.768388435808,145.09892025672733
2023-03-28,20.55,63.25,6.35,0.0,20.27,123.05017319219513,1.277,87,3,1,0.9973249731081555,0.07309512989807777,149.36937978176928,147.09707531778932,141.6636485244996
2023-03-29,21.7,62.5,6.35,0.15,19.035,143.30871041363304,1.378,88,3,2,0.9984354211555643,0.055916990100603484,123.05017319219513,171.55115498915387,137.62901358513946
2023-03-30,21.7,67.75,10.925,8.425,18.4,121.78380267367022,1.715,89,3,3,0.9992500112396835,0.03872228089217446,143.30871041363304,128.54645476810487,136.66292042879167
2023-03-31,18.450000000000003,84.25,11.325,12.350000000000001,12.5625,90.13941058126302,1.324,90,3,4,0.9997685019798909,0.021516097436222254,121.78380267367022,164.7927596075217,125.99815628218327
2023-04-01,18.4,83.5,8.325,10.700000000000001,15.717500000000001,144.80185479599453,1.486,91,4,5,0.9999907397361901,0.004303538296244289,90.13941058126302,112.78710946903567,130.57169132889166
2023-04-02,19.5,77.5,6.1,0.0,20.8625,139.72501223354146,1.27,92,4,6,0.9999166586547379,-0.01291029607500882,144.80185479599453,141.54850786371657,130.3111919531524
2023-04-03,20.025,71.75,9.625,2.55,16.002499999999998,139.47689252503775,1.3,93,4,0,0.9995462806873573,-0.030120304846908114,139.72501223354146,149.36937978176928,128.89797948790502
2023-04-04,20.325,69.75,7.800000000000001,2.725,22.08,150.49381049858198,1.366,94,4,1,0.9988797155850336,-0.04732138832243185,139.47689252503775,123.05017319219513,132.81849910310316
2023-04-05,20.825,60.25,8.05,0.0,22.54,135.22278208749748,1.235,95,4,2,0.9979171608653922,-0.06450844944931623,150.49381049858198,143.30871041363304,131.66336648508377
2023-04-06,21.825,56.5,8.925,0.025,22.9,119.38180853864286,1.246,96,4,3,0.9966589017541702,-0.08167639533042241,135.22278208749748,121.78380267367022,131.32022446579415
2023-04-07,21.65,52.25,9.825,0.0,23.79,114.46197718479225,1.435,97,4,4,0.9951053111006976,-0.09882013873287143,119.38180853864286,90.13941058126302,134.7948768377269
2023-04-08,22.75,46.75,8.35,0.0,23.8125,123.87100155865986,1.25,98,4,5,0.9932568492674143,-0.11593459959550041,114.46197718479225,144.80185479599453,131.80475494667908
2023-04-09,23.975,41.25,6.625,0.0,23.77,139.3229106808807,1.249,99,4,6,0.9911140639934547,-0.1330147065341959,123.87100155865986,139.72501223354146,131.74731186772755
2023-04-10,24.775,40.5,8.125,0.0,23.29,95.30739604652157,1.528,100,4,0,0.9886775902323405,-0.1500553983446526,139.3229106808807,139.47689252503775,125.4373837993681
2023-04-11,25.7,40.0,9.350000000000001,0.0,22.6675,96.69928641330166,1.292,101,4,1,0.9859481499638304,-0.16705162550211924,95.30739604652157,150.49381049858198,117.7524517871852
2023-04-12,27.2,35.5,9.35,0.0,23.255,102.24917802143793,1.473,102,4,2,0.9829265519799822,-0.18399835165768005,96.69928641330166,135.22278208749748,113.04193692060527
2023-04-13,27.5,36.0,9.65,0.0,23.7125,103.49560000858249,1.353,103,4,3,0.9796136916454901,-0.20089055513063506,102.24917802143793,119.38180853864286,110.77247855916808
2023-04-14,28.725,33.25,7.8999999999999995,0.0,23.61,79.31421236374554,1.596,104,4,4,0.9760105506323683,-0.21772323039653177,103.49560000858249,114.46197718479225,105.75136929901852
2023-04-15,29.075,33.25,7.6,0.0,22.9375,96.76563288471215,1.388,105,4,5,0.9721181966290613,-0.23449138957040985,79.31421236374554,123.87100155865986,101.87917377416886
2023-04-16,29.175,31.5,9.125,0.0,20.995,119.58807854418069,1.454,106,4,6,0.9679377830240642,-0.25119006388481935,96.76563288471215,139.3229106808807,99.05991204035458
2023-04-17,30.225,33.0,6.225,0.0,22.805,109.13190978790722,1.501,107,4,0,0.9634705485641488,-0.2678143051621742,119.58807854418069,95.30739604652157,101.03484257483822
2023-04-18,29.5,34.25,9.525,0.475,19.439999999999998,79.51280168099515,1.42,108,4,1,0.9587178169872964,-0.2843591872810034,109.13190978790722,96.69928641330166,98.57963047022304
2023-04-19,25.475,56.25,9.275,3.775,16.2975,82.21621301617009,1.443,109,4,2,0.9536809966304457,-0.30081980763566735,79.51280168099515,102.24917802143793,95.71777832661334
2023-04-20,24.875,52.75,9.45,0.925,20.8125,143.4339231082201,1.506,110,4,3,0.9483615800121715,-0.3171912885891061,82.21621301617009,103.49560000858249,101.42325305513297
2023-04-21,24.65,43.5,8.225,0.525,21.3875,112.25153965113867,1.554,111,4,4,0.9427611433904207,-0.3334687789181868,143.4339231082201,79.31421236374554,106.1285855247606
2023-04-22,24.225,37.25,9.7,0.05,21.965,97.7682958357508,1.604,112,4,5,0.9368813462954315,-0.3496474552512284,112.25153965113867,96.76563288471215,106.27182308919467
2023-04-23,24.5,37.5,6.5,0.0,21.6,90.87378683103927,1.587,113,4,6,0.9307239310379795,-0.36572252349726897,97.7682958357508,119.58807854418069,102.16978141588876
2023-04-24,25.7,36.5,6.275,0.0,22.8675,92.2343979623792,1.665,114,4,0,0.9242907221930933,-0.3816892202666588,90.87378683103927,109.13190978790722,99.75585115509902
2023-04-25,26.575,37.25,10.525,0.0,23.28,97.39296524793563,1.842,115,4,1,0.9175836260593937,-0.39754281428255595,92.2343979623792,79.51280168099515,102.31016023609054
2023-04-26,27.3,38.0,8.425,0.15,21.775,101.34704658631954,1.815,116,4,2,0.9106046300942162,-0.4132786077829042,97.39296524793563,82.21621301617009,105.0431364603976
2023-04-27,26.975,38.25,11.7,0.7,17.314999999999998,70.56857084289852,1.879,117,4,3,0.9033558023246845,-0.4288919379124835,101.34704658631954,143.4339231082201,94.63380042249453
2023-04-28,26.5,43.25,6.925,0.5,19.55,91.0443111652351,1.946,118,4,4,0.895839290734909,-0.4443781781046132,70.56857084289852,112.25153965113867,91.60419635307973
2023-04-29,26.55,43.25,6.775,0.95,18.395,93.98438529204208,1.923,119,4,5,0.8880573226294932,-0.45973273945210397,91.0443111652351,97.7682958357508,91.06363770397847
2023-04-30,25.425,52.75,5.475,1.65,19.2375,156.66749820527332,2.067,120,4,6,0.8800122039735357,-0.47495107206704995,93.98438529204208,90.87378683103927,100.46273932886905
2023-05-01,21.675,76.25,12.1,9.725000000000001,12.5425,141.44216521248592,2.238,121,5,0,0.8717063187093218,-0.4900286664290592,156.66749820527332,92.2343979623792,107.4924203645986
2023-05-02,21.75,75.25,10.05,11.200000000000001,16.73,78.19272971491364,2.12,122,5,1,0.8631421280499114,-0.5049610547215204,141.44216521248592,97.39296524793563,104.74952957416687
2023-05-03,22.45,74.25,6.975,7.6499999999999995,20.564999999999998,158.28265468268296,2.149,123,5,2,0.854322169749827,-0.5197438121555155,78.19272971491364,101.34704658631954,112.88318787364736
2023-05-04,24.025,64.75,5.85,0.5,21.285,125.03788861698081,2.325,124,5,3,0.8452490573530633,-0.5343725582809786,158.28265468268296,70.56857084289852,120.66451898423055
2023-05-05,25.475,54.5,7.675,0.325,21.2,96.60665355176344,2.135,125,5,4,0.8359254794186372,-0.548842958284719,125.03788861698081,91.0443111652351,121.45913932516316
2023-05-06,26.725,44.5,8.55,0.075,20.09,114.49167391621745,2.252,126,5,5,0.8263541987239096,-0.5631507242749186,96.60665355176344,93.98438529204208,124.38875198575965
2023-05-07,27.05,41.5,11.725,0.075,23.79,90.36406841696365,2.268,127,5,6,0.8165380514459161,-0.5772916165517272,114.49167391621745,156.66749820527332,114.91683344457256
2023-05-08,26.775,40.75,11.275,0.05,22.9925,47.48036295703175,2.51,128,5,0,0.8064799463209448,-0.5912614448635781,90.36406841696365,141.44216521248592,101.49371883665052
2023-05-09,26.85,35.25,10.175,0.0,24.0025,88.26455266091223,2.327,129,5,1,0.7961828637826158,-0.6050560696488488,47.48036295703175,78.19272971491364,102.9325506860789
2023-05-10,27.025,32.75,10.55,0.0,24.7525,59.79201175162119,2.628,130,5,2,0.7856498550787147,-0.6186714032625031,88.26455266091223,158.28265468268296,88.86245883878438
2023-05-11,29.0,33.75,6.975,0.0,24.612499999999997,121.07529346850161,2.514,131,5,3,0.7748840413670407,-0.6321034111873487,59.79201175162119,125.03788861698081,88.29637381757304
2023-05-12,30.125,31.75,5.925,0.0,24.255,90.41008162465583,2.246,132,5,4,0.7638886127905428,-0.6453481132295501,121.07529346850161,96.60665355176344,87.41114925655768
2023-05-13,31.075,31.75,8.325,0.0,22.8175,84.15874986871458,2.32,133,5,5,0.7526668275320085,-0.6584015846980488,90.41008162465583,114.49167391621745,83.0778743926287
2023-05-14,31.35,27.5,10.475,0.0,22.8125,72.21899762837727,2.725,134,5,6,0.7412220108485958,-0.6712599575675313,84.15874986871458,90.36406841696365,80.48572142283062
2023-05-15,31.325,26.75,8.275,0.0,23.8125,85.07598501229171,2.495,135,5,0,0.7295575540864875,-0.6839194216246106,72.21899762837727,47.48036295703175,85.85652457358206
2023-05-16,31.125,28.25,9.075,0.0,22.78,95.2695634646071,2.283,136,5,1,0.717676913675962,-0.6963762255968722,85.07598501229171,88.26455266091223,86.85724040268133
2023-05-17,32.125,28.5,8.55,0.0,21.33,76.89045531942668,2.32,137,5,2,0.705583610107178,-0.7086266782644596,95.2695634646071,59.79201175162119,89.2998751980821
2023-05-18,28.05,44.25,9.45,0.75,22.244999999999997,92.30527471435664,2.085,138,5,3,0.6932812268869777,-0.7206671495538609,76.89045531942668,121.07529346850161,85.18987251891853
2023-05-19,29.8,39.0,9.95,0.0,23.677500000000002,89.66262782825443,2.139,139,5,4,0.6807734094770161,-0.7324940716135789,92.30527471435664,90.41008162465583,85.08309340514691
2023-05-20,31.5,33.5,8.6,0.0,23.705,82.71701867075367,1.947,140,5,5,0.6680638642135335,-0.7441039398713607,89.66262782825443,84.15874986871458,84.87713180543822
2023-05-21,32.675,31.25,8.575,0.0,22.634999999999998,104.57133286746364,1.891,141,5,6,0.6551563572090853,-0.7554933140726803,82.71701867075367,72.21899762837727,89.49889398245057
2023-05-22,33.6,29.0,8.75,0.0,20.9025,69.96281923895481,2.065,142,5,0,0.6420547132365637,-0.766658819300159,104.57133286746364,85.07598501229171,87.33987030054529
2023-05-23,32.625,35.75,9.175,0.7,19.012500000000003,115.60178789253166,1.955,143,5,1,0.6287628145958344,-0.7775971469736269,69.96281923895481,95.2695634646071,90.24447379024879
2023-05-24,27.925,56.25,13.425,26.8,14.6,37.86456479683345,1.812,144,5,2,0.6152845999633276,-0.7883050558305255,115.60178789253166,76.89045531942668,84.66934657273546
2023-05-25,27.15,61.75,8.7,2.525,20.79,110.85270264641449,1.776,145,5,3,0.6016240632249226,-0.7987793728863649,37.86456479683345,92.30527471435664,87.31897913445802
2023-05-26,26.6,62.75,7.35,2.3249999999999997,18.2275,81.50867453647916,1.705,146,5,4,0.5877852522924732,-0.8090169943749473,110.85270264641449,89.66262782825443,86.15412866420442
2023-05-27,26.675,61.0,8.125,2.1750000000000003,21.835,147.1240084481823,1.595,147,5,5,0.5737722679043246,-0.8190148866680801,81.50867453647916,82.71701867075367,95.35512720383706
2023-05-28,28.25,52.0,6.025,0.0,21.1725,157.07428633240926,1.917,148,5,6,0.5595892624101765,-0.8287700871745038,147.1240084481823,104.57133286746364,102.85554912740074
2023-05-29,27.025,62.0,8.3,4.925,14.95,120.43888678393971,1.582,149,5,0,0.545240438540651,-0.8382797052177744,157.07428633240926,69.96281923895481,110.06641591954143
2023-05-30,27.275,58.5,7.55,0.4,21.4875,137.8745897375702,1.931,150,5,1,0.5307300481619334,-0.8475409228928311,120.43888678393971,115.60178789253166,113.24824475454693
2023-05-31,22.8,83.5,8.325,37.175,11.625,126.16809676886373,1.511,151,5,2,0.5160623910158528,-0.8565509959010036,137.8745897375702,37.86456479683345,125.86303503626554
2023-06-01,23.8,75.75,7.125,6.875,17.822499999999998,182.744493821932,1.57,152,6,3,0.5012418134457758,-0.865307254363206,126.16809676886373,110.85270264641449,136.13329091848234
2023-06-02,24.575,69.0,6.025,1.325,21.72,142.07018585689488,1.36,153,6,4,0.48627270710868997,-0.8738071036110808,182.744493821932,81.50867453647916,144.78493539282744
2023-06-03,26.925,60.25,4.9,0.0,23.46,120.62563403190421,1.403,154,6,5,0.4711595076738638,-0.8820480249558537,142.07018585689488,147.1240084481823,140.99945333335913
2023-06-04,28.724999999999998,56.25,5.625,0.0,21.425,140.5474583230836,1.382,155,6,6,0.4559066935084588,-0.8900275764346767,120.62563403190421,157.07428633240926,138.63847790345545
2023-06-05,29.35,50.0,8.125,0.07500000000000001,21.74,83.39670298096962,1.361,156,6,0,0.440518784350495,-0.8977433935342337,140.5474583230836,120.43888678393971,133.34673736017405
2023-06-06,28.675,50.75,7.3,0.22499999999999998,20.814999999999998,150.05957582466408,1.462,157,6,1,0.42500033996955416,-0.9051931898913974,83.39670298096962,137.8745897375702,135.0874496583303
2023-06-07,28.775,53.75,7.3999999999999995,0.675,20.377499999999998,96.93580980691681,1.608,158,6,2,0.4093559588156213,-0.9123747579707273,150.05957582466408,126.16809676886373,130.91140866376645
2023-06-08,30.175,49.5,7.775,0.0,21.46,108.54723055330763,1.299,159,6,3,0.39359027665646673,-0.9192859697186104,96.93580980691681,182.744493821932,120.31179962539156
2023-06-09,31.65,46.0,7.2,0.05,21.8325,126.5136052717429,1.315,160,6,4,0.3777079652039649,-0.9259247771938498,108.54723055330763,142.07018585689488,118.08943097036983
2023-06-10,32.325,48.5,8.6,0.025,20.1175,106.81534972821088,1.381,161,6,5,0.36171373072976765,-0.9322892131745133,126.5136052717429,120.62563403190421,116.11653321269935
2023-06-11,31.4,55.5,7.5,0.0,21.752499999999998,96.33266897727543,1.297,162,6,6,0.3456123126707335,-0.9383773917408641,106.81534972821088,140.5474583230836,109.80013473472675
2023-06-12,32.425,53.25,8.175,0.05,21.835,114.13591210730611,1.238,163,6,0,0.3294084822245304,-0.9441875088341993,96.33266897727543,83.39670298096962,114.1914503242034
2023-06-13,33.725,48.25,10.375,0.0,21.2375,53.1747838411688,1.358,164,6,1,0.3131070409358269,-0.9497178427914316,114.13591210730611,150.05957582466408,100.35076575513266
2023-06-14,31.55,54.75,9.9,5.0249999999999995,19.7225,113.91253549762345,1.872,165,6,2,0.29671281927349075,-0.9549667548552551,53.1747838411688,96.93580980691681,102.77601228237646
2023-06-15,29.775,63.25,8.675,3.0,19.165,104.36623024686068,1.494,166,6,3,0.28023067519921585,-0.9599326896597447,113.91253549762345,108.54723055330763,102.17872652431261
2023-06-16,30.55,60.5,7.95,0.575,20.622500000000002,120.91574256901536,1.233,167,6,4,0.26366549272800704,-0.9646141756912435,104.36623024686068,126.5136052717429,101.37903185249438
2023-06-17,32.224999999999994,55.75,5.8,0.025,20.7925,135.90665041029106,1.209,168,6,5,0.24702218048093552,-0.9690098257244062,120.91574256901536,106.81534972821088,105.53493194993442
2023-06-18,30.875,65.0,7.35,0.8,14.915,140.85757020120184,1.302,169,6,6,0.23030567023061221,-0.9731183372332619,135.90665041029106,96.33266897727543,111.89563212478105
2023-06-19,32.25,58.0,6.075,0.05,21.805,128.91028710998316,1.335,170,6,0,0.21352091543979612,-0.9769384927771817,140.85757020120184,114.13591210730611,114.00625712516349
2023-06-20,33.25,57.0,5.050000000000001,0.075,21.5425,159.71245884924957,1.231,171,6,1,0.19667288979357647,-0.980469160361632,128.91028710998316,53.1747838411688,129.22592498346074
2023-06-21,33.675,57.75,9.025,0.07500000000000001,19.9025,104.65164078927639,1.302,172,6,2,0.1797665857255624,-0.9837092937736097,159.71245884924957,113.91253549762345,127.90294002512543
2023-06-22,33.825,60.5,9.8,2.1999999999999997,20.4975,101.75843128301928,1.458,173,6,3,0.16280701293851715,-0.986657932891657,104.65164078927639,104.36623024686068,127.53039731600522
2023-06-23,33.875,61.5,11.775,0.6,20.002499999999998,75.15711265295354,1.409,174,6,4,0.1457991969198751,-0.9893142039703663,101.75843128301928,120.91574256901536,120.99345018513927
2023-06-24,33.35,60.5,10.925,2.05,20.71,152.877507455265,1.336,175,6,5,0.12874817745258132,-0.99167731989929,75.15711265295354,135.90665041029106,123.41785833442125
2023-06-25,31.05,70.25,14.925,4.1,18.560000000000002,87.41168279247314,1.426,176,6,6,0.11165900712169512,-0.993746580436178,152.877507455265,140.85757020120184,115.78273156174573
2023-06-26,28.15,81.0,7.45,8.025,15.3725,138.03554361083826,1.362,177,6,0,0.09453674981719912,-0.9955213724144752,87.41168279247314,128.91028710998316,117.08633963329645
2023-06-27,29.25,75.75,7.35,4.1,20.3575,122.04981059385568,1.265,178,6,1,0.07738647923346301,-0.9970011699250151,138.03554361083826,159.71245884924957,111.70596131109733
2023-06-28,29.975,74.5,8.95,0.275,21.052500000000002,164.08540814479906,1.29,179,6,2,0.06021327736579302,-0.9981855344718586,122.04981059385568,104.65164078927639,120.19649950474343
2023-06-29,29.425,77.75,6.0,6.075,19.3075,152.88210296849607,1.395,180,6,3,0.04302223300453059,-0.99907411510223,164.08540814479906,101.75843128301928,127.49988117409725
2023-06-30,30.075,73.75,5.675,2.325,21.435,170.71617380791218,1.258,181,6,4,0.02581844022713308,-0.9996666485105112,152.88210296849607,75.15711265295354,141.15117562480563
2023-07-01,29.8,73.0,6.825,3.475,21.8375,137.95477553726028,1.29,182,7,5,0.008606996888688698,-0.9999629591162655,170.71617380791218,152.877507455265,139.01935677937638
2023-07-02,30.85,70.25,6.25,0.7750000000000001,21.869999999999997,134.9253777451805,1.226,183,7,6,-0.008606996888688009,-0.9999629591162655,137.95477553726028,87.41168279247314,145.807027486906
2023-07-03,32.2,67.5,7.5,0.275,21.369999999999997,118.77132827422062,1.285,184,7,0,-0.02581844022713239,-0.9996666485105112,134.9253777451805,138.03554361083826,143.05499672453206
2023-07-04,31.3,72.0,10.725000000000001,18.025,20.8575,111.27428086017537,1.348,185,7,1,-0.04302223300453034,-0.99907411510223,118.77132827422062,122.04981059385568,141.5156353340063
2023-07-05,28.325,82.25,12.4,21.8,14.83,107.51138301867199,1.5,186,7,2,-0.060213277365792774,-0.9981855344718586,111.27428086017537,164.08540814479906,133.4336317445596
2023-07-06,28.675,80.25,8.175,1.925,19.8125,159.5823009194316,2.058,187,7,3,-0.07738647923346322,-0.9970011699250151,107.51138301867199,152.88210296849607,134.3908028804075
2023-07-07,28.425,80.0,8.95,5.525,17.61,137.55778309310912,1.393,188,7,4,-0.09453674981719933,-0.9955213724144752,159.5823009194316,170.71617380791218,129.65388992114993
2023-07-08,26.5,90.75,11.9,24.85,6.4025,126.82791790987933,1.513,189,7,5,-0.11165900712169444,-0.9937465804361781,137.55778309310912,137.95477553726028,128.06433883152405
2023-07-09,26.825,86.75,10.875,31.875,11.807500000000001,144.5315553590818,1.208,190,7,6,-0.12874817745258066,-0.99167731989929,126.82791790987933,134.9253777451805,129.43664991922427
2023-07-10,26.875,86.5,8.575,15.625,10.3275,119.41919092381903,1.308,191,7,0,-0.14579919691987442,-0.9893142039703664,144.5315553590818,118.77132827422062,129.52920172630976
2023-07-11,28.55,80.25,5.225,0.625,21.384999999999998,175.9439616151024,1.274,192,7,1,-0.16280701293851646,-0.9866579328916572,119.41919092381903,111.27428086017537,138.7677275484422
2023-07-12,29.325,79.5,6.8,2.6500000000000004,21.6875,139.4849758792958,1.296,193,7,2,-0.17976658572556214,-0.9837092937736098,175.9439616151024,107.51138301867199,143.33538367138843
2023-07-13,29.075,80.5,7.95,1.4,20.945,158.4787207194918,1.252,194,7,3,-0.19667288979357622,-0.9804691603616321,139.4849758792958,159.5823009194316,143.17772935711133
2023-07-14,29.425,81.25,6.675,1.675,20.53,128.64155165553865,1.317,195,7,4,-0.2135209154397959,-0.9769384927771817,158.4787207194918,137.55778309310912,141.90398200888697
2023-07-15,29.925,79.25,6.725,2.225,20.9425,166.89033239022777,1.243,196,7,5,-0.23030567023061196,-0.973118337233262,128.64155165553865,126.82791790987933,147.6271840775082
2023-07-16,29.0,84.25,8.15,9.25,16.7475,134.66237655311042,1.22,197,7,6,-0.24702218048093527,-0.9690098257244063,166.89033239022777,144.5315553590818,146.21730139094083
2023-07-17,29.55,82.5,6.65,2.875,20.1625,152.6622428600338,1.253,198,7,0,-0.2636654927280072,-0.9646141756912435,134.66237655311042,119.41919092381903,150.96630881040008
2023-07-18,29.225,83.5,10.775,1.425,17.8225,107.2113860161495,2.554,199,7,1,-0.2802306751992161,-0.9599326896597445,152.6622428600338,175.9439616151024,141.1473694391211
2023-07-19,28.675,84.0,10.675,3.3000000000000003,15.5075,125.7492486206476,1.358,200,7,2,-0.2967128192734901,-0.9549667548552553,107.2113860161495,139.4849758792958,139.18512268788567
2023-07-20,30.5,78.0,5.075,1.75,21.0275,137.66733248120929,1.215,201,7,3,-0.3131070409358267,-0.9497178427914317,125.7492486206476,158.4787207194918,136.21206722527387
2023-07-21,30.725,81.0,5.9,6.075,18.8775,150.95086654071827,1.297,202,7,4,-0.3294084822245302,-0.9441875088341994,137.66733248120929,128.64155165553865,139.39911220887095
2023-07-22,28.575,85.75,11.675,19.099999999999998,10.9175,143.54465560601892,1.651,203,7,5,-0.3456123126707333,-0.9383773917408642,150.95086654071827,166.89033239022777,136.06401552541254
2023-07-23,30.05,76.75,8.7,0.9500000000000001,20.2925,134.5880784354899,1.33,204,7,6,-0.3617137307297674,-0.9322892131745134,143.54465560601892,134.66237655311042,136.05340150860962
2023-07-24,30.025,79.75,7.65,2.575,20.127499999999998,154.70908074349632,1.227,205,7,0,-0.37770796520396466,-0.9259247771938499,134.5880784354899,152.6622428600338,136.34580692053285
2023-07-25,29.925,81.25,6.15,6.175000000000001,17.2425,147.6049988096285,1.259,206,7,1,-0.39359027665646645,-0.9192859697186105,154.70908074349632,107.2113860161495,142.11632303388697
2023-07-26,28.025,85.5,8.45,15.125,14.4525,110.32162359507014,1.222,207,7,2,-0.4093559588156211,-0.9123747579707274,147.6049988096285,125.7492486206476,139.9123766016616
2023-07-27,28.575,84.5,5.325,5.2,17.3575,166.68855017351265,1.273,208,7,3,-0.42500033996955394,-0.9051931898913975,110.32162359507014,137.66733248120929,144.05826484341927
2023-07-28,27.825,86.75,4.45,17.25,14.89,178.2571664302421,1.264,209,7,4,-0.4405187843504952,-0.8977433935342336,166.68855017351265,150.95086654071827,147.95916482763693
2023-07-29,28.1,86.0,5.2,6.25,19.314999999999998,163.35778571406988,1.221,210,7,5,-0.455906693508459,-0.8900275764346766,178.2571664302421,143.54465560601892,150.78961198592992
2023-07-30,28.8,82.5,3.625,0.45,21.33,178.72570923872723,1.292,211,7,6,-0.47115950767386394,-0.8820480249558535,163.35778571406988,134.5880784354899,157.09498781496384
2023-07-31,29.875,79.0,5.6,1.0,21.4425,148.28384579869012,1.567,212,7,0,-0.4862727071086902,-0.8738071036110807,178.72570923872723,154.70908074349632,156.17709710856295
2023-08-01,30.425,78.5,7.275,0.475,21.435000000000002,149.63346956720667,1.304,213,8,1,-0.5012418134457756,-0.8653072543632061,148.28384579869012,147.6049988096285,156.46687864535983
2023-08-02,30.375,79.25,7.0,4.075,21.1475,149.16984778155455,1.243,214,8,2,-0.5160623910158526,-0.8565509959010037,149.63346956720667,110.32162359507014,162.01662495771475
2023-08-03,29.7,81.25,6.775,5.1499999999999995,21.302500000000002,127.54217791160609,1.572,215,8,3,-0.5307300481619331,-0.8475409228928312,149.16984778155455,166.68855017351265,156.42428606315667
2023-08-04,29.95,80.75,5.75,4.0249999999999995,20.0475,145.41660655257988,1.257,216,8,4,-0.5452404385406507,-0.8382797052177745,127.54217791160609,178.2571664302421,151.7327775092049
2023-08-05,29.95,80.75,5.425000000000001,4.675,20.895,145.07435747697033,1.862,217,8,5,-0.5595892624101763,-0.828770087174504,145.41660655257988,163.35778571406988,149.12085918961927
2023-08-06,29.5,81.0,6.575,6.2,20.63,150.16315947319168,1.839,218,8,6,-0.5737722679043243,-0.8190148866680802,145.07435747697033,178.72570923872723,145.0404949373999
2023-08-07,29.8,76.0,7.575,5.475,21.425,125.82252592571744,1.299,219,8,0,-0.5877852522924734,-0.8090169943749472,150.16315947319168,148.28384579869012,141.83173495554666
2023-08-08,30.275,76.0,8.025,0.39999999999999997,21.23,144.94015092024912,1.588,220,8,1,-0.6016240632249227,-0.7987793728863648,125.82252592571744,149.63346956720667,141.16126086312417
2023-08-09,30.2,77.0,7.824999999999999,1.45,20.8825,132.97341555753792,1.25,221,8,2,-0.6152845999633277,-0.7883050558305253,144.94015092024912,149.16984778155455,138.8474848311218
2023-08-10,29.625,80.0,6.05,5.3999999999999995,19.52,144.63330300058612,1.265,222,8,3,-0.6287628145958345,-0.7775971469736268,132.97341555753792,127.54217791160609,141.28907412954752
2023-08-11,29.9,79.25,6.65,4.15,20.314999999999998,143.45635744852945,1.506,223,8,4,-0.6420547132365636,-0.7666588193001592,144.63330300058612,145.41660655257988,141.00903854325458
2023-08-12,30.675,73.75,7.225,0.325,21.58,148.5658290579008,1.646,224,8,5,-0.655156357209085,-0.7554933140726804,143.45635744852945,145.07435747697033,141.50782019767323
2023-08-13,30.325,75.0,8.7,0.6,21.82,123.2214487710347,1.331,225,8,6,-0.6680638642135333,-0.7441039398713608,148.5658290579008,150.16315947319168,137.65900438307938
2023-08-14,29.25,76.0,12.45,9.75,20.3125,78.08357005324939,1.585,226,8,0,-0.6807734094770159,-0.7324940716135792,123.2214487710347,125.82252592571744,130.83915354415535
2023-08-15,29.275,76.25,6.775,5.75,20.215,121.69194820535576,1.253,227,8,1,-0.6932812268869771,-0.7206671495538615,78.08357005324939,144.94015092024912,127.51798172774201
2023-08-16,30.3,74.75,5.800000000000001,0.0,21.35,154.37096424352083,1.471,228,8,2,-0.7055836101071774,-0.70862667826446,121.69194820535576,132.97341555753792,130.57477439716814
2023-08-17,30.575,74.75,6.875,0.925,21.4825,150.09771777985594,1.84,229,8,3,-0.7176769136759615,-0.6963762255968726,154.37096424352083,144.63330300058612,131.35540507992098
2023-08-18,30.95,74.25,5.25,0.3,21.6025,127.72881207406272,1.316,230,8,4,-0.7295575540864876,-0.6839194216246105,150.09771777985594,143.45635744852945,129.10861288356858
2023-08-19,30.375,80.0,6.125,2.3,19.3075,140.56647790753632,1.338,231,8,5,-0.7412220108485957,-0.6712599575675315,127.72881207406272,148.5658290579008,127.96584843351651
2023-08-20,30.65,79.75,5.95,2.85,19.535,119.29303958356837,1.219,232,8,6,-0.7526668275320083,-0.6584015846980489,140.56647790753632,123.2214487710347,127.40464712102133
2023-08-21,31.175,78.0,5.375,1.4749999999999999,20.6325,187.21322784342905,1.244,233,8,0,-0.7638886127905429,-0.64534811322955,119.29303958356837,78.08357005324939,142.99459823390413
2023-08-22,31.85,74.0,8.225,0.275,20.2125,134.10251363177872,1.328,234,8,1,-0.7748840413670406,-0.6321034111873488,187.21322784342905,121.69194820535576,144.76753615196458
2023-08-23,29.925,76.25,13.45,0.625,17.7,104.10389680489965,1.257,235,8,2,-0.7856498550787144,-0.6186714032625032,134.10251363177872,154.37096424352083,137.58652651787582
2023-08-24,29.35,75.5,8.0,0.5,20.185,109.99188260050806,1.238,236,8,3,-0.7961828637826154,-0.6050560696488494,104.10389680489965,150.09771777985594,131.8571214922547
2023-08-25,29.225,75.0,7.25,2.8,21.0,127.91127594289328,1.257,237,8,4,-0.8064799463209447,-0.5912614448635782,109.99188260050806,127.72881207406272,131.88318775923048
2023-08-26,28.075,78.75,6.675,5.85,18.805,145.28319355425526,1.215,238,8,5,-0.8165380514459157,-0.5772916165517278,127.91127594289328,140.56647790753632,132.55700428019034
2023-08-27,29.325,72.75,6.225,0.025,20.3625,141.18174114129275,1.363,239,8,6,-0.8263541987239094,-0.5631507242749187,145.28319355425526,119.29303958356837,135.68396164557953
2023-08-28,28.25,75.25,7.375,5.05,20.475,119.39656834404403,1.763,240,8,0,-0.8359254794186365,-0.5488429582847199,141.18174114129275,187.21322784342905,125.99586743138168
2023-08-29,29.25,72.25,6.375,0.47500000000000003,21.6225,111.58728504078914,1.733,241,8,1,-0.8452490573530634,-0.5343725582809785,119.39656834404403,134.10251363177872,122.77940620409746
2023-08-30,29.65,68.75,6.325,0.0,21.7675,135.66447368616102,1.402,242,8,2,-0.8543221697498269,-0.5197438121555157,111.58728504078914,104.10389680489965,127.28806004427766
2023-08-31,30.3,67.5,5.975,0.0,20.955,146.26578416611264,1.314,243,8,3,-0.8631421280499115,-0.5049610547215202,135.66447368616102,109.99188260050806,132.47004598222114
2023-09-01,31.125,64.25,7.05,0.0,21.4225,110.6963180644509,1.499,244,9,4,-0.8717063187093217,-0.4900286664290594,146.26578416611264,127.91127594289328,130.01076628530083
2023-09-02,30.75,62.5,8.175,0.0,21.715,128.98801823310595,1.445,245,9,5,-0.8800122039735356,-0.4749510720670502,110.6963180644509,145.28319355425526,127.6828840965652
2023-09-03,30.25,61.0,7.625,0.0,21.875,88.30053007234206,1.371,246,9,6,-0.888057322629493,-0.4597327394521046,128.98801823310595,141.18174114129275,120.1284253724294
2023-09-04,30.275,62.75,6.55,0.0,21.89,101.90892949953293,1.387,247,9,0,-0.8958392907349089,-0.4443781781046134,88.30053007234206,119.39656834404403,117.63019125178494
2023-09-05,29.9,68.25,6.575,0.0,21.515,143.32495908407958,1.507,248,9,1,-0.9033558023246842,-0.4288919379124841,101.90892949953293,111.58728504078914,122.16414468654072
2023-09-06,30.3,66.75,4.875,0.0,21.65,127.29758831112053,1.242,249,9,2,-0.9106046300942162,-0.41327860778290443,143.32495908407958,135.66447368616102,120.96887534724922
2023-09-07,30.675,64.25,5.1,0.0,21.45,130.11679019200855,1.337,250,9,3,-0.9175836260593934,-0.3975428142825566,127.29758831112053,146.26578416611264,118.6618762080915
2023-09-08,30.475,66.25,5.775,0.025,20.68,146.92053186466947,1.271,251,9,4,-0.9242907221930934,-0.3816892202666586,130.11679019200855,110.6963180644509,123.83676389383702
2023-09-09,29.65,71.75,6.9,2.075,20.065,120.34201831379963,1.435,252,9,5,-0.9307239310379793,-0.3657225234972692,146.92053186466947,128.98801823310595,122.60162104822182
2023-09-10,28.725,75.25,7.300000000000001,2.725,19.2375,171.14131352449465,1.273,253,9,6,-0.9368813462954315,-0.34964745525122826,120.34201831379963,88.30053007234206,134.4360186842436
2023-09-11,29.224999999999998,73.0,5.875,1.15,20.21,148.01664271002699,1.724,254,9,0,-0.9427611433904206,-0.33346877891818705,171.14131352449465,101.90892949953293,141.02283485717135
2023-09-12,30.125,73.5,5.324999999999999,0.07500000000000001,19.6825,155.38029221749164,1.595,255,9,1,-0.9483615800121716,-0.31719128858910595,148.01664271002699,143.32495908407958,142.74502530480163
2023-09-13,29.975,77.25,6.725,1.7,17.8575,122.19007481960588,1.58,256,9,2,-0.9536809966304455,-0.300819807635668,155.38029221749164,127.29758831112053,142.01538052029954
2023-09-14,30.425,75.75,6.975,2.375,18.630000000000003,140.43359227159695,1.341,257,9,3,-0.9587178169872964,-0.2843591872810036,122.19007481960588,130.11679019200855,143.48920938881216
2023-09-15,28.55,82.0,8.3,15.549999999999999,14.7925,105.94324354283916,1.436,258,9,4,-0.9634705485641486,-0.26781430516217486,140.43359227159695,146.92053186466947,137.63531105712212
2023-09-16,28.9,79.25,5.75,0.45,18.5275,144.903034699458,1.577,259,9,5,-0.9679377830240642,-0.25119006388481957,105.94324354283916,120.34201831379963,141.14402768364477
2023-09-17,27.25,85.25,8.775,8.775,13.120000000000001,156.20756788705194,1.458,260,9,6,-0.9721181966290612,-0.23449138957041052,144.903034699458,171.14131352449465,139.01063544972436
2023-09-18,27.1,82.5,11.275,14.9,16.235,82.93600492797535,1.419,261,9,0,-0.9760105506323682,-0.21772323039653224,156.20756788705194,148.01664271002699,129.71340148085986
2023-09-19,27.45,82.5,6.800000000000001,9.925,16.9775,150.3318044441957,1.666,262,9,1,-0.9796136916454901,-0.20089055513063528,82.93600492797535,155.38029221749164,128.99218894181757
2023-09-20,28.325,80.5,5.3,2.15,18.5425,113.06003691842707,1.701,263,9,2,-0.9829265519799822,-0.18399835165767986,150.3318044441957,122.19007481960588,127.68789781307774
2023-09-21,28.975,77.0,5.375,0.2,18.8025,121.80216482908682,1.592,264,9,3,-0.9859481499638303,-0.1670516255021195,113.06003691842707,140.43359227159695,125.02626532129058
2023-09-22,28.625,78.0,5.35,0.6499999999999999,17.965,152.86310273021166,1.621,265,9,4,-0.9886775902323404,-0.15005539834465262,121.80216482908682,105.94324354283916,131.7291023480581
2023-09-23,27.975,79.75,5.800000000000001,5.0,16.3025,130.72513654141903,1.867,266,9,5,-0.9911140639934546,-0.13301470653419636,152.86310273021166,144.903034699458,129.7036883254811
2023-09-24,27.3,81.25,5.6,1.425,16.865000000000002,118.08794327897053,1.979,267,9,6,-0.9932568492674143,-0.11593459959550066,130.72513654141903,156.20756788705194,124.25802766718373
2023-09-25,26.5,80.75,6.15,2.025,17.2675,166.6093424193319,1.679,268,9,0,-0.9951053111006974,-0.09882013873287211,118.08794327897053,82.93600492797535,136.21136159452038
2023-09-26,26.925,74.5,6.075,0.0,18.96,155.89939019982316,2.362,269,9,1,-0.99665890175417,-0.08167639533042288,166.6093424193319,150.3318044441957,137.00673098818146
2023-09-27,26.8,69.75,8.275,0.0,19.4525,103.83398330686197,2.038,270,9,2,-0.9979171608653922,-0.06450844944931625,155.89939019982316,113.06003691842707,135.68872332938642
2023-09-28,26.725,67.25,6.15,0.0,19.29,138.88050896196398,1.846,271,9,3,-0.9988797155850335,-0.04732138832243232,103.83398330686197,121.80216482908682,138.12848677694032
2023-09-29,26.825,66.0,5.75,0.0,19.245,160.4979432951441,1.943,272,9,4,-0.9995462806873573,-0.03012030484690836,138.88050896196398,152.86310273021166,139.2191782862164
2023-09-30,26.775,64.25,8.4,0.0,18.9075,101.03469029116941,2.154,273,9,5,-0.9999166586547379,-0.012910296075008843,160.4979432951441,130.72513654141903,134.97768596475217
2023-10-01,25.674999999999997,61.5,6.925,0.0,19.0825,127.97489624640266,2.43,274,10,6,-0.9999907397361901,0.004303538296243821,101.03469029116941,118.08794327897053,136.39010781724247
2023-10-02,25.55,51.5,7.75,0.0,19.009999999999998,96.98507021762248,2.163,275,10,0,-0.9997685019798909,0.021516097436222233,127.97489624640266,166.6093424193319,126.44378321699824
2023-10-03,25.725,56.25,8.9,0.0,18.7775,116.13206816475817,2.264,276,10,1,-0.9992500112396835,0.03872228089217399,96.98507021762248,155.89939019982316,120.76273721198898
2023-10-04,25.875,61.0,7.75,0.0,18.5225,88.2423289013474,2.409,277,10,2,-0.9984354211555643,0.05591699010060302,116.13206816475817,103.83398330686197,118.53535801120118
2023-10-05,26.075,60.0,6.375,0.0,18.5,129.9796391390342,2.574,278,10,3,-0.9973249731081555,0.07309512989807776,88.2423289013474,138.88050896196398,117.26380517935407
2023-10-06,25.95,63.5,6.45,0.0,18.2025,136.5632495275479,2.55,279,10,4,-0.9959189961471792,0.0902516100310407,129.9796391390342,160.4979432951441,113.8445632125546
2023-10-07,26.925,66.25,6.45,0.0,17.4475,129.42382861890417,2.735,280,10,5,-0.994217906893952,0.10738134666416306,136.5632495275479,101.03469029116941,117.900154402231
2023-10-08,27.95,69.0,5.75,0.0,17.1575,155.45020669464037,2.777,281,10,6,-0.9922222094179324,0.12447926388678869,129.42382861890417,127.97489624640266,121.82519875197924
2023-10-09,27.85,65.0,6.875,0.15,16.825,122.0876247909433,2.922,282,10,0,-0.989932495087353,0.141540295217043,155.45020669464037,96.98507021762248,125.41127797673936
2023-10-10,26.275,61.0,8.7,0.0,17.122500000000002,118.77491036679507,3.352,283,10,1,-0.9873494423939864,0.15855938510313475,122.0876247909433,116.13206816475817,125.78882686274461
2023-10-11,24.7,62.75,7.7250000000000005,0.0,17.3275,103.532635026799,3.87,284,10,2,-0.9844738167520923,0.17553149042142777,118.77491036679507,88.2423289013474,127.9731563092377
2023-10-12,25.0,60.75,5.925,0.0,16.985,151.12136119974917,3.332,285,10,3,-0.9813064702716093,0.19245158197082995,103.532635026799,129.9796391390342,130.9934023179113
2023-10-13,25.475,65.0,6.1,0.0,16.535,131.34103467234067,3.411,286,10,4,-0.9778483415056567,0.20931464596304888,151.12136119974917,136.5632495275479,130.24737162431026
2023-10-14,25.15,69.5,7.625,2.3249999999999997,14.615,102.51752232236856,4.163,287,10,5,-0.9741004551724206,0.22611568550828803,131.34103467234067,129.42382861890417,126.40361358194802
2023-10-15,24.4,65.0,7.325,1.175,15.65,120.6291225141331,3.696,288,10,6,-0.970063921851507,0.2428497220959358,102.51752232236856,155.45020669464037,121.42917298473269
2023-10-16,21.325,77.0,10.275,12.0,9.342500000000001,67.98586710047252,3.805,289,10,0,-0.965739937654855,0.25951179706979943,120.6291225141331,122.0876247909433,113.7003504575226
2023-10-17,20.225,74.0,8.075,2.85,12.2325,143.19584997452753,3.937,290,10,1,-0.9611297838723007,0.27609697309746883,67.98586710047252,118.77491036679507,117.18905611577009
2023-10-18,20.125,70.25,8.55,0.0,15.92,136.2003174352016,4.4,291,10,2,-0.9562348265919058,0.2926003356333479,143.19584997452753,103.532635026799,121.85586788839903
2023-10-19,20.5,70.0,6.949999999999999,0.0,15.7575,134.3788524453127,4.292,292,10,3,-0.9510565162951536,0.30901699437494723,136.2003174352016,151.12136119974917,119.46408092347953
2023-10-20,21.325,69.75,6.375,0.0,15.685,145.9986642281985,4.447,293,10,4,-0.9455963874271428,0.3253420847119795,134.3788524453127,131.34103467234067,121.5580280028878
2023-10-21,22.0,70.25,6.05,0.075,14.2825,110.9855847595307,4.421,294,10,5,-0.9398560579418953,0.341570769167856,145.9986642281985,102.51752232236856,122.76775120819666
2023-10-22,21.7,72.5,5.85,0.025,11.32,152.18395538762462,4.474,295,10,6,-0.9338372288229252,0.35769823883312546,110.9855847595307,120.6291225141331,127.27558447583831
2023-10-23,22.1,70.25,6.8,0.0,14.955,168.05974024650567,4.711,296,10,0,-0.9275416835791965,0.3737197147904692,152.18395538762462,67.98586710047252,141.57185206812875
2023-10-24,22.2,67.75,6.45,0.025,14.715,130.83483821860327,4.723,297,10,1,-0.9209712877166347,0.38963044953078774,168.05974024650567,143.19584997452753,139.80599324585387
2023-10-25,22.075000000000003,67.75,7.175,0.0,14.9575,93.28275712518364,4.793,298,10,2,-0.9141279881853337,0.4054257283599973,130.83483821860327,136.2003174352016,133.67491320156557
2023-10-26,22.1,66.75,7.4,0.0,15.015,124.78561192517601,4.822,299,10,3,-0.9070138128026362,0.42110087079608916,93.28275712518364,134.3788524453127,132.30445027011748
2023-10-27,22.3,65.0,6.325,0.0,14.7775,145.22908322187993,4.966,300,10,4,-0.8996308696522434,0.4366512319560638,124.78561192517601,145.9986642281985,132.19451012635767
2023-10-28,22.6,67.5,5.875,0.0,13.88,150.04920832390206,5.276,301,10,5,-0.8919813464595487,0.45207220393230374,145.22908322187993,110.9855847595307,137.77502777841076
2023-10-29,23.075,69.0,5.1,0.0,14.162500000000001,114.15230791001157,5.108,302,10,6,-0.8840675099433637,0.46735921715800205,150.04920832390206,152.18395538762462,132.34193528160887
2023-10-30,23.075,70.25,5.475,0.025,13.7075,139.86345858629153,5.189,303,10,0,-0.8758917051442433,0.48250774176121763,114.15230791001157,168.05974024650567,128.31389504443544
2023-10-31,23.275,70.5,4.9,0.0,13.8575,136.20530500600367,5.027,304,10,1,-0.8674563547295971,0.4975132889071803,139.86345858629153,130.83483821860327,129.08110458549262
2023-11-01,22.8,70.0,5.85,0.0,13.7625,141.9148321928209,5.096,305,11,2,-0.858763958275803,0.5123714121284235,136.20530500600367,93.28275712518364,136.0285438808694
2023-11-02,22.225,71.5,6.75,0.35,13.1575,109.59484991527349,5.085,306,11,3,-0.8498170915275277,0.5270777086423724,141.9148321928209,124.78561192517601,133.85843502231188
2023-11-03,21.4,70.75,7.3500000000000005,1.0,11.865,153.91766251625242,5.03,307,11,4,-0.8406184056344783,0.5416278206559811,109.59484991527349,145.22908322187993,135.09966063579367
2023-11-04,21.425,65.0,6.675,0.0,13.557500000000001,92.35103900038358,4.964,308,11,5,-0.8311706263658079,0.5560174366570446,153.91766251625242,150.04920832390206,126.85706501814816
2023-11-05,21.575,65.25,6.275,0.0,13.66,149.95614768675262,4.974,309,11,6,-0.8214765533024145,0.5702422926917867,92.35103900038358,114.15230791001157,131.9718992719683
2023-11-06,21.1,64.5,5.925,0.0,13.0975,155.33666904219774,4.866,310,11,0,-0.8115390590073611,0.5842981736283683,149.95614768675262,139.86345858629153,134.18235790852637
2023-11-07,21.525,67.75,6.6,0.1,12.8025,138.42725479105067,4.886,311,11,1,-0.801361088174677,0.5981809144059158,155.33666904219774,136.20530500600367,134.4997793063902
2023-11-08,21.375,70.25,7.2250000000000005,0.025,12.350000000000001,118.31702754717898,4.85,312,11,2,-0.7909456567567774,0.6118864012687242,138.42725479105067,141.9148321928209,131.12866435701278
2023-11-09,21.0,69.25,5.825,0.3,12.64,137.2149170537811,4.738,313,11,3,-0.780295851070776,0.6254105729852457,118.31702754717898,109.59484991527349,135.07438823394244
2023-11-10,18.125,81.0,8.85,7.5,8.7775,155.7649039495903,4.659,314,11,4,-0.7694148268839381,0.6387494220515268,137.2149170537811,153.91766251625242,135.3382798672764
2023-11-11,17.75,79.75,7.375,0.0,12.2575,119.68944435599741,4.475,315,11,5,-0.7583058084785625,0.6518989958787125,155.7649039495903,92.35103900038358,139.24376634664983
2023-11-12,17.975,75.0,8.225,0.0,12.7075,134.96472087562984,4.418,316,11,6,-0.7469720876965551,0.6648553979642866,119.68944435599741,149.95614768675262,137.10213394506084
2023-11-13,17.975,75.75,6.2,0.0,12.6425,134.9057794275409,4.96,317,11,0,-0.7354170229639858,0.6776147890466887,134.96472087562984,155.33666904219774,134.18343542868132
2023-11-14,18.15,76.0,6.675,0.0,12.3925,151.0429876875643,4.179,318,11,1,-0.7236440382959124,0.690173388242972,134.9057794275409,138.42725479105067,135.98568298532612
2023-11-15,18.225,76.25,7.1,0.0,12.45,144.55369419678667,4.075,319,11,2,-0.711656622281775,0.7025274741691566,151.0429876875643,118.31702754717898,139.73377822098436
2023-11-16,18.525,75.75,5.675,0.0,11.4575,151.83517496824817,3.923,320,11,3,-0.6994583270516471,0.7146733860429608,144.55369419678667,137.2149170537811,141.82238649447964
2023-11-17,19.1,73.25,6.725,0.0,12.105,114.48759091784713,3.954,321,11,4,-0.6870527672236675,0.7266075247685652,151.83517496824817,155.7649039495903,135.92562748994493
2023-11-18,18.525,71.0,6.225,0.0,11.925,122.99534373062909,3.654,322,11,5,-0.6744436188329457,0.7383263540031063,114.48759091784713,119.68944435599741,136.39789882917802
2023-11-19,18.7,70.75,6.475,0.0,11.522499999999999,192.37658904010337,3.648,323,11,6,-0.661634618242279,0.749826401204568,122.99534373062909,134.96472087562984,144.59959428124566
2023-11-20,18.525,69.25,5.95,0.0,11.615,119.73858650060092,3.43,324,11,0,-0.6486295610349818,0.7611042586607742,192.37658904010337,134.9057794275409,142.43285243453997
2023-11-21,17.875,67.25,8.575,0.0,11.92,129.10525254519888,3.467,325,11,1,-0.6354323008901775,0.7721565844991641,119.73858650060092,151.0429876875643,139.29889027134487
2023-11-22,17.45,68.25,8.200000000000001,0.0,12.0375,144.4929453028521,3.26,326,11,2,-0.622046748440868,0.7829801036770624,129.10525254519888,144.55369419678667,139.29021185792567
2023-11-23,17.15,70.25,6.05,0.0,11.9225,168.33458162813315,3.116,327,11,3,-0.6084768701151264,0.7935716089521472,144.4929453028521,151.83517496824817,141.64726995219496
2023-11-24,17.2,73.75,6.4,0.0,11.7575,109.65826565432766,2.987,328,11,4,-0.594726686960764,0.8039279618328208,168.33458162813315,114.48759091784713,140.95736634312075
2023-11-25,16.674999999999997,76.75,5.85,0.0,10.8375,120.4216261998373,2.801,329,11,5,-0.5808002734538013,0.8140460935082175,109.65826565432766,122.99534373062909,140.5896924101505
2023-11-26,17.8,75.25,6.35,0.0,9.11,121.18826117811074,3.056,330,11,6,-0.5667017562911184,0.8239230057575536,120.4216261998373,192.37658904010337,130.41993128700867
2023-11-27,16.875,78.25,7.375,0.7749999999999999,4.945,161.5011836466853,2.912,331,11,0,-0.5524353131676203,0.8335557718385695,121.18826117811074,119.73858650060092,136.38601659359216
2023-11-28,17.55,79.0,6.525,0.42500000000000004,10.5475,133.8679356107461,3.052,332,11,1,-0.5380051715382992,0.8429415373547832,161.5011836466853,129.10525254519888,137.06639988867033
2023-11-29,18.05,77.0,4.9,0.0,10.955,142.77478938091423,2.334,333,11,2,-0.5234156073655503,0.8520775211013093,133.8679356107461,144.4929453028521,136.8209490426792
2023-11-30,16.674999999999997,84.75,7.9,11.15,9.4725,178.56750646267096,3.261,334,11,3,-0.5086709438521042,0.8609610158889945,142.77478938091423,168.33458162813315,138.28279544761318
2023-12-01,16.275,82.0,6.8,0.0,10.635,148.01004624692388,2.574,335,12,4,-0.49377555015997737,0.8695893893466109,178.56750646267096,109.65826565432766,143.7616212465555
2023-12-02,16.1,79.75,6.15,0.0,11.1125,156.87537248366485,2.304,336,12,5,-0.4787338401157883,0.8779600847008883,148.01004624692388,120.4216261998373,148.96929928710227
2023-12-03,16.1,80.0,5.300000000000001,0.0,10.9775,153.2580172991505,2.048,337,12,6,-0.4635502709028512,0.8860706215341378,156.87537248366485,121.18826117811074,153.5506930186794
2023-12-04,15.575,81.0,5.25,0.0,10.165,138.61627117437246,2.054,338,12,0,-0.4482293417404106,0.893918596519257,153.2580172991505,161.5011836466853,150.281419808349
2023-12-05,15.399999999999999,80.5,6.5,0.0,10.6675,130.94224105730368,2.051,339,12,1,-0.4327755925504317,0.9015016841318838,138.61627117437246,133.8679356107461,149.86346344357148
2023-12-06,15.625,81.0,7.550000000000001,0.0,11.055,118.856282304882,1.944,340,12,2,-0.41719360261231697,0.9088176373395028,130.94224105730368,142.77478938091423,146.4465338612812
2023-12-07,15.174999999999999,80.75,6.825,0.0,10.8375,141.37906122421074,1.842,341,12,3,-0.4014879892059737,0.9158642882672868,118.856282304882,178.56750646267096,141.13389882721546
2023-12-08,14.775,78.25,5.625,0.0,10.629999999999999,166.8510068377334,1.888,342,12,4,-0.38566340624360745,0.9226395488404875,141.37906122421074,148.01004624692388,143.8254646259025
2023-12-09,14.35,76.75,7.625,0.0,10.9125,130.5338104185004,1.952,343,12,5,-0.3697245428906732,0.9291414114031743,166.8510068377334,156.87537248366485,140.06238433087904
2023-12-10,14.175,75.25,8.625,0.0,11.365,94.94643040016936,1.57,344,12,6,-0.3536761221763721,0.935367949313148,130.5338104185004,153.2580172991505,131.73215763102456
2023-12-11,13.775,75.0,5.199999999999999,0.0,11.09,183.08672263804107,1.579,345,12,0,-0.33752289959411347,0.941317317512847,94.94643040016936,138.61627117437246,138.08507926869152
2023-12-12,13.65,74.5,6.4,0.0,11.04,116.37964404521634,1.484,346,12,1,-0.32126966169236515,0.9469877530760751,183.08672263804107,130.94224105730368,136.00470826696477
2023-12-13,13.55,74.5,6.675,0.0,11.0525,132.46510918513815,1.476,347,12,2,-0.3049212246562894,0.9523775757303973,116.37964404521634,118.856282304882,137.94882639271563
2023-12-14,13.525,76.25,8.075,0.0,10.815,169.0361049915384,1.435,348,12,3,-0.2884824328806098,0.9574851883550389,132.46510918513815,141.37906122421074,141.89983264519103
2023-12-15,13.125,75.75,6.1,0.0,10.015,137.5581514869864,1.514,349,12,4,-0.27195815753410524,0.9623090774541487,169.0361049915384,166.8510068377334,137.71513902365572
2023-12-16,12.975,77.75,6.825,0.075,10.935,149.99466995549943,1.455,350,12,5,-0.2553532951161881,0.9668478136052773,137.5581514869864,130.5338104185004,140.49526181465558
2023-12-17,13.175,76.75,7.125,0.0,10.71,111.25631126400583,1.539,351,12,6,-0.23867276600594997,0.9711000518829505,149.99466995549943,94.94643040016936,142.82524479520364
2023-12-18,13.025,74.5,9.5,0.0,11.2425,103.51038457474179,1.507,352,12,0,-0.22192151300416674,0.9750645322571945,111.25631126400583,183.08672263804107,131.45719650044663
2023-12-19,12.675,73.5,9.275,0.0,11.44,133.8883622553056,1.446,353,12,1,-0.20510449986861926,0.9787400799669153,103.51038457474179,116.37964404521634,133.9584419590308
2023-12-20,12.425,76.0,6.825,0.0,11.33,180.64358297588083,1.323,354,12,2,-0.1882267098432439,0.9821256058680006,133.8883622553056,132.46510918513815,140.84108107199404
2023-12-21,12.2,79.75,5.875,0.0,11.1,176.1372967926603,1.326,355,12,3,-0.1712931441814778,0.9852201067560606,180.64358297588083,169.0361049915384,141.85553704358287
2023-12-22,12.375,82.5,5.025,0.0,9.175,186.5946794132469,1.28,356,12,4,-0.154308820664281,0.9880226656636976,176.1372967926603,137.5581514869864,148.86075531876295
2023-12-23,14.65,78.25,6.7,0.0,10.3925,133.42870175878144,1.265,357,12,5,-0.13727877211326517,0.9905324521322227,186.5946794132469,149.99466995549943,146.49418843351754
2023-12-24,14.100000000000001,81.25,5.775,0.0,9.9675,141.11997718435134,1.325,358,12,6,-0.12020804489935275,0.9927487224577402,133.42870175878144,111.25631126400583,150.76042642213832
2023-12-25,13.85,82.75,6.575,0.0,10.5125,106.70621746567323,1.365,359,12,0,-0.10310169744743544,0.9946708199115211,141.11997718435134,103.51038457474179,151.21697397798567
2023-12-26,13.625,80.25,5.85,0.0,10.2525,155.1000226340172,1.334,360,12,1,-0.0859647987374467,0.9962981749346077,106.70621746567323,133.8883622553056,154.24721117494445
2023-12-27,13.15,83.75,5.775,0.0,10.7825,164.62984491012276,1.836,361,12,2,-0.06880242680232064,0.9976303053065857,155.1000226340172,180.64358297588083,151.9595343084076
2023-12-28,12.425,91.25,5.025,0.0,9.5475,160.12826270694586,1.484,362,12,3,-0.05161966722325418,0.9986668162884759,164.62984491012276,176.1372967926603,149.67252943901983
2023-12-29,11.75,92.25,5.075,0.0,8.8625,132.6062992892265,1.378,363,12,4,-0.034421611622745804,0.9994074007397048,160.12826270694586,186.5946794132469,141.9599037070169
2023-12-30,10.875,91.75,4.775,0.0,8.5675,172.27813124573797,1.266,364,12,5,-0.01721335615583528,0.9998518392091162,132.6062992892265,133.42870175878144,147.50982220515357
2023-12-31,9.9,91.5,3.95,0.0,8.4575,186.6618045936146,1.553,365,12,6,6.432490598706546e-16,1.0,172.27813124573797,141.11997718435134,154.015797549334
2024-01-01,9.275,91.75,4.7,0.0,7.8375,183.91576174893947,1.222,1,1,0,0.017213356155834685,0.9998518392091162,186.6618045936146,106.70621746567323,165.04573244694348
2024-01-02,8.575,91.5,5.35,0.0,7.155,167.5752836394671,1.286,2,1,1,0.03442161162274574,0.9994074007397048,183.91576174893947,155.1000226340172,166.8279125905792
2024-01-03,8.4,90.75,4.85,0.0,8.525,162.2401336289946,1.59,3,1,2,0.051619667223253764,0.998666816288476,167.5752836394671,164.62984491012276,166.48652526470372
2024-01-04,8.425,90.0,5.775,0.0,10.4125,174.06184161711755,1.314,4,1,3,0.06880242680231986,0.9976303053065857,162.2401336289946,160.12826270694586,168.4770365375854
2024-01-05,8.15,90.5,5.2,0.0,8.9725,175.74940024965036,1.247,5,1,4,0.08596479873744647,0.9962981749346078,174.06184161711755,132.6062992892265,174.6403366747888
2024-01-06,8.575,89.5,5.65,0.0,9.9925,175.85039454071494,1.391,6,1,5,0.10310169744743485,0.9946708199115211,175.74940024965036,172.27813124573797,175.1506600026427
2024-01-07,8.25,91.5,4.925,0.0,9.44,137.39229140966702,1.362,7,1,6,0.1202080448993527,0.9927487224577402,175.85039454071494,186.6618045936146,168.11215811922162
2024-01-08,8.525,90.0,4.625,0.0,10.5625,168.2147235083225,1.305,8,1,0,0.13727877211326478,0.9905324521322229,137.39229140966702,183.91576174893947,165.86915265627633
2024-01-09,7.675,89.5,6.3,0.15,9.4575,150.43724321803145,1.398,9,1,1,0.15430882066428117,0.9880226656636976,168.2147235083225,167.5752836394671,163.4208611674998
2024-01-10,7.65,90.5,8.375,0.0,10.5875,168.07551076112864,1.241,10,1,2,0.1712931441814776,0.9852201067560606,150.43724321803145,162.2401336289946,164.25448647209035
2024-01-11,7.9,92.0,6.525,0.0,9.0,124.89299851688136,1.937,11,1,3,0.1882267098432442,0.9821256058680006,168.07551076112864,174.06184161711755,157.23036602919947
2024-01-12,8.225,90.75,6.675,0.0,9.71,141.5464302102591,1.352,12,1,4,0.2051044998686192,0.9787400799669153,124.89299851688136,175.74940024965036,152.34422745214357
2024-01-13,8.5,91.25,4.85,0.0,9.95,162.59823892148947,1.353,13,1,5,0.2219215130041655,0.9750645322571948,141.5464302102591,175.85039454071494,150.45106236368278
2024-01-14,7.575,91.0,6.225,0.0,10.4875,173.96516955590693,1.235,14,1,6,0.2386727660059501,0.9711000518829505,162.59823892148947,137.39229140966702,155.67575924171706
2024-01-15,7.5,92.5,4.85,0.0,8.99,143.01392351626762,1.202,15,1,0,0.255353295116187,0.9668478136052775,173.96516955590693,168.2147235083225,152.07564495713783
2024-01-16,7.625,91.5,3.95,0.0,10.1125,155.46650503474396,1.311,16,1,1,0.2719581575341055,0.9623090774541486,143.01392351626762,150.43724321803145,152.79411093095388
2024-01-17,9.575,90.25,4.3,0.0,10.790000000000001,168.85471140776414,1.343,17,1,2,0.288482432880609,0.9574851883550393,155.46650503474396,168.07551076112864,152.90542530904466
2024-01-18,9.7,93.5,4.0,0.0,9.7075,175.60082685623348,1.647,18,1,3,0.30492122465628907,0.9523775757303974,168.85471140776414,124.89299851688136,160.14940078609496
2024-01-19,9.2,93.0,4.35,0.0,8.4725,171.0578637467336,1.274,19,1,4,0.3212696616923644,0.9469877530760753,175.60082685623348,141.5464302102591,164.36531986273417
2024-01-20,8.9,90.5,5.075,0.0,10.1025,194.84496216463276,1.388,20,1,5,0.3375228995941133,0.9413173175128471,171.0578637467336,162.59823892148947,168.97199461175464
2024-01-21,8.125,90.75,7.725,0.0,11.6875,138.79326255177165,1.209,21,1,6,0.3536761221763716,0.9353679493131483,194.84496216463276,173.96516955590693,163.94743646830673
2024-01-22,7.225,91.5,5.0,0.0,9.282499999999999,187.9709909326015,1.382,22,1,0,0.3697245428906731,0.9291414114031743,138.79326255177165,143.01392351626762,170.36987467064017
2024-01-23,7.725,91.0,5.2,0.0,11.6575,156.1170209919474,1.589,23,1,1,0.38566340624360707,0.9226395488404876,187.9709909326015,155.46650503474396,170.46280552166922
2024-01-24,8.05,92.25,6.0,0.0,11.36,170.63715126428215,1.224,24,1,2,0.401487989205973,0.9158642882672872,156.1170209919474,168.85471140776414,170.7174397868861
2024-01-25,8.275,92.0,5.15,0.0,9.0075,145.84855864257182,1.539,25,1,3,0.4171936026123168,0.9088176373395029,170.63715126428215,175.60082685623348,166.467115756363
2024-01-26,10.525,87.5,5.825,0.0,12.3125,166.01690821507646,1.308,26,1,4,0.4327755925504312,0.901501684131884,145.84855864257182,171.0578637467336,165.74697925184051
2024-01-27,11.85,83.75,9.225,0.0,13.27,123.23326089582082,1.397,27,1,5,0.4482293417404106,0.893918596519257,166.01690821507646,194.84496216463276,155.51673621343883
2024-01-28,12.175,85.5,7.125,0.0,11.61,156.1247914039128,1.21,28,1,6,0.4635502709028509,0.886070621534138,123.23326089582082,138.79326255177165,157.99266890660186
2024-01-29,12.9,87.25,7.05,0.0,13.022499999999999,145.95413292846067,1.235,29,1,0,0.47873384011578846,0.8779600847008882,156.1247914039128,187.9709909326015,151.99026062029603
2024-01-30,12.7,87.25,6.175,0.275,12.545,134.68472875327322,1.302,30,1,1,0.49377555015997715,0.869589389346611,145.95413292846067,156.1170209919474,148.92850458619972
2024-01-31,13.275,90.0,9.45,11.0,7.8925,94.69215335906381,1.429,31,1,2,0.5086709438521044,0.8609610158889943,134.68472875327322,170.63715126428215,138.07921917116852
2024-02-01,13.225,87.5,13.5,12.675,8.1325,146.69413776445938,1.503,32,2,3,0.5234156073655503,0.8520775211013093,94.69215335906381,145.84855864257182,138.20001618858103
2024-02-02,11.475,83.75,8.0,0.0,14.06,132.6271773844008,1.201,33,2,4,0.5380051715382996,0.8429415373547828,146.69413776445938,166.01690821507646,133.43005464134166
2024-02-03,12.5,74.0,7.225,0.925,8.7025,148.5959968927515,1.239,34,2,5,0.5524353131676196,0.8335557718385699,132.6271773844008,123.23326089582082,137.05330264090315
2024-02-04,12.45,88.5,7.3500000000000005,14.525,7.04,150.77270694008533,1.614,35,2,6,0.5667017562911176,0.8239230057575542,148.5959968927515,156.1247914039128,136.28871914607066
2024-02-05,11.7,85.5,6.75,0.1,13.5425,132.51943236688513,1.298,36,2,0,0.5808002734538009,0.8140460935082178,150.77270694008533,145.95413292846067,134.36947620870274
2024-02-06,10.75,75.5,8.425,0.0,15.030000000000001,114.68420879731228,1.236,37,2,1,0.5947266869607634,0.8039279618328213,132.51943236688513,134.68472875327322,131.51225907213689
2024-02-07,10.6,72.5,10.35,0.0,13.1775,125.3756605879332,1.262,38,2,2,0.6084768701151261,0.7935716089521474,114.68420879731228,94.69215335906381,135.89561724768967
2024-02-08,11.325,69.5,12.2,0.0,15.692499999999999,90.09728010133443,1.219,39,2,3,0.6220467484408675,0.7829801036770629,125.3756605879332,146.69413776445938,127.81035186724323
2024-02-09,12.025,74.75,6.35,0.0,15.655000000000001,143.01266639513898,1.338,40,2,4,0.6354323008901774,0.7721565844991642,90.09728010133443,132.6271773844008,129.29399315449155
2024-02-10,12.4,78.75,6.35,0.0,15.2225,157.0800238482239,1.373,41,2,5,0.6486295610349814,0.7611042586607747,143.01266639513898,148.5959968927515,130.50599700527331
2024-02-11,13.325,77.0,6.9,0.0,15.7475,161.06899822941173,1.246,42,2,6,0.6616346182422783,0.7498264012045686,157.0800238482239,150.77270694008533,131.97689576089138
2024-02-12,13.85,78.5,5.25,0.0,13.7675,144.5789458239514,1.544,43,2,0,0.6744436188329455,0.7383263540031065,161.06899822941173,132.51943236688513,133.69968339761513
2024-02-13,14.525,76.5,4.825,0.0,15.665,135.89928264774767,1.356,44,2,1,0.6870527672236669,0.7266075247685656,144.5789458239514,114.68420879731228,136.7304082333916
2024-02-14,14.15,75.25,8.4,0.0,15.969999999999999,139.39597171609438,1.223,45,2,2,0.699458327051647,0.7146733860429609,135.89928264774767,125.3756605879332,138.73330982312893
2024-02-15,14.4,72.25,7.275,0.0,16.5325,149.68315075973416,1.275,46,2,3,0.7116566222817746,0.7025274741691571,139.39597171609438,90.09728010133443,147.24557706004316
2024-02-16,14.899999999999999,70.0,6.725,0.0,16.665,129.06734001153856,1.251,47,2,4,0.7236440382959124,0.6901733882429719,149.68315075973416,143.01266639513898,145.25338757667168
2024-02-17,15.675,69.5,7.65,0.0,16.5025,153.65802862893378,1.202,48,2,5,0.7354170229639855,0.6776147890466889,129.06734001153856,157.0800238482239,144.7645311167731
2024-02-18,16.8,73.25,10.5,0.025,12.67,105.13271031477677,1.412,49,2,6,0.7469720876965552,0.6648553979642865,153.65802862893378,161.06899822941173,136.7736328432538
2024-02-19,19.075,64.5,21.425,8.899999999999999,13.8725,31.892051877550188,1.619,50,2,0,0.7583058084785624,0.6518989958787126,105.13271031477677,144.5789458239514,120.67550513662509
2024-02-20,16.825,75.0,14.5,2.05,16.175,60.4097393574065,1.286,51,2,1,0.7694148268839378,0.6387494220515272,31.892051877550188,135.89928264774767,109.89128466657633
2024-02-21,14.575,72.75,6.775,0.05,16.8,141.15088652779738,1.621,52,2,2,0.7802958510707755,0.6254105729852463,60.4097393574065,139.39597171609438,110.1419867825339
2024-02-22,13.6,63.75,7.4,0.0,17.5,118.57292217885585,1.49,53,2,3,0.7909456567567772,0.6118864012687243,141.15088652779738,149.68315075973416,105.69766841383701
2024-02-23,13.45,58.25,7.6,0.0,17.6925,129.94963093384573,1.294,54,2,4,0.8013610881746766,0.5981809144059165,118.57292217885585,129.06734001153856,105.82370997416659
2024-02-24,13.5,56.5,6.4,0.0,17.465,89.64999219676105,1.252,55,2,5,0.8115390590073611,0.5842981736283684,129.94963093384573,153.65802862893378,96.6797047695705
2024-02-25,13.625,58.75,6.6,0.0,17.1725,104.67080579054448,1.242,56,2,6,0.8214765533024142,0.5702422926917871,89.64999219676105,105.13271031477677,96.61371840896588
2024-02-26,14.875,55.0,6.85,0.0,16.2625,118.25417430143203,1.222,57,2,0,0.8311706263658079,0.5560174366570446,104.67080579054448,31.892051877550188,108.95116446952042
2024-02-27,15.725,58.75,8.725,0.6,11.895,101.71997315032243,1.35,58,2,1,0.8406184056344782,0.5416278206559814,118.25417430143203,60.4097393574065,114.852626439937
2024-02-28,15.175,65.25,9.975,0.0,18.177500000000002,77.1496045143052,1.425,59,2,2,0.8498170915275278,0.5270777086423722,101.71997315032243,141.15088652779738,105.70958615229524
2024-02-29,16.55,65.75,7.8,0.0,17.697499999999998,140.06362867968573,1.202,60,2,3,0.8587639582758029,0.5123714121284237,77.1496045143052,118.57292217885585,108.77968708098524
2024-03-01,17.8,68.75,12.175,2.575,8.25,78.59011374412276,1.257,61,3,4,0.8674563547295969,0.49751328890718066,140.06362867968573,129.94963093384573,101.4426131967391
2024-03-02,17.725,77.0,23.55,20.8,11.435,32.19114749581125,1.255,62,3,5,0.8758917051442429,0.48250774176121847,78.59011374412276,89.64999219676105,93.23420681088912
2024-03-03,13.9,63.5,11.15,0.225,18.7825,97.09094747032245,1.595,63,3,6,0.8840675099433636,0.4673592171580022,32.19114749581125,104.67080579054448,92.15136990800026
2024-03-04,12.1,61.0,7.625,0.0,18.7825,124.59285873770199,1.343,64,3,0,0.8919813464595485,0.45207220393230435,97.09094747032245,118.25417430143203,93.05689625603884
2024-03-05,12.325,60.25,9.2,0.0,17.177500000000002,87.15225533750697,1.542,65,3,1,0.8996308696522433,0.43665123195606403,124.59285873770199,101.71997315032243,90.9757937113509
2024-03-06,13.2,59.5,7.625,0.0,19.725,151.40933011482983,1.258,66,3,2,0.9070138128026359,0.4211008707960896,87.15225533750697,77.1496045143052,101.58432593999729
2024-03-07,15.450000000000001,59.25,7.95,0.05,18.81,155.88835144102214,1.222,67,3,3,0.9141279881853337,0.40542572835999735,151.40933011482983,140.06362867968573,103.84500062018819
2024-03-08,15.525,61.75,8.825,0.0,19.9675,120.05537046485982,1.358,68,3,4,0.9209712877166346,0.38963044953078796,155.88835144102214,78.59011374412276,109.76860872315062
2024-03-09,16.075,59.75,9.95,0.0,20.3175,84.23657132115318,1.274,69,3,5,0.9275416835791966,0.37371971479046906,120.05537046485982,32.19114749581125,117.20366926962804
2024-03-10,17.975,57.25,7.125,0.0,17.4,137.75968828531637,1.39,70,3,6,0.9338372288229252,0.35769823883312546,84.23657132115318,97.09094747032245,123.01348938605575
2024-03-11,18.5,61.5,8.1,0.35,17.5925,82.71489888592856,1.241,71,3,0,0.9398560579418954,0.3415707691678556,137.75968828531637,124.59285873770199,117.03092369294527
2024-03-12,18.85,63.0,7.85,0.0,19.995,120.87254279290418,1.36,72,3,1,0.9455963874271426,0.3253420847119801,82.71489888592856,87.15225533750697,121.84810761514485
2024-03-13,17.0,70.75,8.25,1.475,11.7025,100.03237534224303,1.511,73,3,2,0.9510565162951535,0.30901699437494745,120.87254279290418,151.40933011482983,114.50854264763247
2024-03-14,18.425,60.25,9.85,0.025,20.3475,101.91095337063946,1.222,74,3,3,0.9562348265919056,0.29260033563334836,100.03237534224303,155.88835144102214,106.79748578043495
2024-03-15,17.925,52.0,10.95,0.0,21.4225,111.83700122075852,1.695,75,3,4,0.9611297838723007,0.27609697309746883,101.91095337063946,120.05537046485982,105.62343303127761
2024-03-16,18.325,54.5,8.075,0.0,21.325,134.31547851680114,1.322,76,3,5,0.9657399376548549,0.2595117970697999,111.83700122075852,84.23657132115318,112.7775626306559
2024-03-17,19.35,51.0,7.800000000000001,0.0,19.3075,98.23844185292583,1.364,77,3,6,0.9700639218515071,0.2428497220959356,134.31547851680114,137.75968828531637,107.13167028317153
2024-03-18,19.875,53.25,7.825,0.0,21.205000000000002,116.36595530751022,1.325,78,3,0,0.9741004551724205,0.22611568550828828,98.23844185292583,82.71489888592856,111.9389640576832
2024-03-19,20.75,51.5,6.975,0.0,20.775,102.58686148085738,1.407,79,3,1,0.9778483415056568,0.20931464596304847,116.36595530751022,120.87254279290418,109.32672387024795
2024-03-20,21.425,56.0,6.925,0.0,21.5425,135.63516881238525,1.391,80,3,2,0.9813064702716093,0.19245158197082998,102.58686148085738,100.03237534224303,114.4128372231254
2024-03-21,21.9,61.25,11.075,0.05,20.48,47.22484389990858,1.211,81,3,3,0.9844738167520922,0.1755314904214282,135.63516881238525,101.91095337063946,106.60053587016384
2024-03-22,22.775,62.5,10.6,0.125,20.2975,111.24374399934182,1.554,82,3,4,0.9873494423939864,0.15855938510313475,47.22484389990858,111.83700122075852,106.51578483853288
2024-03-23,23.225,58.0,9.225,0.0,21.585,160.1539939188489,1.206,83,3,5,0.989932495087353,0.141540295217043,111.24374399934182,134.31547851680114,110.20700132453972
2024-03-24,22.575,57.75,8.775,0.47500000000000003,15.0225,120.80155809004924,1.513,84,3,6,0.9922222094179323,0.12447926388678915,160.1539939188489,98.23844185292583,113.43030364412877
2024-03-25,23.1,57.75,8.85,0.0,21.84,120.07200621247304,1.242,85,3,0,0.994217906893952,0.10738134666416309,120.80155809004924,116.36595530751022,113.95973948769488
2024-03-26,23.45,58.75,7.2,0.0,16.67,104.04510795219426,1.213,86,3,1,0.995918996147179,0.09025161003104117,120.07200621247304,102.58686148085738,114.16806041217158
2024-03-27,25.1,60.0,10.175,0.275,17.02,100.2812831548589,1.256,87,3,2,0.9973249731081555,0.07309512989807777,104.04510795219426,135.63516881238525,109.11750531823925
2024-03-28,25.725,55.5,11.65,0.0,17.482499999999998,76.65610638717543,1.299,88,3,3,0.9984354211555643,0.055916990100603484,100.2812831548589,47.22484389990858,113.32197138784879
2024-03-29,24.9,59.5,7.725,0.0,20.5375,134.3969442219457,1.263,89,3,4,0.9992500112396835,0.03872228089217446,76.65610638717543,111.24374399934182,116.62957141964934
2024-03-30,23.625,61.75,13.475,3.55,19.17,63.29372808899501,1.41,90,3,5,0.9997685019798909,0.021516097436222254,134.3969442219457,160.1539939188489,102.79239058681307
2024-03-31,23.05,54.5,9.525,0.0,21.44,72.19655179439653,1.217,91,3,6,0.9999907397361901,0.004303538296244289,63.29372808899501,120.80155809004924,95.84881825886269
2024-04-01,21.35,53.25,10.175,0.0,21.6575,132.90444439983258,1.368,92,4,0,0.9999166586547379,-0.01291029607500882,72.19655179439653,120.07200621247304,97.68202371419977
2024-04-02,22.2,48.5,7.625,0.0,22.995,126.4303220697262,1.268,93,4,1,0.9995462806873573,-0.030120304846908114,132.90444439983258,104.04510795219426,100.87991144527577
2024-04-03,23.924999999999997,44.25,8.149999999999999,0.05,21.0,108.85269579991497,1.214,94,4,2,0.9988797155850336,-0.04732138832243185,126.4303220697262,100.2812831548589,102.10439896599806
2024-04-04,24.85,41.5,7.625,0.0,22.395,77.10023846813878,1.225,95,4,3,0.9979171608653922,-0.06450844944931623,108.85269579991497,76.65610638717543,102.16784640613568
2024-04-05,24.2,39.75,9.375,0.0,22.7425,135.76399435210894,1.307,96,4,4,0.9966589017541702,-0.08167639533042241,77.10023846813878,134.3969442219457,102.36313928187329
2024-04-06,23.875,35.0,9.625,0.0,23.755000000000003,50.99631219822577,1.269,97,4,5,0.9951053111006976,-0.09882013873287143,135.76399435210894,63.29372808899501,100.60636558319197
2024-04-07,24.125,35.75,9.675,0.0,23.68,106.40713971724222,1.263,98,4,6,0.9932568492674143,-0.11593459959550041,50.99631219822577,72.19655179439653,105.49359242931278
2024-04-08,24.725,36.0,7.675000000000001,0.0,22.945,85.1301440698765,1.46,99,4,0,0.9911140639934547,-0.1330147065341959,106.40713971724222,132.90444439983258,98.6686923821762
2024-04-09,25.325,33.0,7.325,0.0,23.3525,72.70514027047867,1.483,100,4,1,0.9886775902323405,-0.1500553983446526,85.1301440698765,126.4303220697262,90.99366641085513
2024-04-10,26.25,32.0,9.399999999999999,0.0,22.16,105.65791967787115,1.821,101,4,2,0.9859481499638304,-0.16705162550211924,72.70514027047867,108.85269579991497,90.53726982199171
2024-04-11,27.05,31.5,10.9,0.0,23.150000000000002,61.205452750886536,1.321,102,4,3,0.9829265519799822,-0.18399835165768005,105.65791967787115,77.10023846813878,88.26658614809854
2024-04-12,27.675,32.25,8.45,0.0,23.085,98.60705325553666,1.344,103,4,4,0.9796136916454901,-0.20089055513063506,61.205452750886536,135.76399435210894,82.95845170573106
2024-04-13,26.3,41.0,12.575,0.925,16.98,65.66454178249728,1.315,104,4,5,0.9760105506323683,-0.21772323039653177,98.60705325553666,50.99631219822577,85.05391307491273
2024-04-14,24.875,57.5,9.35,1.0,16.47,113.48744459052713,1.396,105,4,6,0.9721181966290613,-0.23449138957040985,65.66454178249728,106.40713971724222,86.06538519966772
2024-04-15,25.275,61.5,10.15,6.1,16.245,133.96185596773432,1.345,106,4,0,0.9679377830240642,-0.25119006388481935,113.48744459052713,85.1301440698765,93.04134404221882
2024-04-16,25.25,57.25,10.975,0.05,23.4875,105.71232198318141,1.383,107,4,1,0.9634705485641488,-0.2678143051621742,133.96185596773432,72.70514027047867,97.75665571546207
2024-04-17,25.75,43.75,11.275,0.0,23.86,93.87827408650807,1.401,108,4,2,0.9587178169872964,-0.2843591872810034,105.71232198318141,105.65791967787115,96.0738492024102
2024-04-18,27.15,40.5,9.525,0.0,20.822499999999998,85.87834964156235,1.583,109,4,3,0.9536809966304457,-0.30081980763566735,93.87827408650807,61.205452750886536,99.59854875822103
2024-04-19,27.125,44.0,14.15,3.825,19.7225,30.11580493044943,1.465,110,4,4,0.9483615800121715,-0.3171912885891061,85.87834964156235,98.60705325553666,89.81408471178
2024-04-20,26.15,46.5,9.350000000000001,0.5,22.095,94.43990414388756,1.59,111,4,5,0.9427611433904207,-0.3334687789181868,30.11580493044943,65.66454178249728,93.92485076340718
2024-04-21,26.925,40.0,10.375,0.0,23.35,75.25442033776785,1.572,112,4,6,0.9368813462954315,-0.3496474552512284,94.43990414388756,113.48744459052713,88.46299015587013
2024-04-22,27.325,35.75,8.875,0.05,22.7925,81.697329048657,1.894,113,4,0,0.9307239310379795,-0.36572252349726897,75.25442033776785,133.96185596773432,80.99662916743053
2024-04-23,26.875,36.25,9.125,0.1,19.625,108.2250769848464,1.712,114,4,1,0.9242907221930933,-0.3816892202666588,81.697329048657,105.71232198318141,81.35559416766839
2024-04-24,27.1,37.25,7.075,0.025,22.740000000000002,111.7645074030117,1.684,115,4,2,0.9175836260593937,-0.39754281428255595,108.2250769848464,93.87827408650807,83.91077035574033
2024-04-25,28.7,32.0,10.125,0.0,23.9525,97.0356079733717,1.979,116,4,3,0.9106046300942162,-0.4132786077829042,111.7645074030117,85.87834964156235,85.50466440314166
2024-04-26,29.925,29.25,8.5,0.1,21.7025,83.2021890977129,1.921,117,4,4,0.9033558023246845,-0.4288919379124835,97.0356079733717,30.11580493044943,93.08843356989358
2024-04-27,27.95,35.5,11.125,0.925,20.71,85.58321273520856,1.852,118,4,5,0.895839290734909,-0.4443781781046132,83.2021890977129,94.43990414388756,91.82319194008231
2024-04-28,27.675,38.5,7.975,0.075,20.9225,84.72825470455561,1.863,119,4,6,0.8880573226294932,-0.45973273945210397,85.58321273520856,75.25442033776785,93.17659684962341
2024-04-29,25.475,43.25,12.65,1.325,15.8475,74.49477060320541,1.984,120,4,0,0.8800122039735357,-0.47495107206704995,84.72825470455561,81.697329048657,92.1476599288446
2024-04-30,24.85,42.5,10.95,0.225,24.595,98.06077802586725,1.96,121,4,1,0.8717063187093218,-0.4900286664290592,74.49477060320541,108.2250769848464,90.69561722041901
2024-05-01,22.625,42.0,10.9,0.0,24.1475,77.80223856468639,2.108,122,5,2,0.8631421280499114,-0.5049610547215204,98.06077802586725,111.7645074030117,85.84386452922969
2024-05-02,25.325,36.75,10.775,0.0,24.6725,79.23670340231087,2.191,123,5,3,0.854322169749827,-0.5197438121555155,77.80223856468639,97.0356079733717,83.30116387622101
2024-05-03,27.675,31.5,8.625,0.0,20.8825,118.78797038424086,2.501,124,5,4,0.8452490573530633,-0.5343725582809786,79.23670340231087,83.2021890977129,88.38484691715357
2024-05-04,30.474999999999998,29.25,10.7,0.0,21.8675,66.36608042528597,2.345,125,5,5,0.8359254794186372,-0.548842958284719,118.78797038424086,85.58321273520856,85.63954230145033
2024-05-05,30.575000000000003,30.0,12.75,0.0,23.98,21.384289466406827,2.288,126,5,6,0.8263541987239096,-0.5631507242749186,66.36608042528597,84.72825470455561,76.59040441028621
2024-05-06,31.075,30.25,9.025,0.0,23.1075,52.40977176556749,2.451,127,5,0,0.8165380514459161,-0.5772916165517272,21.384289466406827,74.49477060320541,73.43540457633796
2024-05-07,32.1,25.75,7.449999999999999,0.0,24.0275,105.6565788397038,2.278,128,5,1,0.8064799463209448,-0.5912614448635781,52.40977176556749,98.06077802586725,74.5205189783146
2024-05-08,31.625,32.25,9.525,0.0,22.7125,107.65288920057253,2.758,129,5,2,0.7961828637826158,-0.6050560696488488,105.6565788397038,77.80223856468639,78.78489764058405
2024-05-09,31.725,37.25,12.6,0.0,23.4525,95.09956032368164,2.316,130,5,3,0.7856498550787147,-0.6186714032625031,107.65288920057253,79.23670340231087,81.05102005792274
2024-05-10,31.05,43.75,12.025,0.2,21.049999999999997,70.372325975889,2.253,131,5,4,0.7748840413670407,-0.6321034111873487,95.09956032368164,118.78797038424086,74.13449942815818
2024-05-11,30.325,46.25,8.2,0.5750000000000001,21.8975,104.50596036232594,2.291,132,5,5,0.7638886127905428,-0.6453481132295501,70.372325975889,66.36608042528597,79.58305370487817
2024-05-12,29.525,43.5,9.65,0.65,19.947499999999998,117.845690125505,2.258,133,5,6,0.7526668275320085,-0.6584015846980488,104.50596036232594,21.384289466406827,93.36325379903506
2024-05-13,30.525,31.75,9.225,0.0,24.085,88.30216377983216,2.164,134,5,0,0.7412220108485958,-0.6712599575675313,117.845690125505,52.40977176556749,98.49073837250145
2024-05-14,30.675,27.5,9.175,0.0,24.197499999999998,91.70193623893387,2.389,135,5,1,0.7295575540864875,-0.6839194216246106,88.30216377983216,105.6565788397038,96.49721800096289
2024-05-15,31.8,26.75,8.1,0.0,23.09,84.97691085431677,2.237,136,5,2,0.717676913675962,-0.6963762255968722,91.70193623893387,107.65288920057253,93.25779252292635
2024-05-16,32.975,26.0,8.825,0.0,23.3075,77.31536479072354,2.212,137,5,3,0.705583610107178,-0.7086266782644596,84.97691085431677,95.09956032368164,90.71719316107519
2024-05-17,33.925,25.5,9.4,0.0,22.240000000000002,98.71023266027402,2.026,138,5,4,0.6932812268869777,-0.7206671495538609,77.31536479072354,70.372325975889,94.76546554455877
2024-05-18,34.825,24.0,10.75,0.0,22.845,63.48800584213215,2.056,139,5,5,0.6807734094770161,-0.7324940716135789,98.71023266027402,104.50596036232594,88.90575775595964
2024-05-19,35.15,22.5,11.45,0.0,22.305,70.39990916537937,1.924,140,5,6,0.6680638642135335,-0.7441039398713607,63.48800584213215,117.845690125505,82.12778904737026
2024-05-20,34.575,23.75,8.875,0.0,23.259999999999998,100.88047843231523,2.091,141,5,0,0.6551563572090853,-0.7554933140726803,70.39990916537937,88.30216377983216,83.92469114058213
2024-05-21,34.3,25.75,9.125,0.0,23.6125,94.0324008441307,2.013,142,5,1,0.6420547132365637,-0.766658819300159,100.88047843231523,91.70193623893387,84.25761465561025
2024-05-22,34.7,31.0,9.825,0.0,22.3375,86.0933679958506,1.964,143,5,2,0.6287628145958344,-0.7775971469736269,94.0324008441307,84.97691085431677,84.41710853297222
2024-05-23,34.4,37.25,11.875,0.0,22.2075,53.3447100497111,1.844,144,5,3,0.6152845999633276,-0.7883050558305255,86.0933679958506,77.31536479072354,80.99272928425617
2024-05-24,35.0,36.25,11.3,0.075,22.045,83.09865040842105,1.761,145,5,4,0.6016240632249226,-0.7987793728863649,53.3447100497111,98.71023266027402,78.76250324827717
2024-05-25,35.6,26.75,11.9,0.0,23.63,58.30299091952758,1.88,146,5,5,0.5877852522924732,-0.8090169943749473,83.09865040842105,63.48800584213215,78.02178683076224
2024-05-26,36.2,23.25,9.35,0.0,23.845,105.94962230597909,1.599,147,5,6,0.5737722679043246,-0.8190148866680801,58.30299091952758,70.39990916537937,83.10031727941934
2024-05-27,36.225,19.75,9.4,0.0,24.5275,86.18757163078214,1.582,148,5,0,0.5595892624101765,-0.8287700871745038,105.94962230597909,100.88047843231523,81.00133059348605
2024-05-28,36.175,15.0,7.85,0.0,24.822499999999998,96.57889413724448,1.674,149,5,1,0.545240438540651,-0.8382797052177744,86.18757163078214,94.0324008441307,81.36511534964515
2024-05-29,36.775,15.25,9.3,0.0,23.3475,135.04071230337394,1.643,150,5,2,0.5307300481619334,-0.8475409228928311,96.57889413724448,86.0933679958506,88.35759310786277
2024-05-30,36.875,14.25,10.4,0.0,24.6425,76.92089547472881,1.522,151,5,3,0.5160623910158528,-0.8565509959010036,135.04071230337394,53.3447100497111,91.72561959715101
2024-05-31,36.2,15.5,8.425,0.0,22.7725,65.52609095936691,1.727,152,5,4,0.5012418134457758,-0.865307254363206,76.92089547472881,83.09865040842105,89.21525396157186
2024-06-01,36.375,17.0,11.375,0.0,19.795,89.05245478725314,1.579,153,6,5,0.48627270710868997,-0.8738071036110808,65.52609095936691,58.30299091952758,93.60803451410409
2024-06-02,35.75,23.75,9.325,0.0,22.8325,105.9095651994756,1.349,154,6,6,0.4711595076738638,-0.8820480249558537,89.05245478725314,105.94962230597909,93.60231207031786
2024-06-03,36.55,18.75,10.025,0.0,22.8325,111.63018601115435,1.588,155,6,0,0.4559066935084588,-0.8900275764346767,105.9095651994756,86.18757163078214,97.2369712675139
2024-06-04,36.025,20.5,10.85,0.275,21.545,85.6952375842022,1.297,156,6,1,0.440518784350495,-0.8977433935342337,111.63018601115435,96.57889413724448,95.68216318850786
2024-06-05,34.1,28.0,11.325,0.65,18.5575,46.00802953433564,1.948,157,6,2,0.42500033996955416,-0.9051931898913974,85.6952375842022,135.04071230337394,82.96320850721666
2024-06-06,32.3,37.0,9.575,0.7,20.375,75.57594307132499,1.466,158,6,3,0.4093559588156213,-0.9123747579707273,46.00802953433564,76.92089547472881,82.77107244958755
2024-06-07,33.425,32.5,11.25,0.0,22.055,142.12978309949602,1.344,159,6,4,0.39359027665646673,-0.9192859697186104,75.57594307132499,65.52609095936691,93.71445704103455
2024-06-08,32.575,32.0,10.774999999999999,0.0,17.57,106.40244918017692,1.343,160,6,5,0.3777079652039649,-0.9259247771938498,142.12978309949602,89.05245478725314,96.19302766859512
2024-06-09,33.625,26.75,10.85,0.0,23.78,77.32280461731942,1.394,161,6,6,0.36171373072976765,-0.9322892131745133,106.40244918017692,105.9095651994756,92.10920472828708
2024-06-10,33.975,23.25,9.9,0.0,23.26,45.892046681031445,1.433,162,6,0,0.3456123126707335,-0.9383773917408641,77.32280461731942,111.63018601115435,82.71804196684094
2024-06-11,35.0,22.25,8.55,0.0,23.7725,83.87098602164222,1.334,163,6,1,0.3294084822245304,-0.9441875088341993,45.892046681031445,85.6952375842022,82.45743460076096
2024-06-12,36.075,20.25,10.45,0.0,23.8825,75.28096577526229,1.46,164,6,2,0.3131070409358269,-0.9497178427914316,83.87098602164222,46.00802953433564,86.63928263517904
2024-06-13,36.275,24.25,11.625,0.0,22.495,80.46587162899925,1.399,165,6,3,0.29671281927349075,-0.9549667548552551,75.28096577526229,75.57594307132499,87.33784385770393
2024-06-14,36.15,25.5,12.3,0.0,21.8175,36.61758136389028,1.451,166,6,4,0.28023067519921585,-0.9599326896597447,80.46587162899925,142.12978309949602,72.26467218118883
2024-06-15,36.45,26.25,12.625,0.0,22.115000000000002,37.832157367258525,1.268,167,6,5,0.26366549272800704,-0.9646141756912435,36.61758136389028,106.40244918017692,62.46891620791477
2024-06-16,37.275,30.0,11.925,0.0,22.505000000000003,97.36491870839458,1.308,168,6,6,0.24702218048093552,-0.9690098257244062,37.832157367258525,77.32280461731942,65.33207536378266
2024-06-17,37.6,28.75,11.325000000000001,0.0,22.38,33.250599557131835,1.397,169,6,0,0.23030567023061221,-0.9731183372332619,97.36491870839458,45.892046681031445,63.52615434608271
2024-06-18,37.525,30.5,12.95,0.0,22.2025,52.96474176101272,2.03,170,6,1,0.21352091543979612,-0.9769384927771817,33.250599557131835,83.87098602164222,59.11097659456421
2024-06-19,35.8,35.5,11.4,0.05,19.695,47.64795351334276,1.562,171,6,2,0.19667288979357647,-0.980469160361632,52.96474176101272,75.28096577526229,55.16340341428999
2024-06-20,32.175,50.25,8.45,2.825,19.27,84.40431758134429,1.205,172,6,3,0.1797665857255624,-0.9837092937736097,47.64795351334276,80.46587162899925,55.72603855033928
2024-06-21,30.325,60.25,6.875,4.35,18.28,132.1471627414769,1.222,173,6,4,0.16280701293851715,-0.986657932891657,84.40431758134429,36.61758136389028,69.37312160428023
2024-06-22,32.1,52.75,5.0,0.0,20.9625,91.24409359084714,1.437,174,6,5,0.1457991969198751,-0.9893142039703663,132.1471627414769,37.832157367258525,77.00339820765002
2024-06-23,33.65,45.75,6.625,0.1,21.1425,155.02565576425258,1.275,175,6,6,0.12874817745258132,-0.99167731989929,91.24409359084714,97.36491870839458,85.24064635848688
2024-06-24,34.55,45.25,7.075,0.55,21.4925,100.36704769011398,1.208,176,6,0,0.11165900712169512,-0.993746580436178,155.02565576425258,33.250599557131835,94.82871037748433
2024-06-25,34.5,49.75,7.2,0.0,21.17,147.4190103483354,1.59,177,6,1,0.09453674981719912,-0.9955213724144752,100.36704769011398,52.96474176101272,108.32217731853044
2024-06-26,34.375,53.75,9.1,1.925,19.405,107.12155390732158,1.348,178,6,2,0.07738647923346301,-0.9970011699250151,147.4190103483354,47.64795351334276,116.81840594624168
2024-06-27,31.424999999999997,67.25,12.275,7.425000000000001,18.505,89.24252679372854,1.274,179,6,3,0.06021327736579302,-0.9981855344718586,107.12155390732158,84.40431758134429,117.50957869086803
2024-06-28,32.4,61.75,9.625,0.22499999999999998,20.73,106.15862062730302,1.224,180,6,4,0.04302223300453059,-0.99907411510223,89.24252679372854,132.1471627414769,113.79692981741461
2024-06-29,32.2,65.0,6.3,3.35,18.384999999999998,104.38295562924165,1.495,181,6,5,0.02581844022713308,-0.9996666485105112,106.15862062730302,91.24409359084714,115.67391010861384
2024-06-30,32.9,62.75,5.775,0.5,21.375,109.5087384102896,1.218,182,6,6,0.008606996888688698,-0.9999629591162655,104.38295562924165,155.02565576425258,109.17149334376197
2024-07-01,32.225,68.75,7.85,5.225,20.905,98.68721414670244,1.478,183,7,0,-0.008606996888688009,-0.9999629591162655,109.5087384102896,100.36704769011398,108.9315171232746
2024-07-02,31.7,73.5,8.45,8.1,19.5625,140.314217086572,1.206,184,7,1,-0.02581844022713239,-0.9996666485105112,98.68721414670244,147.4190103483354,107.91654665730842
2024-07-03,31.075,76.0,13.075,11.174999999999999,19.73,156.61229197878717,1.307,185,7,2,-0.04302223300453034,-0.99907411510223,140.314217086572,107.12155390732158,114.9866520960892
2024-07-04,29.025,78.5,13.1,13.075,13.62,101.01493204230046,1.804,186,7,3,-0.060213277365792774,-0.9981855344718586,156.61229197878717,89.24252679372854,116.66842427445661
2024-07-05,29.55,76.25,11.725,1.925,17.9025,102.29440757327077,1.395,187,7,4,-0.07738647923346322,-0.9970011699250151,101.01493204230046,106.15862062730302,116.1163938381663
2024-07-06,29.0,76.75,11.475,3.0999999999999996,13.965,104.838247097665,1.292,188,7,5,-0.09453674981719933,-0.9955213724144752,102.29440757327077,104.38295562924165,116.18143547651248
2024-07-07,28.3,79.0,7.7,3.2750000000000004,13.8425,136.7433525967789,1.26,189,7,6,-0.11165900712169444,-0.9937465804361781,104.838247097665,109.5087384102896,120.07209464601098
2024-07-08,29.225,75.25,8.575,1.55,18.11,117.70333873297696,1.384,190,7,0,-0.12874817745258066,-0.99167731989929,136.7433525967789,98.68721414670244,122.78868387262162
2024-07-09,30.125,74.5,5.675,0.025,21.9825,162.92838982085487,1.251,191,7,1,-0.14579919691987442,-0.9893142039703664,117.70333873297696,140.314217086572,126.01927997751916
2024-07-10,30.775,75.75,5.75,1.9749999999999999,21.465,169.64336926460814,1.421,192,7,2,-0.16280701293851646,-0.9866579328916572,162.92838982085487,156.61229197878717,127.88086244692215
2024-07-11,31.8,73.75,5.625,0.2,21.4575,183.27789999680624,1.222,193,7,3,-0.17976658572556214,-0.9837092937736098,169.64336926460814,101.01493204230046,139.63271501185156
2024-07-12,30.25,73.25,7.300000000000001,2.975,21.009999999999998,133.15702182004483,1.306,194,7,4,-0.19667288979357622,-0.9804691603616321,183.27789999680624,102.29440757327077,144.04165990424787
2024-07-13,29.3,75.25,5.675,5.3999999999999995,21.5775,149.8173569265388,1.524,195,7,5,-0.2135209154397959,-0.9769384927771817,133.15702182004483,104.838247097665,150.46724702265843
2024-07-14,30.0,74.0,4.8,1.5499999999999998,19.3575,157.83550628243324,1.245,196,7,6,-0.23030567023061196,-0.973118337233262,149.8173569265388,136.7433525967789,153.4804118348947
2024-07-15,31.4,71.0,7.025,0.2,22.0475,117.33291397933323,1.305,197,7,0,-0.24702218048093527,-0.9690098257244063,157.83550628243324,117.70333873297696,153.4274940129456
2024-07-16,31.775,71.25,6.7,0.775,20.59,87.12606887609556,1.349,198,7,1,-0.2636654927280072,-0.9646141756912435,117.33291397933323,162.92838982085487,142.59859102083715
2024-07-17,31.5,73.25,8.175,1.375,20.6875,92.98521318931371,1.455,199,7,2,-0.2802306751992161,-0.9599326896597445,87.12606887609556,169.64336926460814,131.64742586722366
2024-07-18,31.4,73.0,6.725,0.7999999999999999,21.3425,151.0971684152234,1.209,200,7,3,-0.2967128192734901,-0.9549667548552553,92.98521318931371,183.27789999680624,127.05017849842612
2024-07-19,31.825,71.75,6.8,0.6499999999999999,21.9075,119.20835059667431,1.202,201,7,4,-0.3131070409358267,-0.9497178427914317,151.0971684152234,133.15702182004483,125.05751118080174
2024-07-20,31.85,70.5,8.375,0.4,21.425,108.45262533020897,1.806,202,7,5,-0.3294084822245302,-0.9441875088341994,119.20835059667431,149.8173569265388,119.14826380989749
2024-07-21,32.35,69.75,8.375,1.1500000000000001,21.485,150.7558091044413,1.252,203,7,6,-0.3456123126707333,-0.9383773917408642,108.45262533020897,157.83550628243324,118.13687849875578
2024-07-22,31.425,74.5,10.825,1.9,19.372500000000002,121.16338444691317,1.222,204,7,0,-0.3617137307297674,-0.9322892131745134,150.7558091044413,117.33291397933323,118.68408856555293
2024-07-23,30.725,76.0,8.4,8.05,20.497500000000002,129.4023258645343,1.236,205,7,1,-0.37770796520396466,-0.9259247771938499,121.16338444691317,87.12606887609556,124.72355384961561
2024-07-24,30.65,76.0,5.625,4.875,19.182499999999997,181.8099359468006,1.394,206,7,2,-0.39359027665646645,-0.9192859697186105,129.4023258645343,92.98521318931371,137.412799957828
2024-07-25,31.275,74.0,6.1,1.0,19.735,148.38394436927317,1.278,207,7,3,-0.4093559588156211,-0.9123747579707274,181.8099359468006,151.0971684152234,137.02519652269228
2024-07-26,30.875,76.75,7.625,4.3,18.83,144.4012385958152,1.383,208,7,4,-0.42500033996955394,-0.9051931898913975,148.38394436927317,119.20835059667431,140.62418052256953
2024-07-27,31.15,78.25,8.95,7.125,19.4775,108.28114819853873,1.503,209,7,5,-0.4405187843504952,-0.8977433935342336,144.4012385958152,108.45262533020897,140.59968378947377
2024-07-28,31.85,74.0,7.449999999999999,1.475,18.8075,172.19890015763372,1.231,210,7,6,-0.455906693508459,-0.8900275764346766,108.28114819853873,150.7558091044413,143.66298251135842
2024-07-29,31.4,75.0,8.05,4.175,17.275,124.42829310359838,1.273,211,7,0,-0.47115950767386394,-0.8820480249558535,172.19890015763372,121.16338444691317,144.129398033742
2024-07-30,31.55,76.5,7.75,1.575,19.497500000000002,169.1234542910213,1.497,212,7,1,-0.4862727071086902,-0.8738071036110807,124.42829310359838,129.4023258645343,149.80384495181156
2024-07-31,31.275,80.5,7.075,20.1,19.71,122.34044860423066,1.209,213,7,2,-0.5012418134457756,-0.8653072543632061,169.1234542910213,181.8099359468006,141.308203902873
2024-08-01,27.175,90.25,7.975,33.1,6.38,147.83951711009894,1.794,214,8,3,-0.5160623910158526,-0.8565509959010037,122.34044860423066,148.38394436927317,141.23042858013383
2024-08-02,29.325000000000003,82.5,7.6,2.175,20.9025,149.7494384755532,1.227,215,8,4,-0.5307300481619331,-0.8475409228928312,147.83951711009894,144.4012385958152,141.99445713438215
2024-08-03,29.45,79.5,13.45,5.125,19.075000000000003,78.60873798578444,1.277,216,8,5,-0.5452404385406507,-0.8382797052177745,149.7494384755532,108.28114819853873,137.75554138970296
2024-08-04,29.75,79.0,7.75,3.4499999999999997,18.825,112.95602163788593,1.366,217,8,6,-0.5595892624101763,-0.828770087174504,78.60873798578444,172.19890015763372,129.29227302973896
2024-08-05,30.05,77.0,9.55,0.65,19.0775,137.18502804317242,1.233,218,8,0,-0.5737722679043243,-0.8190148866680802,112.95602163788593,124.42829310359838,131.1146637353924
2024-08-06,29.975,77.25,8.175,0.55,20.63,143.22118471087913,1.338,219,8,1,-0.5877852522924734,-0.8090169943749472,137.18502804317242,169.1234542910213,127.41433950965781
2024-08-07,28.625,82.5,12.775,4.875,16.295,99.13935124368437,1.221,220,8,2,-0.6016240632249227,-0.7987793728863648,143.22118471087913,122.34044860423066,124.09989702957978
2024-08-08,28.825,80.75,9.975,1.7249999999999999,17.9625,148.15483803155828,1.277,221,8,3,-0.6152845999633277,-0.7883050558305253,99.13935124368437,147.83951711009894,124.14494287550254
2024-08-09,29.049999999999997,80.25,7.225,1.0499999999999998,18.924999999999997,137.80710859987673,1.202,222,8,4,-0.6287628145958345,-0.7775971469736268,148.15483803155828,149.7494384755532,122.43889575040589
2024-08-10,29.05,82.0,8.975,4.125,18.517500000000002,145.118519610019,1.216,223,8,5,-0.6420547132365636,-0.7666588193001592,137.80710859987673,78.60873798578444,131.94029312529656
2024-08-11,27.55,86.5,9.6,10.475000000000001,11.977500000000001,131.70073305403665,1.225,224,8,6,-0.655156357209085,-0.7554933140726804,145.118519610019,112.95602163788593,134.6181090418895
2024-08-12,28.25,83.0,6.525,3.625,17.355,95.0750000905345,1.355,225,8,0,-0.6680638642135333,-0.7441039398713608,131.70073305403665,137.18502804317242,128.60239076294124
2024-08-13,29.025,82.25,5.95,2.25,17.607499999999998,129.68322685599085,1.389,226,8,1,-0.6807734094770159,-0.7324940716135792,95.0750000905345,143.22118471087913,126.66839678367148
2024-08-14,29.575,81.25,5.325,4.2749999999999995,17.58,144.59580928485755,1.269,227,8,2,-0.6932812268869771,-0.7206671495538615,129.68322685599085,99.13935124368437,133.1621765038391
2024-08-15,29.349999999999998,83.0,6.8,7.75,15.197500000000002,128.9492640676371,1.238,228,8,3,-0.7055836101071774,-0.70862667826446,144.59580928485755,148.15483803155828,130.41852308042178
2024-08-16,28.700000000000003,85.75,8.475,19.875,17.705000000000002,123.51791248863455,1.432,229,8,4,-0.7176769136759615,-0.6963762255968726,128.9492640676371,137.80710859987673,128.37720935024433
2024-08-17,27.925,86.0,9.075,7.7,14.6725,154.6127747331696,1.211,230,8,5,-0.7295575540864876,-0.6839194216246105,123.51791248863455,145.118519610019,129.7335315106944
2024-08-18,28.85,84.0,6.725,1.95,20.0475,138.06900015170808,1.272,231,8,6,-0.7412220108485957,-0.6712599575675315,154.6127747331696,131.70073305403665,130.64328395321888
2024-08-19,28.325,85.5,6.7749999999999995,10.85,18.2875,144.60674865159442,1.865,232,8,0,-0.7526668275320083,-0.6584015846980489,138.06900015170808,95.0750000905345,137.71924803337032
2024-08-20,28.3,85.0,5.325,6.825,19.3525,158.65151076562364,1.699,233,8,1,-0.7638886127905429,-0.64534811322955,144.60674865159442,129.68322685599085,141.857574306175
2024-08-21,28.675,83.0,5.824999999999999,1.1,19.545,118.62742450977136,1.304,234,8,2,-0.7748840413670406,-0.6321034111873488,158.65151076562364,144.59580928485755,138.14780505259122
2024-08-22,29.275,81.5,4.5,0.375,20.8575,137.5097014510039,1.228,235,8,3,-0.7856498550787144,-0.6186714032625032,118.62742450977136,128.9492640676371,139.3707246787865
2024-08-23,28.875,81.75,4.95,3.45,20.1275,147.68995058422607,1.365,236,8,4,-0.7961828637826154,-0.6050560696488494,137.5097014510039,123.51791248863455,142.82387297815671
2024-08-24,28.75,82.75,5.475,2.85,20.78,126.05008765040337,1.277,237,8,5,-0.8064799463209447,-0.5912614448635782,147.68995058422607,154.6127747331696,138.7434891091901
2024-08-25,29.225,81.0,5.725,1.325,20.105,136.79631326296058,1.246,238,8,6,-0.8165380514459157,-0.5772916165517278,126.05008765040337,138.06900015170808,138.5616766965119
2024-08-26,29.6,77.75,7.425,1.175,19.345,145.76443033310318,1.256,239,8,0,-0.8263541987239094,-0.5631507242749187,136.79631326296058,144.60674865159442,138.7270597938703
2024-08-27,28.475,81.25,11.375,7.9,17.9225,110.4868976951118,1.885,240,8,1,-0.8359254794186365,-0.5488429582847199,145.76443033310318,158.65151076562364,131.84640078379718
2024-08-28,27.675,84.5,8.75,9.925,16.115,135.26375445042888,1.223,241,8,2,-0.8452490573530634,-0.5343725582809785,110.4868976951118,118.62742450977136,134.22301934674826
2024-08-29,25.875,88.25,14.2,24.425,8.99,112.76627068003451,1.302,242,8,3,-0.8543221697498269,-0.5197438121555157,135.26375445042888,137.5097014510039,130.68824352232406
2024-08-30,27.85,82.5,6.85,2.8,19.175,140.8459169012503,1.212,243,8,4,-0.8631421280499115,-0.5049610547215202,112.76627068003451,147.68995058422607,129.7105244247561
2024-08-31,28.925,80.5,7.325,0.025,21.03,143.14798834910272,1.366,244,8,5,-0.8717063187093217,-0.4900286664290594,140.8459169012503,126.05008765040337,132.15308166742741
2024-09-01,29.55,78.75,5.45,0.125,20.5275,129.48063199123635,1.238,245,9,6,-0.8800122039735356,-0.4749510720670502,143.14798834910272,136.79631326296058,131.10798434289538
2024-09-02,27.975,84.25,9.375,8.85,16.509999999999998,132.20043908315017,1.324,246,9,0,-0.888057322629493,-0.4597327394521046,129.48063199123635,145.76443033310318,129.17027130718785
2024-09-03,27.75,83.75,7.225,8.2,17.255000000000003,144.3433336022601,1.233,247,9,1,-0.8958392907349089,-0.4443781781046134,132.20043908315017,110.4868976951118,134.006905008209
2024-09-04,27.425,84.25,3.875,3.1,18.9225,157.8982002559873,1.256,248,9,2,-0.9033558023246842,-0.4288919379124841,144.3433336022601,135.26375445042888,137.24039726614592
2024-09-05,27.275,84.5,4.300000000000001,2.075,18.377499999999998,147.60240074618432,1.243,249,9,3,-0.9106046300942162,-0.41327860778290443,157.8982002559873,112.76627068003451,142.2169872755959
2024-09-06,27.725,83.5,6.875,5.0249999999999995,19.305,127.46466774183394,1.607,250,9,4,-0.9175836260593934,-0.3975428142825566,147.60240074618432,140.8459169012503,140.30538025282212
2024-09-07,26.8,86.0,6.225,13.35,16.965,166.30877525177976,1.258,251,9,5,-0.9242907221930934,-0.3816892202666586,127.46466774183394,143.14798834910272,143.6140640960617
2024-09-08,28.075,82.75,4.025,0.1,19.23,188.50013791920713,1.402,252,9,6,-0.9307239310379793,-0.3657225234972692,166.30877525177976,129.48063199123635,152.04542208577183
2024-09-09,29.05,79.5,3.85,0.6,18.97,144.81098287959307,1.374,253,9,0,-0.9368813462954315,-0.34964745525122826,188.50013791920713,132.20043908315017,153.8469283424065
2024-09-10,28.075,84.25,5.625,14.45,17.2775,158.64543076532132,1.396,254,9,1,-0.9427611433904206,-0.33346877891818705,144.81098287959307,144.3433336022601,155.89008507998668
2024-09-11,28.575,80.5,5.7,0.4,19.17,185.491303675494,1.284,255,9,2,-0.9483615800121716,-0.31719128858910595,158.64543076532132,157.8982002559873,159.83195699705908
2024-09-12,28.75,77.0,6.1,0.1,17.4,133.27530161798816,1.443,256,9,3,-0.9536809966304455,-0.300819807635668,185.491303675494,147.60240074618432,157.7852285501739
2024-09-13,27.725,80.5,7.25,1.325,15.2225,124.09593979065477,1.633,257,9,4,-0.9587178169872964,-0.2843591872810036,133.27530161798816,127.46466774183394,157.30398170000544
2024-09-14,27.525,78.5,7.575,1.9749999999999999,18.427500000000002,174.42320703009355,1.493,258,9,5,-0.9634705485641486,-0.26781430516217486,124.09593979065477,166.30877525177976,158.46318623976458
2024-09-15,27.825,75.25,6.2,0.05,19.7675,169.05445114376587,1.41,259,9,6,-0.9679377830240642,-0.25119006388481957,174.42320703009355,188.50013791920713,155.6852309861301
2024-09-16,28.05,69.75,6.2,0.0,20.75,99.45136344591076,1.505,260,9,0,-0.9721181966290612,-0.23449138957041052,169.05445114376587,144.81098287959307,149.20528535274693
2024-09-17,28.45,69.5,5.375,0.2,20.044999999999998,130.49625212471616,1.499,261,9,1,-0.9760105506323682,-0.21772323039653224,99.45136344591076,158.64543076532132,145.18397411837475
2024-09-18,28.0,75.5,5.275,0.75,17.1725,144.75773508683517,1.57,262,9,2,-0.9796136916454901,-0.20089055513063528,130.49625212471616,185.491303675494,139.3648928914235
2024-09-19,26.65,78.0,7.1499999999999995,6.199999999999999,11.2,165.45056693325614,1.605,263,9,3,-0.9829265519799822,-0.18399835165767986,144.75773508683517,133.27530161798816,143.9613593650332
2024-09-20,27.425,73.25,5.4,0.0,19.855,163.40567141529075,1.594,264,9,4,-0.9859481499638303,-0.1670516255021195,165.45056693325614,124.09593979065477,149.5770353114098
2024-09-21,28.8,71.0,4.15,0.0,19.275,166.5098949421089,1.559,265,9,5,-0.9886775902323404,-0.15005539834465262,163.40567141529075,174.42320703009355,148.4465621559834
2024-09-22,29.825,69.75,4.8500000000000005,0.0,18.2325,170.11545494343082,1.774,266,9,6,-0.9911140639934546,-0.13301470653419636,166.5098949421089,169.05445114376587,148.5981341273641
2024-09-23,30.525,68.5,5.825,0.0,18.9375,148.8607660902946,1.818,267,9,0,-0.9932568492674143,-0.11593459959550066,170.11545494343082,99.45136344591076,155.65662021941895
2024-09-24,30.575000000000003,68.25,4.15,0.0,18.7325,149.2902295148569,1.858,268,9,1,-0.9951053111006974,-0.09882013873287211,148.8607660902946,130.49625212471616,158.34147413229616
2024-09-25,30.474999999999998,71.5,7.325,0.325,17.2825,148.91953767664995,1.913,269,9,2,-0.99665890175417,-0.08167639533042288,149.2902295148569,144.75773508683517,158.93601735941257
2024-09-26,27.799999999999997,79.5,10.925,4.75,12.035,124.90677324456237,2.085,270,9,3,-0.9979171608653922,-0.06450844944931625,148.91953767664995,165.45056693325614,153.14404683245633
2024-09-27,28.075,76.25,6.475,0.7250000000000001,17.4425,130.88829185718762,1.912,271,9,4,-0.9988797155850335,-0.04732138832243232,124.90677324456237,163.40567141529075,148.49870689558446
2024-09-28,27.75,75.25,6.05,2.85,16.5925,160.13746353257176,2.134,272,9,5,-0.9995462806873573,-0.03012030484690836,130.88829185718762,166.5098949421089,147.58835955136485
2024-09-29,27.6,73.5,5.55,0.05,17.3975,137.4202899777893,1.989,273,9,6,-0.9999166586547379,-0.012910296075008843,160.13746353257176,170.11545494343082,142.91762169913036
2024-09-30,28.075,71.75,7.65,0.0,17.71,129.48468757184312,2.187,274,9,0,-0.9999907397361901,0.004303538296243821,137.4202899777893,148.8607660902946,140.14961048220871
2024-10-01,28.85,71.0,7.05,0.0,18.1775,189.19885810993514,2.186,275,10,1,-0.9997685019798909,0.021516097436222233,129.48468757184312,149.2902295148569,145.85084313864846
2024-10-02,29.2,67.5,5.975,0.0,18.302500000000002,120.52292433945954,2.318,276,10,2,-0.9992500112396835,0.03872228089217399,189.19885810993514,148.91953767664995,141.7941840904784
2024-10-03,28.775,64.75,5.375,0.0,18.33,147.90725598177016,2.494,277,10,3,-0.9984354211555643,0.05591699010060302,120.52292433945954,124.90677324456237,145.07996733865096
2024-10-04,28.775,62.5,5.125,0.0,17.947499999999998,174.70785986210936,2.532,278,10,4,-0.9973249731081555,0.07309512989807776,147.90725598177016,130.88829185718762,151.33990562506833
2024-10-05,28.1,62.75,6.95,1.825,16.61,110.82900450059829,3.004,279,10,5,-0.9959189961471792,0.0902516100310407,174.70785986210936,160.13746353257176,144.29584004907215
2024-10-06,27.225,63.25,7.9,0.35,16.5275,128.55085385926776,2.96,280,10,6,-0.994217906893952,0.10738134666416306,110.82900450059829,137.4202899777893,143.0287777464262
2024-10-07,26.575,65.5,5.775,0.0,17.4175,151.2595756599055,2.779,281,10,0,-0.9922222094179324,0.12447926388678869,128.55085385926776,129.48468757184312,146.13947604472082
2024-10-08,26.15,65.75,6.5,1.275,16.1525,104.46024367208497,3.027,282,10,1,-0.989932495087353,0.141540295217043,151.2595756599055,189.19885810993514,134.03395969645652
2024-10-09,26.275,62.0,8.15,0.0,16.875,95.49181582155467,3.012,283,10,2,-0.9873494423939864,0.15855938510313475,104.46024367208497,120.52292433945954,130.45808705104153
2024-10-10,25.9,52.75,9.2,0.0,17.0625,102.1660301104329,3.291,284,10,3,-0.9844738167520923,0.17553149042142777,95.49181582155467,147.90725598177016,123.92362621227906
2024-10-11,25.575000000000003,55.5,8.25,0.0,17.085,115.4570026068755,3.598,285,10,4,-0.9813064702716093,0.19245158197082995,102.1660301104329,174.70785986210936,115.45921803295995
2024-10-12,25.675,57.0,6.6,0.0,16.885,114.83820559992773,3.38,286,10,5,-0.9778483415056567,0.20931464596304888,115.4570026068755,110.82900450059829,116.03196104714986
2024-10-13,25.55,56.75,6.325,0.0,16.64,135.7538792898387,3.875,287,10,6,-0.9741004551724206,0.22611568550828803,114.83820559992773,128.55085385926776,117.06096468008856
2024-10-14,25.5,53.75,7.0,0.0,16.2425,140.33507316987087,3.669,288,10,0,-0.970063921851507,0.2428497220959358,135.7538792898387,151.2595756599055,115.50032146722648
2024-10-15,25.575,53.25,7.300000000000001,0.0,16.3525,115.96720997901403,3.793,289,10,1,-0.965739937654855,0.25951179706979943,140.33507316987087,104.46024367208497,117.14417379678777
2024-10-16,25.5,56.5,5.525,0.0,15.6625,117.80269147147696,3.944,290,10,2,-0.9611297838723007,0.27609697309746883,115.96720997901403,95.49181582155467,120.33144174677668
2024-10-17,25.55,60.25,6.275,0.0,15.9475,150.15233001953644,4.058,291,10,3,-0.9562348265919058,0.2926003356333479,117.80269147147696,102.1660301104329,127.18662744807718
2024-10-18,25.8,59.75,6.175,0.0,15.675,112.6567129152414,4.379,292,10,4,-0.9510565162951536,0.30901699437494723,150.15233001953644,115.4570026068755,126.78658606355802
2024-10-19,25.9,61.0,5.725,0.0,15.5,151.97055003132888,4.244,293,10,5,-0.9455963874271428,0.3253420847119795,112.6567129152414,114.83820559992773,132.09120669661533
2024-10-20,25.475,64.0,5.525,0.0,15.309999999999999,114.33938547116074,4.377,294,10,6,-0.9398560579418953,0.341570769167856,151.97055003132888,135.7538792898387,129.03199329394704
2024-10-21,25.3,66.25,5.425000000000001,0.0,15.03,124.8660386158863,5.539,295,10,0,-0.9338372288229252,0.35769823883312546,114.33938547116074,140.33507316987087,126.82213121480639
2024-10-22,25.4,65.75,5.0,0.0,14.717500000000001,161.89876161470198,4.596,296,10,1,-0.9275416835791965,0.3737197147904692,124.8660386158863,115.96720997901403,133.3837814484761
2024-10-23,25.5,63.0,7.6,0.0,14.895,111.65282219733922,4.744,297,10,2,-0.9209712877166347,0.38963044953078774,161.89876161470198,117.80269147147696,132.50522869502785
2024-10-24,25.2,60.75,9.225,0.0,14.942499999999999,173.91015152037716,4.741,298,10,3,-0.9141279881853337,0.4054257283599973,111.65282219733922,150.15233001953644,135.89920319514795
2024-10-25,24.725,61.25,8.15,0.0,14.9575,101.48990688826964,4.84,299,10,4,-0.9070138128026362,0.42110087079608916,173.91015152037716,112.6567129152414,134.30394519129484
2024-10-26,24.575,65.25,5.875,0.0,14.565,137.83981247827847,4.965,300,10,5,-0.8996308696522434,0.4366512319560638,101.48990688826964,151.97055003132888,132.28526839800193
2024-10-27,24.825,69.75,6.8,0.0,14.3625,131.40088731199685,5.19,301,10,6,-0.8919813464595487,0.45207220393230374,137.83981247827847,114.33938547116074,134.72262580383565
2024-10-28,25.25,70.0,7.5,0.0,14.23,128.8437928689118,5.029,302,10,0,-0.8840675099433637,0.46735921715800205,131.40088731199685,124.8660386158863,135.29087641141072
2024-10-29,25.8,68.75,7.0,0.0,14.0325,144.58928500218215,5.03,303,10,1,-0.8758917051442433,0.48250774176121763,128.8437928689118,161.89876161470198,132.8180940381936
2024-10-30,25.625,66.75,6.45,0.0,13.8475,153.72621716657545,5.039,304,10,2,-0.8674563547295971,0.4975132889071803,144.58928500218215,111.65282219733922,138.8285790337988
2024-10-31,24.675,60.0,9.35,0.0,14.075,122.17546380469369,5.516,305,10,3,-0.858763958275803,0.5123714121284235,153.72621716657545,173.91015152037716,131.4379093601297
2024-11-01,23.4,59.0,7.825,0.0,14.29,115.32057112119185,5.362,306,11,4,-0.8498170915275277,0.5270777086423724,122.17546380469369,101.48990688826964,133.41371853626146
2024-11-02,23.0,59.75,5.275,0.0,13.967500000000001,108.72816196914334,5.114,307,11,5,-0.8406184056344783,0.5416278206559811,115.32057112119185,137.83981247827847,129.25491132067074
2024-11-03,22.5,63.75,6.05,0.0,13.625,146.55879883516195,5.0,308,11,6,-0.8311706263658079,0.5560174366570446,108.72816196914334,131.40088731199685,131.42032725255146
2024-11-04,22.95,66.75,6.074999999999999,0.0,13.475,131.12630795162974,4.947,309,11,0,-0.8214765533024145,0.5702422926917867,146.55879883516195,128.8437928689118,131.7464008357969
2024-11-05,22.925,71.25,6.925,0.0,13.0275,140.77627798072405,4.903,310,11,1,-0.8115390590073611,0.5842981736283683,131.12630795162974,144.58928500218215,131.20168554701715
2024-11-06,23.05,72.0,5.1,0.0,12.9175,141.0114096673055,4.813,311,11,2,-0.801361088174677,0.5981809144059158,140.77627798072405,153.72621716657545,129.38528447569288
2024-11-07,22.95,75.25,5.325,0.0,12.8275,169.50024988050936,4.914,312,11,3,-0.7909456567567774,0.6118864012687242,141.0114096673055,122.17546380469369,136.1459682008094
2024-11-08,23.075000000000003,76.0,5.45,0.0,12.6225,161.79049559824588,4.928,313,11,4,-0.780295851070776,0.6254105729852457,169.50024988050936,115.32057112119185,142.78452884038853
2024-11-09,23.0,76.5,6.05,0.0,12.32,136.55965137094947,4.592,314,11,5,-0.7694148268839381,0.6387494220515268,161.79049559824588,108.72816196914334,146.7604558977894
2024-11-10,22.7,78.5,5.175,0.0,12.3375,146.22303175879247,4.773,315,11,6,-0.7583058084785625,0.6518989958787125,136.55965137094947,146.55879883516195,146.71248917259376
2024-11-11,22.475,76.0,6.225,0.175,12.0125,150.18479304958828,4.545,316,11,0,-0.7469720876965551,0.6648553979642866,146.22303175879247,131.12630795162974,149.43512990087356
2024-11-12,22.075,75.75,5.625,0.0,12.415,139.5361965801706,4.361,317,11,1,-0.7354170229639858,0.6776147890466887,150.18479304958828,140.77627798072405,149.2579754150802
2024-11-13,21.6,77.25,5.15,0.0,12.0975,158.04936532448627,4.535,318,11,2,-0.7236440382959124,0.690173388242972,139.5361965801706,141.0114096673055,151.69196908039177
2024-11-14,21.025,74.25,4.925,0.0,11.809999999999999,125.26749282563173,4.068,319,11,3,-0.711656622281775,0.7025274741691566,158.04936532448627,169.50024988050936,145.37300378683784
2024-11-15,20.45,74.25,6.375,0.0,11.955,161.53797593691,3.964,320,11,4,-0.6994583270516471,0.7146733860429608,125.26749282563173,161.79049559824588,145.3369295495041
2024-11-16,20.075,74.25,5.85,0.3,11.5075,145.0655683893292,3.85,321,11,5,-0.6870527672236675,0.7266075247685652,161.53797593691,136.55965137094947,146.5520605521298
2024-11-17,18.825,79.25,6.15,0.0,11.6725,136.19661368845274,3.672,322,11,6,-0.6744436188329457,0.7383263540031063,145.0655683893292,146.22303175879247,145.11971511350984
2024-11-18,18.475,71.0,6.1499999999999995,0.0,12.2375,116.55296542266997,3.538,323,11,0,-0.661634618242279,0.749826401204568,136.19661368845274,150.18479304958828,140.31516830966436
2024-11-19,17.8,66.75,4.7,0.0,12.2475,133.5428466620959,3.815,324,11,1,-0.6486295610349818,0.7611042586607742,116.55296542266997,139.5361965801706,139.45897546422512
2024-11-20,17.7,68.25,4.8,0.0,12.245000000000001,162.85539119698004,3.321,325,11,2,-0.6354323008901775,0.7721565844991641,133.5428466620959,158.04936532448627,140.1455505888671
2024-11-21,17.75,70.75,4.225,0.0,11.98,154.70747236345915,3.142,326,11,3,-0.622046748440868,0.7829801036770624,162.85539119698004,125.26749282563173,144.35126195141385
2024-11-22,18.2,71.25,4.45,0.0,11.7675,129.5858912680464,3.04,327,11,4,-0.6084768701151264,0.7935716089521472,154.70747236345915,161.53797593691,139.7866784272905
2024-11-23,18.925,66.5,6.449999999999999,0.1,11.27,172.78206521043353,3.157,328,11,5,-0.594726686960764,0.8039279618328208,129.5858912680464,145.0655683893292,143.74617797316253
2024-11-24,19.0,68.0,5.925,0.9,11.445,142.2751141513924,2.799,329,11,6,-0.5808002734538013,0.8140460935082175,172.78206521043353,136.19661368845274,144.61453518215393
2024-11-25,18.0,70.5,7.825,0.0,11.715,152.2024844970723,2.664,330,11,0,-0.5667017562911184,0.8239230057575536,142.2751141513924,116.55296542266997,149.70732362135422
2024-11-26,17.425,68.75,5.875,0.0,11.7425,142.14509593076906,2.561,331,11,1,-0.5524353131676203,0.8335557718385695,152.2024844970723,133.5428466620959,150.93621637402183
2024-11-27,16.975,68.75,4.125,0.0,11.74,161.22977114202956,2.67,332,11,2,-0.5380051715382992,0.8429415373547832,142.14509593076906,162.85539119698004,150.70398493760032
2024-11-28,16.925,71.0,3.175,0.0,11.5975,138.42474363734573,2.537,333,11,3,-0.5234156073655503,0.8520775211013093,161.22977114202956,154.70747236345915,148.37788083386982
2024-11-29,16.775,73.5,4.375,0.0,11.335,135.31363632820702,2.852,334,11,4,-0.5086709438521042,0.8609610158889945,138.42474363734573,129.5858912680464,149.1961301281785
2024-11-30,17.2,71.5,7.275,0.0,10.815000000000001,104.43036605410416,2.205,335,11,5,-0.49377555015997737,0.8695893893466109,135.31363632820702,172.78206521043353,139.43160167727433
